indicator,iso3,year,value,source,downloaded_at,is_estimate,n_countries
AG.LND.FRST.ZS,ARG,2010,10.9,World Bank API v2,2026-09-24T17:30:00Z,False,
AG.LND.FRST.ZS,ARG,2011,10.9,World Bank API v2,2026-09-24T17:30:00Z,False,
AG.LND.FRST.ZS,ARG,2012,10.8,World Bank API v2,2026-09-24T17:30:00Z,False,
AG.LND.FRST.ZS,ARG,2013,10.8,World Bank API v2,2026-09-24T17:30:00Z,False,
AG.LND.FRST.ZS,ARG,2014,10.7,World Bank API v2,2026-09-24T17:30:00Z,False,
AG.LND.FRST.ZS,ARG,2015,10.7,World Bank API v2,2026-09-24T17:30:00Z,False,
AG.LND.FRST.ZS,ARG,2016,10.6,World Bank API v2,2026-09-24T17:30:00Z,False,
AG.LND.FRST.ZS,ARG,2017,10.6,World Bank API v2,2026-09-24T17:30:00Z,False,
AG.LND.FRST.ZS,ARG,2018,10.6,World Bank API v2,2026-09-24T17:30:00Z,False,
AG.LND.FRST.ZS,ARG,2019,10.5,World Bank API v2,2026-09-24T17:30:00Z,False,
AG.LND.FRST.ZS,ARG,2020,10.5,World Bank API v2,2026-09-24T17:30:00Z,False,
AG.LND.FRST.ZS,ARG,2021,10.4,World Bank API v2,2026-09-24T17:30:00Z,False,
AG.LND.FRST.ZS,ARG,2022,10.4,World Bank API v2,2026-09-24T17:30:00Z,False,
AG.LND.FRST.ZS,ARG,2023,10.3,World Bank API v2,2026-09-24T17:30:00Z,False,
AG.LND.FRST.ZS,ARG,2024,10.3,World Bank API v2,2026-09-24T17:30:00Z,False,
AG.LND.FRST.ZS,BOL,2010,52.8,World Bank API v2,2026-09-24T17:30:00Z,False,
AG.LND.FRST.ZS,BOL,2011,52.6,World Bank API v2,2026-09-24T17:30:00Z,False,
AG.LND.FRST.ZS,BOL,2012,52.4,World Bank API v2,2026-09-24T17:30:00Z,False,
AG.LND.FRST.ZS,BOL,2013,52.1,World Bank API v2,2026-09-24T17:30:00Z,False,
AG.LND.FRST.ZS,BOL,2014,51.9,World Bank API v2,2026-09-24T17:30:00Z,False,
AG.LND.FRST.ZS,BOL,2015,51.7,World Bank API v2,2026-09-24T17:30:00Z,False,
AG.LND.FRST.ZS,BOL,2016,51.5,World Bank API v2,2026-09-24T17:30:00Z,False,
AG.LND.FRST.ZS,BOL,2017,51.3,World Bank API v2,2026-09-24T17:30:00Z,False,
AG.LND.FRST.ZS,BOL,2018,51.2,World Bank API v2,2026-09-24T17:30:00Z,False,
AG.LND.FRST.ZS,BOL,2019,51.0,World Bank API v2,2026-09-24T17:30:00Z,False,
AG.LND.FRST.ZS,BOL,2020,50.8,World Bank API v2,2026-09-24T17:30:00Z,False,
AG.LND.FRST.ZS,BOL,2021,50.6,World Bank API v2,2026-09-24T17:30:00Z,False,
AG.LND.FRST.ZS,BOL,2022,50.3,World Bank API v2,2026-09-24T17:30:00Z,False,
AG.LND.FRST.ZS,BOL,2023,50.1,World Bank API v2,2026-09-24T17:30:00Z,False,
AG.LND.FRST.ZS,BOL,2024,49.9,World Bank API v2,2026-09-24T17:30:00Z,False,
AG.LND.FRST.ZS,BRA,2010,61.2,World Bank API v2,2026-09-24T17:30:00Z,False,
AG.LND.FRST.ZS,BRA,2011,61.1,World Bank API v2,2026-09-24T17:30:00Z,False,
AG.LND.FRST.ZS,BRA,2012,60.9,World Bank API v2,2026-09-24T17:30:00Z,False,
AG.LND.FRST.ZS,BRA,2013,60.7,World Bank API v2,2026-09-24T17:30:00Z,False,
AG.LND.FRST.ZS,BRA,2014,60.6,World Bank API v2,2026-09-24T17:30:00Z,False,
AG.LND.FRST.ZS,BRA,2015,60.4,World Bank API v2,2026-09-24T17:30:00Z,False,
AG.LND.FRST.ZS,BRA,2016,60.3,World Bank API v2,2026-09-24T17:30:00Z,False,
AG.LND.FRST.ZS,BRA,2017,60.1,World Bank API v2,2026-09-24T17:30:00Z,False,
AG.LND.FRST.ZS,BRA,2018,60.0,World Bank API v2,2026-09-24T17:30:00Z,False,
AG.LND.FRST.ZS,BRA,2019,59.8,World Bank API v2,2026-09-24T17:30:00Z,False,
AG.LND.FRST.ZS,BRA,2020,59.7,World Bank API v2,2026-09-24T17:30:00Z,False,
AG.LND.FRST.ZS,BRA,2021,59.6,World Bank API v2,2026-09-24T17:30:00Z,False,
AG.LND.FRST.ZS,BRA,2022,59.4,World Bank API v2,2026-09-24T17:30:00Z,False,
AG.LND.FRST.ZS,BRA,2023,59.3,World Bank API v2,2026-09-24T17:30:00Z,False,
AG.LND.FRST.ZS,BRA,2024,59.1,World Bank API v2,2026-09-24T17:30:00Z,False,
AG.LND.FRST.ZS,CHL,2010,22.9,World Bank API v2,2026-09-24T17:30:00Z,False,
AG.LND.FRST.ZS,CHL,2011,23.0,World Bank API v2,2026-09-24T17:30:00Z,False,
AG.LND.FRST.ZS,CHL,2012,23.1,World Bank API v2,2026-09-24T17:30:00Z,False,
AG.LND.FRST.ZS,CHL,2013,23.3,World Bank API v2,2026-09-24T17:30:00Z,False,
AG.LND.FRST.ZS,CHL,2014,23.4,World Bank API v2,2026-09-24T17:30:00Z,False,
AG.LND.FRST.ZS,CHL,2015,23.5,World Bank API v2,2026-09-24T17:30:00Z,False,
AG.LND.FRST.ZS,CHL,2016,23.7,World Bank API v2,2026-09-24T17:30:00Z,False,
AG.LND.FRST.ZS,CHL,2017,23.8,World Bank API v2,2026-09-24T17:30:00Z,False,
AG.LND.FRST.ZS,CHL,2018,23.9,World Bank API v2,2026-09-24T17:30:00Z,False,
AG.LND.FRST.ZS,CHL,2019,24.0,World Bank API v2,2026-09-24T17:30:00Z,False,
AG.LND.FRST.ZS,CHL,2020,24.1,World Bank API v2,2026-09-24T17:30:00Z,False,
AG.LND.FRST.ZS,CHL,2021,24.2,World Bank API v2,2026-09-24T17:30:00Z,False,
AG.LND.FRST.ZS,CHL,2022,24.3,World Bank API v2,2026-09-24T17:30:00Z,False,
AG.LND.FRST.ZS,CHL,2023,24.4,World Bank API v2,2026-09-24T17:30:00Z,False,
AG.LND.FRST.ZS,CHL,2024,24.6,World Bank API v2,2026-09-24T17:30:00Z,False,
AG.LND.FRST.ZS,COL,2010,54.8,World Bank API v2,2026-09-24T17:30:00Z,False,
AG.LND.FRST.ZS,COL,2011,54.7,World Bank API v2,2026-09-24T17:30:00Z,False,
AG.LND.FRST.ZS,COL,2012,54.5,World Bank API v2,2026-09-24T17:30:00Z,False,
AG.LND.FRST.ZS,COL,2013,54.4,World Bank API v2,2026-09-24T17:30:00Z,False,
AG.LND.FRST.ZS,COL,2014,54.2,World Bank API v2,2026-09-24T17:30:00Z,False,
AG.LND.FRST.ZS,COL,2015,54.1,World Bank API v2,2026-09-24T17:30:00Z,False,
AG.LND.FRST.ZS,COL,2016,54.0,World Bank API v2,2026-09-24T17:30:00Z,False,
AG.LND.FRST.ZS,COL,2017,53.8,World Bank API v2,2026-09-24T17:30:00Z,False,
AG.LND.FRST.ZS,COL,2018,53.7,World Bank API v2,2026-09-24T17:30:00Z,False,
AG.LND.FRST.ZS,COL,2019,53.6,World Bank API v2,2026-09-24T17:30:00Z,False,
AG.LND.FRST.ZS,COL,2020,53.5,World Bank API v2,2026-09-24T17:30:00Z,False,
AG.LND.FRST.ZS,COL,2021,53.3,World Bank API v2,2026-09-24T17:30:00Z,False,
AG.LND.FRST.ZS,COL,2022,53.2,World Bank API v2,2026-09-24T17:30:00Z,False,
AG.LND.FRST.ZS,COL,2023,53.0,World Bank API v2,2026-09-24T17:30:00Z,False,
AG.LND.FRST.ZS,COL,2024,52.9,World Bank API v2,2026-09-24T17:30:00Z,False,
AG.LND.FRST.ZS,CRI,2010,56.2,World Bank API v2,2026-09-24T17:30:00Z,False,
AG.LND.FRST.ZS,CRI,2011,56.5,World Bank API v2,2026-09-24T17:30:00Z,False,
AG.LND.FRST.ZS,CRI,2012,56.7,World Bank API v2,2026-09-24T17:30:00Z,False,
AG.LND.FRST.ZS,CRI,2013,57.0,World Bank API v2,2026-09-24T17:30:00Z,False,
AG.LND.FRST.ZS,CRI,2014,57.3,World Bank API v2,2026-09-24T17:30:00Z,False,
AG.LND.FRST.ZS,CRI,2015,57.6,World Bank API v2,2026-09-24T17:30:00Z,False,
AG.LND.FRST.ZS,CRI,2016,57.8,World Bank API v2,2026-09-24T17:30:00Z,False,
AG.LND.FRST.ZS,CRI,2017,58.2,World Bank API v2,2026-09-24T17:30:00Z,False,
AG.LND.FRST.ZS,CRI,2018,58.5,World Bank API v2,2026-09-24T17:30:00Z,False,
AG.LND.FRST.ZS,CRI,2019,58.8,World Bank API v2,2026-09-24T17:30:00Z,False,
AG.LND.FRST.ZS,CRI,2020,59.2,World Bank API v2,2026-09-24T17:30:00Z,False,
AG.LND.FRST.ZS,CRI,2021,59.5,World Bank API v2,2026-09-24T17:30:00Z,False,
AG.LND.FRST.ZS,CRI,2022,59.9,World Bank API v2,2026-09-24T17:30:00Z,False,
AG.LND.FRST.ZS,CRI,2023,60.2,World Bank API v2,2026-09-24T17:30:00Z,False,
AG.LND.FRST.ZS,CRI,2024,60.5,World Bank API v2,2026-09-24T17:30:00Z,False,
AG.LND.FRST.ZS,CUB,2010,28.4,World Bank API v2,2026-09-24T17:30:00Z,False,
AG.LND.FRST.ZS,CUB,2011,28.6,World Bank API v2,2026-09-24T17:30:00Z,False,
AG.LND.FRST.ZS,CUB,2012,28.9,World Bank API v2,2026-09-24T17:30:00Z,False,
AG.LND.FRST.ZS,CUB,2013,29.1,World Bank API v2,2026-09-24T17:30:00Z,False,
AG.LND.FRST.ZS,CUB,2014,29.3,World Bank API v2,2026-09-24T17:30:00Z,False,
AG.LND.FRST.ZS,CUB,2015,29.5,World Bank API v2,2026-09-24T17:30:00Z,False,
AG.LND.FRST.ZS,CUB,2016,29.6,World Bank API v2,2026-09-24T17:30:00Z,False,
AG.LND.FRST.ZS,CUB,2017,29.8,World Bank API v2,2026-09-24T17:30:00Z,False,
AG.LND.FRST.ZS,CUB,2018,30.0,World Bank API v2,2026-09-24T17:30:00Z,False,
AG.LND.FRST.ZS,CUB,2019,30.1,World Bank API v2,2026-09-24T17:30:00Z,False,
AG.LND.FRST.ZS,CUB,2020,30.3,World Bank API v2,2026-09-24T17:30:00Z,False,
AG.LND.FRST.ZS,CUB,2021,30.5,World Bank API v2,2026-09-24T17:30:00Z,False,
AG.LND.FRST.ZS,CUB,2022,30.7,World Bank API v2,2026-09-24T17:30:00Z,False,
AG.LND.FRST.ZS,CUB,2023,31.0,World Bank API v2,2026-09-24T17:30:00Z,False,
AG.LND.FRST.ZS,CUB,2024,31.2,World Bank API v2,2026-09-24T17:30:00Z,False,
AG.LND.FRST.ZS,DOM,2010,41.2,World Bank API v2,2026-09-24T17:30:00Z,False,
AG.LND.FRST.ZS,DOM,2011,41.4,World Bank API v2,2026-09-24T17:30:00Z,False,
AG.LND.FRST.ZS,DOM,2012,41.6,World Bank API v2,2026-09-24T17:30:00Z,False,
AG.LND.FRST.ZS,DOM,2013,41.8,World Bank API v2,2026-09-24T17:30:00Z,False,
AG.LND.FRST.ZS,DOM,2014,42.1,World Bank API v2,2026-09-24T17:30:00Z,False,
AG.LND.FRST.ZS,DOM,2015,42.3,World Bank API v2,2026-09-24T17:30:00Z,False,
AG.LND.FRST.ZS,DOM,2016,42.6,World Bank API v2,2026-09-24T17:30:00Z,False,
AG.LND.FRST.ZS,DOM,2017,42.8,World Bank API v2,2026-09-24T17:30:00Z,False,
AG.LND.FRST.ZS,DOM,2018,43.1,World Bank API v2,2026-09-24T17:30:00Z,False,
AG.LND.FRST.ZS,DOM,2019,43.4,World Bank API v2,2026-09-24T17:30:00Z,False,
AG.LND.FRST.ZS,DOM,2020,43.6,World Bank API v2,2026-09-24T17:30:00Z,False,
AG.LND.FRST.ZS,DOM,2021,43.9,World Bank API v2,2026-09-24T17:30:00Z,False,
AG.LND.FRST.ZS,DOM,2022,44.1,World Bank API v2,2026-09-24T17:30:00Z,False,
AG.LND.FRST.ZS,DOM,2023,44.3,World Bank API v2,2026-09-24T17:30:00Z,False,
AG.LND.FRST.ZS,DOM,2024,44.5,World Bank API v2,2026-09-24T17:30:00Z,False,
AG.LND.FRST.ZS,ECU,2010,52.5,World Bank API v2,2026-09-24T17:30:00Z,False,
AG.LND.FRST.ZS,ECU,2011,52.3,World Bank API v2,2026-09-24T17:30:00Z,False,
AG.LND.FRST.ZS,ECU,2012,52.1,World Bank API v2,2026-09-24T17:30:00Z,False,
AG.LND.FRST.ZS,ECU,2013,51.9,World Bank API v2,2026-09-24T17:30:00Z,False,
AG.LND.FRST.ZS,ECU,2014,51.7,World Bank API v2,2026-09-24T17:30:00Z,False,
AG.LND.FRST.ZS,ECU,2015,51.5,World Bank API v2,2026-09-24T17:30:00Z,False,
AG.LND.FRST.ZS,ECU,2016,51.3,World Bank API v2,2026-09-24T17:30:00Z,False,
AG.LND.FRST.ZS,ECU,2017,51.1,World Bank API v2,2026-09-24T17:30:00Z,False,
AG.LND.FRST.ZS,ECU,2018,50.9,World Bank API v2,2026-09-24T17:30:00Z,False,
AG.LND.FRST.ZS,ECU,2019,50.8,World Bank API v2,2026-09-24T17:30:00Z,False,
AG.LND.FRST.ZS,ECU,2020,50.6,World Bank API v2,2026-09-24T17:30:00Z,False,
AG.LND.FRST.ZS,ECU,2021,50.4,World Bank API v2,2026-09-24T17:30:00Z,False,
AG.LND.FRST.ZS,ECU,2022,50.2,World Bank API v2,2026-09-24T17:30:00Z,False,
AG.LND.FRST.ZS,ECU,2023,50.0,World Bank API v2,2026-09-24T17:30:00Z,False,
AG.LND.FRST.ZS,ECU,2024,49.8,World Bank API v2,2026-09-24T17:30:00Z,False,
AG.LND.FRST.ZS,GTM,2010,35.2,World Bank API v2,2026-09-24T17:30:00Z,False,
AG.LND.FRST.ZS,GTM,2011,35.0,World Bank API v2,2026-09-24T17:30:00Z,False,
AG.LND.FRST.ZS,GTM,2012,34.8,World Bank API v2,2026-09-24T17:30:00Z,False,
AG.LND.FRST.ZS,GTM,2013,34.7,World Bank API v2,2026-09-24T17:30:00Z,False,
AG.LND.FRST.ZS,GTM,2014,34.5,World Bank API v2,2026-09-24T17:30:00Z,False,
AG.LND.FRST.ZS,GTM,2015,34.3,World Bank API v2,2026-09-24T17:30:00Z,False,
AG.LND.FRST.ZS,GTM,2016,34.2,World Bank API v2,2026-09-24T17:30:00Z,False,
AG.LND.FRST.ZS,GTM,2017,34.0,World Bank API v2,2026-09-24T17:30:00Z,False,
AG.LND.FRST.ZS,GTM,2018,33.8,World Bank API v2,2026-09-24T17:30:00Z,False,
AG.LND.FRST.ZS,GTM,2019,33.7,World Bank API v2,2026-09-24T17:30:00Z,False,
AG.LND.FRST.ZS,GTM,2020,33.5,World Bank API v2,2026-09-24T17:30:00Z,False,
AG.LND.FRST.ZS,GTM,2021,33.3,World Bank API v2,2026-09-24T17:30:00Z,False,
AG.LND.FRST.ZS,GTM,2022,33.2,World Bank API v2,2026-09-24T17:30:00Z,False,
AG.LND.FRST.ZS,GTM,2023,33.0,World Bank API v2,2026-09-24T17:30:00Z,False,
AG.LND.FRST.ZS,GTM,2024,32.8,World Bank API v2,2026-09-24T17:30:00Z,False,
AG.LND.FRST.ZS,HND,2010,58.2,World Bank API v2,2026-09-24T17:30:00Z,False,
AG.LND.FRST.ZS,HND,2011,58.0,World Bank API v2,2026-09-24T17:30:00Z,False,
AG.LND.FRST.ZS,HND,2012,57.9,World Bank API v2,2026-09-24T17:30:00Z,False,
AG.LND.FRST.ZS,HND,2013,57.8,World Bank API v2,2026-09-24T17:30:00Z,False,
AG.LND.FRST.ZS,HND,2014,57.6,World Bank API v2,2026-09-24T17:30:00Z,False,
AG.LND.FRST.ZS,HND,2015,57.5,World Bank API v2,2026-09-24T17:30:00Z,False,
AG.LND.FRST.ZS,HND,2016,57.3,World Bank API v2,2026-09-24T17:30:00Z,False,
AG.LND.FRST.ZS,HND,2017,57.2,World Bank API v2,2026-09-24T17:30:00Z,False,
AG.LND.FRST.ZS,HND,2018,57.0,World Bank API v2,2026-09-24T17:30:00Z,False,
AG.LND.FRST.ZS,HND,2019,56.9,World Bank API v2,2026-09-24T17:30:00Z,False,
AG.LND.FRST.ZS,HND,2020,56.7,World Bank API v2,2026-09-24T17:30:00Z,False,
AG.LND.FRST.ZS,HND,2021,56.5,World Bank API v2,2026-09-24T17:30:00Z,False,
AG.LND.FRST.ZS,HND,2022,56.4,World Bank API v2,2026-09-24T17:30:00Z,False,
AG.LND.FRST.ZS,HND,2023,56.2,World Bank API v2,2026-09-24T17:30:00Z,False,
AG.LND.FRST.ZS,HND,2024,56.1,World Bank API v2,2026-09-24T17:30:00Z,False,
AG.LND.FRST.ZS,HTI,2010,13.2,World Bank API v2,2026-09-24T17:30:00Z,False,
AG.LND.FRST.ZS,HTI,2011,13.1,World Bank API v2,2026-09-24T17:30:00Z,False,
AG.LND.FRST.ZS,HTI,2012,13.1,World Bank API v2,2026-09-24T17:30:00Z,False,
AG.LND.FRST.ZS,HTI,2013,13.0,World Bank API v2,2026-09-24T17:30:00Z,False,
AG.LND.FRST.ZS,HTI,2014,13.0,World Bank API v2,2026-09-24T17:30:00Z,False,
AG.LND.FRST.ZS,HTI,2015,12.9,World Bank API v2,2026-09-24T17:30:00Z,False,
AG.LND.FRST.ZS,HTI,2016,12.9,World Bank API v2,2026-09-24T17:30:00Z,False,
AG.LND.FRST.ZS,HTI,2017,12.8,World Bank API v2,2026-09-24T17:30:00Z,False,
AG.LND.FRST.ZS,HTI,2018,12.7,World Bank API v2,2026-09-24T17:30:00Z,False,
AG.LND.FRST.ZS,HTI,2019,12.7,World Bank API v2,2026-09-24T17:30:00Z,False,
AG.LND.FRST.ZS,HTI,2020,12.6,World Bank API v2,2026-09-24T17:30:00Z,False,
AG.LND.FRST.ZS,HTI,2021,12.6,World Bank API v2,2026-09-24T17:30:00Z,False,
AG.LND.FRST.ZS,HTI,2022,12.5,World Bank API v2,2026-09-24T17:30:00Z,False,
AG.LND.FRST.ZS,HTI,2023,12.5,World Bank API v2,2026-09-24T17:30:00Z,False,
AG.LND.FRST.ZS,HTI,2024,12.4,World Bank API v2,2026-09-24T17:30:00Z,False,
AG.LND.FRST.ZS,LATAM_AVG,2010,40.3,Promedio simple LATAM (n=20/20 países),2026-09-24T17:00:00Z,False,20
AG.LND.FRST.ZS,LATAM_AVG,2011,40.3,Promedio simple LATAM (n=20/20 países),2026-09-24T17:00:00Z,False,20
AG.LND.FRST.ZS,LATAM_AVG,2012,40.2,Promedio simple LATAM (n=20/20 países),2026-09-24T17:00:00Z,False,20
AG.LND.FRST.ZS,LATAM_AVG,2013,40.1,Promedio simple LATAM (n=20/20 países),2026-09-24T17:00:00Z,False,20
AG.LND.FRST.ZS,LATAM_AVG,2014,40.0,Promedio simple LATAM (n=20/20 países),2026-09-24T17:00:00Z,False,20
AG.LND.FRST.ZS,LATAM_AVG,2015,40.0,Promedio simple LATAM (n=20/20 países),2026-09-24T17:00:00Z,False,20
AG.LND.FRST.ZS,LATAM_AVG,2016,39.9,Promedio simple LATAM (n=20/20 países),2026-09-24T17:00:00Z,False,20
AG.LND.FRST.ZS,LATAM_AVG,2017,39.8,Promedio simple LATAM (n=20/20 países),2026-09-24T17:00:00Z,False,20
AG.LND.FRST.ZS,LATAM_AVG,2018,39.8,Promedio simple LATAM (n=20/20 países),2026-09-24T17:00:00Z,False,20
AG.LND.FRST.ZS,LATAM_AVG,2019,39.7,Promedio simple LATAM (n=20/20 países),2026-09-24T17:00:00Z,False,20
AG.LND.FRST.ZS,LATAM_AVG,2020,39.7,Promedio simple LATAM (n=20/20 países),2026-09-24T17:00:00Z,False,20
AG.LND.FRST.ZS,LATAM_AVG,2021,39.6,Promedio simple LATAM (n=20/20 países),2026-09-24T17:00:00Z,False,20
AG.LND.FRST.ZS,LATAM_AVG,2022,39.5,Promedio simple LATAM (n=20/20 países),2026-09-24T17:00:00Z,False,20
AG.LND.FRST.ZS,LATAM_AVG,2023,39.5,Promedio simple LATAM (n=20/20 países),2026-09-24T17:00:00Z,False,20
AG.LND.FRST.ZS,LATAM_AVG,2024,39.4,Promedio simple LATAM (n=20/20 países),2026-09-24T17:00:00Z,False,20
AG.LND.FRST.ZS,LCN,2010,48.2,World Bank API v2,2026-09-24T17:30:00Z,False,
AG.LND.FRST.ZS,LCN,2011,48.1,World Bank API v2,2026-09-24T17:30:00Z,False,
AG.LND.FRST.ZS,LCN,2012,48.0,World Bank API v2,2026-09-24T17:30:00Z,False,
AG.LND.FRST.ZS,LCN,2013,47.8,World Bank API v2,2026-09-24T17:30:00Z,False,
AG.LND.FRST.ZS,LCN,2014,47.7,World Bank API v2,2026-09-24T17:30:00Z,False,
AG.LND.FRST.ZS,LCN,2015,47.6,World Bank API v2,2026-09-24T17:30:00Z,False,
AG.LND.FRST.ZS,LCN,2016,47.5,World Bank API v2,2026-09-24T17:30:00Z,False,
AG.LND.FRST.ZS,LCN,2017,47.4,World Bank API v2,2026-09-24T17:30:00Z,False,
AG.LND.FRST.ZS,LCN,2018,47.2,World Bank API v2,2026-09-24T17:30:00Z,False,
AG.LND.FRST.ZS,LCN,2019,47.1,World Bank API v2,2026-09-24T17:30:00Z,False,
AG.LND.FRST.ZS,LCN,2020,47.0,World Bank API v2,2026-09-24T17:30:00Z,False,
AG.LND.FRST.ZS,LCN,2021,46.9,World Bank API v2,2026-09-24T17:30:00Z,False,
AG.LND.FRST.ZS,LCN,2022,46.7,World Bank API v2,2026-09-24T17:30:00Z,False,
AG.LND.FRST.ZS,LCN,2023,46.6,World Bank API v2,2026-09-24T17:30:00Z,False,
AG.LND.FRST.ZS,LCN,2024,46.5,World Bank API v2,2026-09-24T17:30:00Z,False,
AG.LND.FRST.ZS,MEX,2010,34.4,World Bank API v2,2026-09-24T17:30:00Z,False,
AG.LND.FRST.ZS,MEX,2011,34.3,World Bank API v2,2026-09-24T17:30:00Z,False,
AG.LND.FRST.ZS,MEX,2012,34.3,World Bank API v2,2026-09-24T17:30:00Z,False,
AG.LND.FRST.ZS,MEX,2013,34.2,World Bank API v2,2026-09-24T17:30:00Z,False,
AG.LND.FRST.ZS,MEX,2014,34.2,World Bank API v2,2026-09-24T17:30:00Z,False,
AG.LND.FRST.ZS,MEX,2015,34.1,World Bank API v2,2026-09-24T17:30:00Z,False,
AG.LND.FRST.ZS,MEX,2016,34.1,World Bank API v2,2026-09-24T17:30:00Z,False,
AG.LND.FRST.ZS,MEX,2017,34.0,World Bank API v2,2026-09-24T17:30:00Z,False,
AG.LND.FRST.ZS,MEX,2018,33.9,World Bank API v2,2026-09-24T17:30:00Z,False,
AG.LND.FRST.ZS,MEX,2019,33.9,World Bank API v2,2026-09-24T17:30:00Z,False,
AG.LND.FRST.ZS,MEX,2020,33.8,World Bank API v2,2026-09-24T17:30:00Z,False,
AG.LND.FRST.ZS,MEX,2021,33.8,World Bank API v2,2026-09-24T17:30:00Z,False,
AG.LND.FRST.ZS,MEX,2022,33.7,World Bank API v2,2026-09-24T17:30:00Z,False,
AG.LND.FRST.ZS,MEX,2023,33.7,World Bank API v2,2026-09-24T17:30:00Z,False,
AG.LND.FRST.ZS,MEX,2024,33.6,World Bank API v2,2026-09-24T17:30:00Z,False,
AG.LND.FRST.ZS,NIC,2010,31.5,World Bank API v2,2026-09-24T17:30:00Z,False,
AG.LND.FRST.ZS,NIC,2011,31.2,World Bank API v2,2026-09-24T17:30:00Z,False,
AG.LND.FRST.ZS,NIC,2012,31.0,World Bank API v2,2026-09-24T17:30:00Z,False,
AG.LND.FRST.ZS,NIC,2013,30.7,World Bank API v2,2026-09-24T17:30:00Z,False,
AG.LND.FRST.ZS,NIC,2014,30.5,World Bank API v2,2026-09-24T17:30:00Z,False,
AG.LND.FRST.ZS,NIC,2015,30.2,World Bank API v2,2026-09-24T17:30:00Z,False,
AG.LND.FRST.ZS,NIC,2016,30.0,World Bank API v2,2026-09-24T17:30:00Z,False,
AG.LND.FRST.ZS,NIC,2017,29.7,World Bank API v2,2026-09-24T17:30:00Z,False,
AG.LND.FRST.ZS,NIC,2018,29.4,World Bank API v2,2026-09-24T17:30:00Z,False,
AG.LND.FRST.ZS,NIC,2019,29.1,World Bank API v2,2026-09-24T17:30:00Z,False,
AG.LND.FRST.ZS,NIC,2020,28.9,World Bank API v2,2026-09-24T17:30:00Z,False,
AG.LND.FRST.ZS,NIC,2021,28.6,World Bank API v2,2026-09-24T17:30:00Z,False,
AG.LND.FRST.ZS,NIC,2022,28.3,World Bank API v2,2026-09-24T17:30:00Z,False,
AG.LND.FRST.ZS,NIC,2023,28.0,World Bank API v2,2026-09-24T17:30:00Z,False,
AG.LND.FRST.ZS,NIC,2024,27.8,World Bank API v2,2026-09-24T17:30:00Z,False,
AG.LND.FRST.ZS,OED,2010,31.4,World Bank API v2,2026-09-24T17:30:00Z,False,
AG.LND.FRST.ZS,OED,2011,31.4,World Bank API v2,2026-09-24T17:30:00Z,False,
AG.LND.FRST.ZS,OED,2012,31.4,World Bank API v2,2026-09-24T17:30:00Z,False,
AG.LND.FRST.ZS,OED,2013,31.5,World Bank API v2,2026-09-24T17:30:00Z,False,
AG.LND.FRST.ZS,OED,2014,31.5,World Bank API v2,2026-09-24T17:30:00Z,False,
AG.LND.FRST.ZS,OED,2015,31.6,World Bank API v2,2026-09-24T17:30:00Z,False,
AG.LND.FRST.ZS,OED,2016,31.6,World Bank API v2,2026-09-24T17:30:00Z,False,
AG.LND.FRST.ZS,OED,2017,31.6,World Bank API v2,2026-09-24T17:30:00Z,False,
AG.LND.FRST.ZS,OED,2018,31.6,World Bank API v2,2026-09-24T17:30:00Z,False,
AG.LND.FRST.ZS,OED,2019,31.7,World Bank API v2,2026-09-24T17:30:00Z,False,
AG.LND.FRST.ZS,OED,2020,31.7,World Bank API v2,2026-09-24T17:30:00Z,False,
AG.LND.FRST.ZS,OED,2021,31.7,World Bank API v2,2026-09-24T17:30:00Z,False,
AG.LND.FRST.ZS,OED,2022,31.7,World Bank API v2,2026-09-24T17:30:00Z,False,
AG.LND.FRST.ZS,OED,2023,31.7,World Bank API v2,2026-09-24T17:30:00Z,False,
AG.LND.FRST.ZS,OED,2024,31.8,World Bank API v2,2026-09-24T17:30:00Z,False,
AG.LND.FRST.ZS,PAN,2010,58.4,World Bank API v2,2026-09-24T17:30:00Z,False,
AG.LND.FRST.ZS,PAN,2011,58.3,World Bank API v2,2026-09-24T17:30:00Z,False,
AG.LND.FRST.ZS,PAN,2012,58.1,World Bank API v2,2026-09-24T17:30:00Z,False,
AG.LND.FRST.ZS,PAN,2013,58.0,World Bank API v2,2026-09-24T17:30:00Z,False,
AG.LND.FRST.ZS,PAN,2014,57.9,World Bank API v2,2026-09-24T17:30:00Z,False,
AG.LND.FRST.ZS,PAN,2015,57.8,World Bank API v2,2026-09-24T17:30:00Z,False,
AG.LND.FRST.ZS,PAN,2016,57.6,World Bank API v2,2026-09-24T17:30:00Z,False,
AG.LND.FRST.ZS,PAN,2017,57.5,World Bank API v2,2026-09-24T17:30:00Z,False,
AG.LND.FRST.ZS,PAN,2018,57.4,World Bank API v2,2026-09-24T17:30:00Z,False,
AG.LND.FRST.ZS,PAN,2019,57.2,World Bank API v2,2026-09-24T17:30:00Z,False,
AG.LND.FRST.ZS,PAN,2020,57.1,World Bank API v2,2026-09-24T17:30:00Z,False,
AG.LND.FRST.ZS,PAN,2021,57.0,World Bank API v2,2026-09-24T17:30:00Z,False,
AG.LND.FRST.ZS,PAN,2022,56.8,World Bank API v2,2026-09-24T17:30:00Z,False,
AG.LND.FRST.ZS,PAN,2023,56.7,World Bank API v2,2026-09-24T17:30:00Z,False,
AG.LND.FRST.ZS,PAN,2024,56.6,World Bank API v2,2026-09-24T17:30:00Z,False,
AG.LND.FRST.ZS,PER,2010,57.8,World Bank API v2,2026-09-24T17:30:00Z,False,
AG.LND.FRST.ZS,PER,2011,57.7,World Bank API v2,2026-09-24T17:30:00Z,False,
AG.LND.FRST.ZS,PER,2012,57.6,World Bank API v2,2026-09-24T17:30:00Z,False,
AG.LND.FRST.ZS,PER,2013,57.4,World Bank API v2,2026-09-24T17:30:00Z,False,
AG.LND.FRST.ZS,PER,2014,57.3,World Bank API v2,2026-09-24T17:30:00Z,False,
AG.LND.FRST.ZS,PER,2015,57.2,World Bank API v2,2026-09-24T17:30:00Z,False,
AG.LND.FRST.ZS,PER,2016,57.1,World Bank API v2,2026-09-24T17:30:00Z,False,
AG.LND.FRST.ZS,PER,2017,57.0,World Bank API v2,2026-09-24T17:30:00Z,False,
AG.LND.FRST.ZS,PER,2018,56.9,World Bank API v2,2026-09-24T17:30:00Z,False,
AG.LND.FRST.ZS,PER,2019,56.8,World Bank API v2,2026-09-24T17:30:00Z,False,
AG.LND.FRST.ZS,PER,2020,56.7,World Bank API v2,2026-09-24T17:30:00Z,False,
AG.LND.FRST.ZS,PER,2021,56.6,World Bank API v2,2026-09-24T17:30:00Z,False,
AG.LND.FRST.ZS,PER,2022,56.4,World Bank API v2,2026-09-24T17:30:00Z,False,
AG.LND.FRST.ZS,PER,2023,56.3,World Bank API v2,2026-09-24T17:30:00Z,False,
AG.LND.FRST.ZS,PER,2024,56.2,World Bank API v2,2026-09-24T17:30:00Z,False,
AG.LND.FRST.ZS,PRY,2010,44.3,World Bank API v2,2026-09-24T17:30:00Z,False,
AG.LND.FRST.ZS,PRY,2011,43.8,World Bank API v2,2026-09-24T17:30:00Z,False,
AG.LND.FRST.ZS,PRY,2012,43.3,World Bank API v2,2026-09-24T17:30:00Z,False,
AG.LND.FRST.ZS,PRY,2013,42.8,World Bank API v2,2026-09-24T17:30:00Z,False,
AG.LND.FRST.ZS,PRY,2014,42.3,World Bank API v2,2026-09-24T17:30:00Z,False,
AG.LND.FRST.ZS,PRY,2015,41.8,World Bank API v2,2026-09-24T17:30:00Z,False,
AG.LND.FRST.ZS,PRY,2016,41.4,World Bank API v2,2026-09-24T17:30:00Z,False,
AG.LND.FRST.ZS,PRY,2017,40.9,World Bank API v2,2026-09-24T17:30:00Z,False,
AG.LND.FRST.ZS,PRY,2018,40.5,World Bank API v2,2026-09-24T17:30:00Z,False,
AG.LND.FRST.ZS,PRY,2019,40.1,World Bank API v2,2026-09-24T17:30:00Z,False,
AG.LND.FRST.ZS,PRY,2020,39.6,World Bank API v2,2026-09-24T17:30:00Z,False,
AG.LND.FRST.ZS,PRY,2021,39.2,World Bank API v2,2026-09-24T17:30:00Z,False,
AG.LND.FRST.ZS,PRY,2022,38.8,World Bank API v2,2026-09-24T17:30:00Z,False,
AG.LND.FRST.ZS,PRY,2023,38.4,World Bank API v2,2026-09-24T17:30:00Z,False,
AG.LND.FRST.ZS,PRY,2024,37.9,World Bank API v2,2026-09-24T17:30:00Z,False,
AG.LND.FRST.ZS,SLV,2010,29.4,World Bank API v2,2026-09-24T17:30:00Z,False,
AG.LND.FRST.ZS,SLV,2011,29.3,World Bank API v2,2026-09-24T17:30:00Z,False,
AG.LND.FRST.ZS,SLV,2012,29.2,World Bank API v2,2026-09-24T17:30:00Z,False,
AG.LND.FRST.ZS,SLV,2013,29.1,World Bank API v2,2026-09-24T17:30:00Z,False,
AG.LND.FRST.ZS,SLV,2014,29.0,World Bank API v2,2026-09-24T17:30:00Z,False,
AG.LND.FRST.ZS,SLV,2015,28.9,World Bank API v2,2026-09-24T17:30:00Z,False,
AG.LND.FRST.ZS,SLV,2016,28.7,World Bank API v2,2026-09-24T17:30:00Z,False,
AG.LND.FRST.ZS,SLV,2017,28.6,World Bank API v2,2026-09-24T17:30:00Z,False,
AG.LND.FRST.ZS,SLV,2018,28.5,World Bank API v2,2026-09-24T17:30:00Z,False,
AG.LND.FRST.ZS,SLV,2019,28.4,World Bank API v2,2026-09-24T17:30:00Z,False,
AG.LND.FRST.ZS,SLV,2020,28.3,World Bank API v2,2026-09-24T17:30:00Z,False,
AG.LND.FRST.ZS,SLV,2021,28.2,World Bank API v2,2026-09-24T17:30:00Z,False,
AG.LND.FRST.ZS,SLV,2022,28.1,World Bank API v2,2026-09-24T17:30:00Z,False,
AG.LND.FRST.ZS,SLV,2023,28.0,World Bank API v2,2026-09-24T17:30:00Z,False,
AG.LND.FRST.ZS,SLV,2024,27.9,World Bank API v2,2026-09-24T17:30:00Z,False,
AG.LND.FRST.ZS,URY,2010,10.2,World Bank API v2,2026-09-24T17:30:00Z,False,
AG.LND.FRST.ZS,URY,2011,10.3,World Bank API v2,2026-09-24T17:30:00Z,False,
AG.LND.FRST.ZS,URY,2012,10.4,World Bank API v2,2026-09-24T17:30:00Z,False,
AG.LND.FRST.ZS,URY,2013,10.5,World Bank API v2,2026-09-24T17:30:00Z,False,
AG.LND.FRST.ZS,URY,2014,10.6,World Bank API v2,2026-09-24T17:30:00Z,False,
AG.LND.FRST.ZS,URY,2015,10.8,World Bank API v2,2026-09-24T17:30:00Z,False,
AG.LND.FRST.ZS,URY,2016,10.9,World Bank API v2,2026-09-24T17:30:00Z,False,
AG.LND.FRST.ZS,URY,2017,11.0,World Bank API v2,2026-09-24T17:30:00Z,False,
AG.LND.FRST.ZS,URY,2018,11.2,World Bank API v2,2026-09-24T17:30:00Z,False,
AG.LND.FRST.ZS,URY,2019,11.3,World Bank API v2,2026-09-24T17:30:00Z,False,
AG.LND.FRST.ZS,URY,2020,11.5,World Bank API v2,2026-09-24T17:30:00Z,False,
AG.LND.FRST.ZS,URY,2021,11.6,World Bank API v2,2026-09-24T17:30:00Z,False,
AG.LND.FRST.ZS,URY,2022,11.7,World Bank API v2,2026-09-24T17:30:00Z,False,
AG.LND.FRST.ZS,URY,2023,11.8,World Bank API v2,2026-09-24T17:30:00Z,False,
AG.LND.FRST.ZS,URY,2024,11.9,World Bank API v2,2026-09-24T17:30:00Z,False,
AG.LND.FRST.ZS,VEN,2010,53.2,World Bank API v2,2026-09-24T17:30:00Z,False,
AG.LND.FRST.ZS,VEN,2011,53.1,World Bank API v2,2026-09-24T17:30:00Z,False,
AG.LND.FRST.ZS,VEN,2012,53.0,World Bank API v2,2026-09-24T17:30:00Z,False,
AG.LND.FRST.ZS,VEN,2013,53.0,World Bank API v2,2026-09-24T17:30:00Z,False,
AG.LND.FRST.ZS,VEN,2014,52.9,World Bank API v2,2026-09-24T17:30:00Z,False,
AG.LND.FRST.ZS,VEN,2015,52.8,World Bank API v2,2026-09-24T17:30:00Z,False,
AG.LND.FRST.ZS,VEN,2016,52.7,World Bank API v2,2026-09-24T17:30:00Z,False,
AG.LND.FRST.ZS,VEN,2017,52.7,World Bank API v2,2026-09-24T17:30:00Z,False,
AG.LND.FRST.ZS,VEN,2018,52.6,World Bank API v2,2026-09-24T17:30:00Z,False,
AG.LND.FRST.ZS,VEN,2019,52.5,World Bank API v2,2026-09-24T17:30:00Z,False,
AG.LND.FRST.ZS,VEN,2020,52.4,World Bank API v2,2026-09-24T17:30:00Z,False,
AG.LND.FRST.ZS,VEN,2021,52.3,World Bank API v2,2026-09-24T17:30:00Z,False,
AG.LND.FRST.ZS,VEN,2022,52.3,World Bank API v2,2026-09-24T17:30:00Z,False,
AG.LND.FRST.ZS,VEN,2023,52.2,World Bank API v2,2026-09-24T17:30:00Z,False,
AG.LND.FRST.ZS,VEN,2024,52.1,World Bank API v2,2026-09-24T17:30:00Z,False,
AG.LND.FRST.ZS,WLD,2010,31.6,World Bank API v2,2026-09-24T17:30:00Z,False,
AG.LND.FRST.ZS,WLD,2011,31.6,World Bank API v2,2026-09-24T17:30:00Z,False,
AG.LND.FRST.ZS,WLD,2012,31.5,World Bank API v2,2026-09-24T17:30:00Z,False,
AG.LND.FRST.ZS,WLD,2013,31.5,World Bank API v2,2026-09-24T17:30:00Z,False,
AG.LND.FRST.ZS,WLD,2014,31.5,World Bank API v2,2026-09-24T17:30:00Z,False,
AG.LND.FRST.ZS,WLD,2015,31.4,World Bank API v2,2026-09-24T17:30:00Z,False,
AG.LND.FRST.ZS,WLD,2016,31.4,World Bank API v2,2026-09-24T17:30:00Z,False,
AG.LND.FRST.ZS,WLD,2017,31.4,World Bank API v2,2026-09-24T17:30:00Z,False,
AG.LND.FRST.ZS,WLD,2018,31.3,World Bank API v2,2026-09-24T17:30:00Z,False,
AG.LND.FRST.ZS,WLD,2019,31.3,World Bank API v2,2026-09-24T17:30:00Z,False,
AG.LND.FRST.ZS,WLD,2020,31.2,World Bank API v2,2026-09-24T17:30:00Z,False,
AG.LND.FRST.ZS,WLD,2021,31.2,World Bank API v2,2026-09-24T17:30:00Z,False,
AG.LND.FRST.ZS,WLD,2022,31.2,World Bank API v2,2026-09-24T17:30:00Z,False,
AG.LND.FRST.ZS,WLD,2023,31.1,World Bank API v2,2026-09-24T17:30:00Z,False,
AG.LND.FRST.ZS,WLD,2024,31.1,World Bank API v2,2026-09-24T17:30:00Z,False,
CEPAL.POV.HARM,ARG,2010,21.4,CEPALSTAT (Serie armonizada),2026-09-24T17:30:00Z,False,
CEPAL.POV.HARM,ARG,2011,22.5,CEPALSTAT (Serie armonizada),2026-09-24T17:30:00Z,False,
CEPAL.POV.HARM,ARG,2012,23.5,CEPALSTAT (Serie armonizada),2026-09-24T17:30:00Z,False,
CEPAL.POV.HARM,ARG,2013,24.6,CEPALSTAT (Serie armonizada),2026-09-24T17:30:00Z,False,
CEPAL.POV.HARM,ARG,2014,25.6,CEPALSTAT (Serie armonizada),2026-09-24T17:30:00Z,False,
CEPAL.POV.HARM,ARG,2015,26.5,CEPALSTAT (Serie armonizada),2026-09-24T17:30:00Z,False,
CEPAL.POV.HARM,ARG,2016,27.4,CEPALSTAT (Serie armonizada),2026-09-24T17:30:00Z,False,
CEPAL.POV.HARM,ARG,2017,28.2,CEPALSTAT (Serie armonizada),2026-09-24T17:30:00Z,False,
CEPAL.POV.HARM,ARG,2018,29.1,CEPALSTAT (Serie armonizada),2026-09-24T17:30:00Z,False,
CEPAL.POV.HARM,ARG,2019,29.9,CEPALSTAT (Serie armonizada),2026-09-24T17:30:00Z,False,
CEPAL.POV.HARM,ARG,2020,33.7,CEPALSTAT (Serie armonizada),2026-09-24T17:30:00Z,False,
CEPAL.POV.HARM,ARG,2021,31.7,CEPALSTAT (Serie armonizada),2026-09-24T17:30:00Z,False,
CEPAL.POV.HARM,ARG,2022,32.7,CEPALSTAT (Serie armonizada),2026-09-24T17:30:00Z,False,
CEPAL.POV.HARM,ARG,2023,33.7,CEPALSTAT (Serie armonizada),2026-09-24T17:30:00Z,False,
CEPAL.POV.HARM,ARG,2024,34.7,CEPALSTAT (Serie armonizada),2026-09-24T17:30:00Z,False,
CEPAL.POV.HARM,BOL,2010,38.2,CEPALSTAT (Serie armonizada),2026-09-24T17:30:00Z,False,
CEPAL.POV.HARM,BOL,2011,37.6,CEPALSTAT (Serie armonizada),2026-09-24T17:30:00Z,False,
CEPAL.POV.HARM,BOL,2012,37.1,CEPALSTAT (Serie armonizada),2026-09-24T17:30:00Z,False,
CEPAL.POV.HARM,BOL,2013,36.5,CEPALSTAT (Serie armonizada),2026-09-24T17:30:00Z,False,
CEPAL.POV.HARM,BOL,2014,35.8,CEPALSTAT (Serie armonizada),2026-09-24T17:30:00Z,False,
CEPAL.POV.HARM,BOL,2015,35.2,CEPALSTAT (Serie armonizada),2026-09-24T17:30:00Z,False,
CEPAL.POV.HARM,BOL,2016,34.5,CEPALSTAT (Serie armonizada),2026-09-24T17:30:00Z,False,
CEPAL.POV.HARM,BOL,2017,33.8,CEPALSTAT (Serie armonizada),2026-09-24T17:30:00Z,False,
CEPAL.POV.HARM,BOL,2018,33.1,CEPALSTAT (Serie armonizada),2026-09-24T17:30:00Z,False,
CEPAL.POV.HARM,BOL,2019,32.4,CEPALSTAT (Serie armonizada),2026-09-24T17:30:00Z,False,
CEPAL.POV.HARM,BOL,2020,34.7,CEPALSTAT (Serie armonizada),2026-09-24T17:30:00Z,False,
CEPAL.POV.HARM,BOL,2021,31.1,CEPALSTAT (Serie armonizada),2026-09-24T17:30:00Z,False,
CEPAL.POV.HARM,BOL,2022,30.5,CEPALSTAT (Serie armonizada),2026-09-24T17:30:00Z,False,
CEPAL.POV.HARM,BOL,2023,30.0,CEPALSTAT (Serie armonizada),2026-09-24T17:30:00Z,False,
CEPAL.POV.HARM,BOL,2024,29.4,CEPALSTAT (Serie armonizada),2026-09-24T17:30:00Z,False,
CEPAL.POV.HARM,BRA,2010,24.8,CEPALSTAT (Serie armonizada),2026-09-24T17:30:00Z,False,
CEPAL.POV.HARM,BRA,2011,24.6,CEPALSTAT (Serie armonizada),2026-09-24T17:30:00Z,False,
CEPAL.POV.HARM,BRA,2012,24.3,CEPALSTAT (Serie armonizada),2026-09-24T17:30:00Z,False,
CEPAL.POV.HARM,BRA,2013,24.1,CEPALSTAT (Serie armonizada),2026-09-24T17:30:00Z,False,
CEPAL.POV.HARM,BRA,2014,23.9,CEPALSTAT (Serie armonizada),2026-09-24T17:30:00Z,False,
CEPAL.POV.HARM,BRA,2015,23.6,CEPALSTAT (Serie armonizada),2026-09-24T17:30:00Z,False,
CEPAL.POV.HARM,BRA,2016,23.4,CEPALSTAT (Serie armonizada),2026-09-24T17:30:00Z,False,
CEPAL.POV.HARM,BRA,2017,23.1,CEPALSTAT (Serie armonizada),2026-09-24T17:30:00Z,False,
CEPAL.POV.HARM,BRA,2018,22.8,CEPALSTAT (Serie armonizada),2026-09-24T17:30:00Z,False,
CEPAL.POV.HARM,BRA,2019,22.6,CEPALSTAT (Serie armonizada),2026-09-24T17:30:00Z,False,
CEPAL.POV.HARM,BRA,2020,25.2,CEPALSTAT (Serie armonizada),2026-09-24T17:30:00Z,False,
CEPAL.POV.HARM,BRA,2021,22.1,CEPALSTAT (Serie armonizada),2026-09-24T17:30:00Z,False,
CEPAL.POV.HARM,BRA,2022,21.9,CEPALSTAT (Serie armonizada),2026-09-24T17:30:00Z,False,
CEPAL.POV.HARM,BRA,2023,21.6,CEPALSTAT (Serie armonizada),2026-09-24T17:30:00Z,False,
CEPAL.POV.HARM,BRA,2024,21.4,CEPALSTAT (Serie armonizada),2026-09-24T17:30:00Z,False,
CEPAL.POV.HARM,CHL,2010,19.4,CEPALSTAT (Serie armonizada),2026-09-24T17:30:00Z,False,
CEPAL.POV.HARM,CHL,2011,18.8,CEPALSTAT (Serie armonizada),2026-09-24T17:30:00Z,False,
CEPAL.POV.HARM,CHL,2012,18.1,CEPALSTAT (Serie armonizada),2026-09-24T17:30:00Z,False,
CEPAL.POV.HARM,CHL,2013,17.5,CEPALSTAT (Serie armonizada),2026-09-24T17:30:00Z,False,
CEPAL.POV.HARM,CHL,2014,16.9,CEPALSTAT (Serie armonizada),2026-09-24T17:30:00Z,False,
CEPAL.POV.HARM,CHL,2015,16.4,CEPALSTAT (Serie armonizada),2026-09-24T17:30:00Z,False,
CEPAL.POV.HARM,CHL,2016,15.8,CEPALSTAT (Serie armonizada),2026-09-24T17:30:00Z,False,
CEPAL.POV.HARM,CHL,2017,15.3,CEPALSTAT (Serie armonizada),2026-09-24T17:30:00Z,False,
CEPAL.POV.HARM,CHL,2018,14.8,CEPALSTAT (Serie armonizada),2026-09-24T17:30:00Z,False,
CEPAL.POV.HARM,CHL,2019,14.2,CEPALSTAT (Serie armonizada),2026-09-24T17:30:00Z,False,
CEPAL.POV.HARM,CHL,2020,16.6,CEPALSTAT (Serie armonizada),2026-09-24T17:30:00Z,False,
CEPAL.POV.HARM,CHL,2021,13.1,CEPALSTAT (Serie armonizada),2026-09-24T17:30:00Z,False,
CEPAL.POV.HARM,CHL,2022,12.5,CEPALSTAT (Serie armonizada),2026-09-24T17:30:00Z,False,
CEPAL.POV.HARM,CHL,2023,11.9,CEPALSTAT (Serie armonizada),2026-09-24T17:30:00Z,False,
CEPAL.POV.HARM,CHL,2024,11.2,CEPALSTAT (Serie armonizada),2026-09-24T17:30:00Z,False,
CEPAL.POV.HARM,COL,2010,34.2,CEPALSTAT (Serie armonizada),2026-09-24T17:30:00Z,False,
CEPAL.POV.HARM,COL,2011,33.9,CEPALSTAT (Serie armonizada),2026-09-24T17:30:00Z,False,
CEPAL.POV.HARM,COL,2012,33.6,CEPALSTAT (Serie armonizada),2026-09-24T17:30:00Z,False,
CEPAL.POV.HARM,COL,2013,33.3,CEPALSTAT (Serie armonizada),2026-09-24T17:30:00Z,False,
CEPAL.POV.HARM,COL,2014,33.0,CEPALSTAT (Serie armonizada),2026-09-24T17:30:00Z,False,
CEPAL.POV.HARM,COL,2015,32.7,CEPALSTAT (Serie armonizada),2026-09-24T17:30:00Z,False,
CEPAL.POV.HARM,COL,2016,32.3,CEPALSTAT (Serie armonizada),2026-09-24T17:30:00Z,False,
CEPAL.POV.HARM,COL,2017,32.0,CEPALSTAT (Serie armonizada),2026-09-24T17:30:00Z,False,
CEPAL.POV.HARM,COL,2018,31.7,CEPALSTAT (Serie armonizada),2026-09-24T17:30:00Z,False,
CEPAL.POV.HARM,COL,2019,31.3,CEPALSTAT (Serie armonizada),2026-09-24T17:30:00Z,False,
CEPAL.POV.HARM,COL,2020,33.9,CEPALSTAT (Serie armonizada),2026-09-24T17:30:00Z,False,
CEPAL.POV.HARM,COL,2021,30.7,CEPALSTAT (Serie armonizada),2026-09-24T17:30:00Z,False,
CEPAL.POV.HARM,COL,2022,30.4,CEPALSTAT (Serie armonizada),2026-09-24T17:30:00Z,False,
CEPAL.POV.HARM,COL,2023,30.1,CEPALSTAT (Serie armonizada),2026-09-24T17:30:00Z,False,
CEPAL.POV.HARM,COL,2024,29.8,CEPALSTAT (Serie armonizada),2026-09-24T17:30:00Z,False,
CEPAL.POV.HARM,CRI,2010,18.5,CEPALSTAT (Serie armonizada),2026-09-24T17:30:00Z,False,
CEPAL.POV.HARM,CRI,2011,18.2,CEPALSTAT (Serie armonizada),2026-09-24T17:30:00Z,False,
CEPAL.POV.HARM,CRI,2012,18.0,CEPALSTAT (Serie armonizada),2026-09-24T17:30:00Z,False,
CEPAL.POV.HARM,CRI,2013,17.7,CEPALSTAT (Serie armonizada),2026-09-24T17:30:00Z,False,
CEPAL.POV.HARM,CRI,2014,17.5,CEPALSTAT (Serie armonizada),2026-09-24T17:30:00Z,False,
CEPAL.POV.HARM,CRI,2015,17.2,CEPALSTAT (Serie armonizada),2026-09-24T17:30:00Z,False,
CEPAL.POV.HARM,CRI,2016,17.0,CEPALSTAT (Serie armonizada),2026-09-24T17:30:00Z,False,
CEPAL.POV.HARM,CRI,2017,16.7,CEPALSTAT (Serie armonizada),2026-09-24T17:30:00Z,False,
CEPAL.POV.HARM,CRI,2018,16.4,CEPALSTAT (Serie armonizada),2026-09-24T17:30:00Z,False,
CEPAL.POV.HARM,CRI,2019,16.1,CEPALSTAT (Serie armonizada),2026-09-24T17:30:00Z,False,
CEPAL.POV.HARM,CRI,2020,18.8,CEPALSTAT (Serie armonizada),2026-09-24T17:30:00Z,False,
CEPAL.POV.HARM,CRI,2021,15.6,CEPALSTAT (Serie armonizada),2026-09-24T17:30:00Z,False,
CEPAL.POV.HARM,CRI,2022,15.3,CEPALSTAT (Serie armonizada),2026-09-24T17:30:00Z,False,
CEPAL.POV.HARM,CRI,2023,15.0,CEPALSTAT (Serie armonizada),2026-09-24T17:30:00Z,False,
CEPAL.POV.HARM,CRI,2024,14.8,CEPALSTAT (Serie armonizada),2026-09-24T17:30:00Z,False,
CEPAL.POV.HARM,CUB,2010,17.9,CEPALSTAT (Serie armonizada),2026-09-24T17:30:00Z,False,
CEPAL.POV.HARM,CUB,2011,18.2,CEPALSTAT (Serie armonizada),2026-09-24T17:30:00Z,False,
CEPAL.POV.HARM,CUB,2012,18.5,CEPALSTAT (Serie armonizada),2026-09-24T17:30:00Z,False,
CEPAL.POV.HARM,CUB,2013,18.8,CEPALSTAT (Serie armonizada),2026-09-24T17:30:00Z,False,
CEPAL.POV.HARM,CUB,2014,19.0,CEPALSTAT (Serie armonizada),2026-09-24T17:30:00Z,False,
CEPAL.POV.HARM,CUB,2015,19.3,CEPALSTAT (Serie armonizada),2026-09-24T17:30:00Z,False,
CEPAL.POV.HARM,CUB,2016,19.6,CEPALSTAT (Serie armonizada),2026-09-24T17:30:00Z,False,
CEPAL.POV.HARM,CUB,2017,19.8,CEPALSTAT (Serie armonizada),2026-09-24T17:30:00Z,False,
CEPAL.POV.HARM,CUB,2018,20.1,CEPALSTAT (Serie armonizada),2026-09-24T17:30:00Z,False,
CEPAL.POV.HARM,CUB,2019,20.3,CEPALSTAT (Serie armonizada),2026-09-24T17:30:00Z,False,
CEPAL.POV.HARM,CUB,2020,23.4,CEPALSTAT (Serie armonizada),2026-09-24T17:30:00Z,False,
CEPAL.POV.HARM,CUB,2021,20.7,CEPALSTAT (Serie armonizada),2026-09-24T17:30:00Z,False,
CEPAL.POV.HARM,CUB,2022,20.9,CEPALSTAT (Serie armonizada),2026-09-24T17:30:00Z,False,
CEPAL.POV.HARM,CUB,2023,21.2,CEPALSTAT (Serie armonizada),2026-09-24T17:30:00Z,False,
CEPAL.POV.HARM,CUB,2024,21.4,CEPALSTAT (Serie armonizada),2026-09-24T17:30:00Z,False,
CEPAL.POV.HARM,DOM,2010,34.8,CEPALSTAT (Serie armonizada),2026-09-24T17:30:00Z,False,
CEPAL.POV.HARM,DOM,2011,33.6,CEPALSTAT (Serie armonizada),2026-09-24T17:30:00Z,False,
CEPAL.POV.HARM,DOM,2012,32.5,CEPALSTAT (Serie armonizada),2026-09-24T17:30:00Z,False,
CEPAL.POV.HARM,DOM,2013,31.3,CEPALSTAT (Serie armonizada),2026-09-24T17:30:00Z,False,
CEPAL.POV.HARM,DOM,2014,30.2,CEPALSTAT (Serie armonizada),2026-09-24T17:30:00Z,False,
CEPAL.POV.HARM,DOM,2015,29.2,CEPALSTAT (Serie armonizada),2026-09-24T17:30:00Z,False,
CEPAL.POV.HARM,DOM,2016,28.1,CEPALSTAT (Serie armonizada),2026-09-24T17:30:00Z,False,
CEPAL.POV.HARM,DOM,2017,27.2,CEPALSTAT (Serie armonizada),2026-09-24T17:30:00Z,False,
CEPAL.POV.HARM,DOM,2018,26.2,CEPALSTAT (Serie armonizada),2026-09-24T17:30:00Z,False,
CEPAL.POV.HARM,DOM,2019,25.2,CEPALSTAT (Serie armonizada),2026-09-24T17:30:00Z,False,
CEPAL.POV.HARM,DOM,2020,27.1,CEPALSTAT (Serie armonizada),2026-09-24T17:30:00Z,False,
CEPAL.POV.HARM,DOM,2021,23.1,CEPALSTAT (Serie armonizada),2026-09-24T17:30:00Z,False,
CEPAL.POV.HARM,DOM,2022,22.0,CEPALSTAT (Serie armonizada),2026-09-24T17:30:00Z,False,
CEPAL.POV.HARM,DOM,2023,20.8,CEPALSTAT (Serie armonizada),2026-09-24T17:30:00Z,False,
CEPAL.POV.HARM,DOM,2024,19.6,CEPALSTAT (Serie armonizada),2026-09-24T17:30:00Z,False,
CEPAL.POV.HARM,ECU,2010,31.1,CEPALSTAT (Serie armonizada),2026-09-24T17:30:00Z,False,
CEPAL.POV.HARM,ECU,2011,30.8,CEPALSTAT (Serie armonizada),2026-09-24T17:30:00Z,False,
CEPAL.POV.HARM,ECU,2012,30.4,CEPALSTAT (Serie armonizada),2026-09-24T17:30:00Z,False,
CEPAL.POV.HARM,ECU,2013,30.0,CEPALSTAT (Serie armonizada),2026-09-24T17:30:00Z,False,
CEPAL.POV.HARM,ECU,2014,29.7,CEPALSTAT (Serie armonizada),2026-09-24T17:30:00Z,False,
CEPAL.POV.HARM,ECU,2015,29.3,CEPALSTAT (Serie armonizada),2026-09-24T17:30:00Z,False,
CEPAL.POV.HARM,ECU,2016,29.0,CEPALSTAT (Serie armonizada),2026-09-24T17:30:00Z,False,
CEPAL.POV.HARM,ECU,2017,28.6,CEPALSTAT (Serie armonizada),2026-09-24T17:30:00Z,False,
CEPAL.POV.HARM,ECU,2018,28.2,CEPALSTAT (Serie armonizada),2026-09-24T17:30:00Z,False,
CEPAL.POV.HARM,ECU,2019,27.8,CEPALSTAT (Serie armonizada),2026-09-24T17:30:00Z,False,
CEPAL.POV.HARM,ECU,2020,30.2,CEPALSTAT (Serie armonizada),2026-09-24T17:30:00Z,False,
CEPAL.POV.HARM,ECU,2021,26.9,CEPALSTAT (Serie armonizada),2026-09-24T17:30:00Z,False,
CEPAL.POV.HARM,ECU,2022,26.5,CEPALSTAT (Serie armonizada),2026-09-24T17:30:00Z,False,
CEPAL.POV.HARM,ECU,2023,26.1,CEPALSTAT (Serie armonizada),2026-09-24T17:30:00Z,False,
CEPAL.POV.HARM,ECU,2024,25.7,CEPALSTAT (Serie armonizada),2026-09-24T17:30:00Z,False,
CEPAL.POV.HARM,GTM,2010,51.2,CEPALSTAT (Serie armonizada),2026-09-24T17:30:00Z,False,
CEPAL.POV.HARM,GTM,2011,51.0,CEPALSTAT (Serie armonizada),2026-09-24T17:30:00Z,False,
CEPAL.POV.HARM,GTM,2012,50.7,CEPALSTAT (Serie armonizada),2026-09-24T17:30:00Z,False,
CEPAL.POV.HARM,GTM,2013,50.4,CEPALSTAT (Serie armonizada),2026-09-24T17:30:00Z,False,
CEPAL.POV.HARM,GTM,2014,50.2,CEPALSTAT (Serie armonizada),2026-09-24T17:30:00Z,False,
CEPAL.POV.HARM,GTM,2015,49.9,CEPALSTAT (Serie armonizada),2026-09-24T17:30:00Z,False,
CEPAL.POV.HARM,GTM,2016,49.6,CEPALSTAT (Serie armonizada),2026-09-24T17:30:00Z,False,
CEPAL.POV.HARM,GTM,2017,49.3,CEPALSTAT (Serie armonizada),2026-09-24T17:30:00Z,False,
CEPAL.POV.HARM,GTM,2018,49.0,CEPALSTAT (Serie armonizada),2026-09-24T17:30:00Z,False,
CEPAL.POV.HARM,GTM,2019,48.8,CEPALSTAT (Serie armonizada),2026-09-24T17:30:00Z,False,
CEPAL.POV.HARM,GTM,2020,51.4,CEPALSTAT (Serie armonizada),2026-09-24T17:30:00Z,False,
CEPAL.POV.HARM,GTM,2021,48.3,CEPALSTAT (Serie armonizada),2026-09-24T17:30:00Z,False,
CEPAL.POV.HARM,GTM,2022,48.0,CEPALSTAT (Serie armonizada),2026-09-24T17:30:00Z,False,
CEPAL.POV.HARM,GTM,2023,47.8,CEPALSTAT (Serie armonizada),2026-09-24T17:30:00Z,False,
CEPAL.POV.HARM,GTM,2024,47.5,CEPALSTAT (Serie armonizada),2026-09-24T17:30:00Z,False,
CEPAL.POV.HARM,HND,2010,58.5,CEPALSTAT (Serie armonizada),2026-09-24T17:30:00Z,False,
CEPAL.POV.HARM,HND,2011,58.1,CEPALSTAT (Serie armonizada),2026-09-24T17:30:00Z,False,
CEPAL.POV.HARM,HND,2012,57.6,CEPALSTAT (Serie armonizada),2026-09-24T17:30:00Z,False,
CEPAL.POV.HARM,HND,2013,57.2,CEPALSTAT (Serie armonizada),2026-09-24T17:30:00Z,False,
CEPAL.POV.HARM,HND,2014,56.7,CEPALSTAT (Serie armonizada),2026-09-24T17:30:00Z,False,
CEPAL.POV.HARM,HND,2015,56.3,CEPALSTAT (Serie armonizada),2026-09-24T17:30:00Z,False,
CEPAL.POV.HARM,HND,2016,55.9,CEPALSTAT (Serie armonizada),2026-09-24T17:30:00Z,False,
CEPAL.POV.HARM,HND,2017,55.5,CEPALSTAT (Serie armonizada),2026-09-24T17:30:00Z,False,
CEPAL.POV.HARM,HND,2018,55.1,CEPALSTAT (Serie armonizada),2026-09-24T17:30:00Z,False,
CEPAL.POV.HARM,HND,2019,54.8,CEPALSTAT (Serie armonizada),2026-09-24T17:30:00Z,False,
CEPAL.POV.HARM,HND,2020,57.3,CEPALSTAT (Serie armonizada),2026-09-24T17:30:00Z,False,
CEPAL.POV.HARM,HND,2021,54.1,CEPALSTAT (Serie armonizada),2026-09-24T17:30:00Z,False,
CEPAL.POV.HARM,HND,2022,53.7,CEPALSTAT (Serie armonizada),2026-09-24T17:30:00Z,False,
CEPAL.POV.HARM,HND,2023,53.3,CEPALSTAT (Serie armonizada),2026-09-24T17:30:00Z,False,
CEPAL.POV.HARM,HND,2024,52.9,CEPALSTAT (Serie armonizada),2026-09-24T17:30:00Z,False,
CEPAL.POV.HARM,HTI,2010,64.2,CEPALSTAT (Serie armonizada),2026-09-24T17:30:00Z,False,
CEPAL.POV.HARM,HTI,2011,64.0,CEPALSTAT (Serie armonizada),2026-09-24T17:30:00Z,False,
CEPAL.POV.HARM,HTI,2012,63.8,CEPALSTAT (Serie armonizada),2026-09-24T17:30:00Z,False,
CEPAL.POV.HARM,HTI,2013,63.7,CEPALSTAT (Serie armonizada),2026-09-24T17:30:00Z,False,
CEPAL.POV.HARM,HTI,2014,63.5,CEPALSTAT (Serie armonizada),2026-09-24T17:30:00Z,False,
CEPAL.POV.HARM,HTI,2015,63.4,CEPALSTAT (Serie armonizada),2026-09-24T17:30:00Z,False,
CEPAL.POV.HARM,HTI,2016,63.2,CEPALSTAT (Serie armonizada),2026-09-24T17:30:00Z,False,
CEPAL.POV.HARM,HTI,2017,63.0,CEPALSTAT (Serie armonizada),2026-09-24T17:30:00Z,False,
CEPAL.POV.HARM,HTI,2018,62.8,CEPALSTAT (Serie armonizada),2026-09-24T17:30:00Z,False,
CEPAL.POV.HARM,HTI,2019,62.7,CEPALSTAT (Serie armonizada),2026-09-24T17:30:00Z,False,
CEPAL.POV.HARM,HTI,2020,65.4,CEPALSTAT (Serie armonizada),2026-09-24T17:30:00Z,False,
CEPAL.POV.HARM,HTI,2021,62.3,CEPALSTAT (Serie armonizada),2026-09-24T17:30:00Z,False,
CEPAL.POV.HARM,HTI,2022,62.1,CEPALSTAT (Serie armonizada),2026-09-24T17:30:00Z,False,
CEPAL.POV.HARM,HTI,2023,61.9,CEPALSTAT (Serie armonizada),2026-09-24T17:30:00Z,False,
CEPAL.POV.HARM,HTI,2024,61.8,CEPALSTAT (Serie armonizada),2026-09-24T17:30:00Z,False,
CEPAL.POV.HARM,LATAM_AVG,2010,32.9,Promedio simple LATAM (n=20/20 países),2026-09-24T17:00:00Z,False,20
CEPAL.POV.HARM,LATAM_AVG,2011,32.7,Promedio simple LATAM (n=20/20 países),2026-09-24T17:00:00Z,False,20
CEPAL.POV.HARM,LATAM_AVG,2012,32.4,Promedio simple LATAM (n=20/20 países),2026-09-24T17:00:00Z,False,20
CEPAL.POV.HARM,LATAM_AVG,2013,32.2,Promedio simple LATAM (n=20/20 países),2026-09-24T17:00:00Z,False,20
CEPAL.POV.HARM,LATAM_AVG,2014,31.9,Promedio simple LATAM (n=20/20 países),2026-09-24T17:00:00Z,False,20
CEPAL.POV.HARM,LATAM_AVG,2015,31.6,Promedio simple LATAM (n=20/20 países),2026-09-24T17:00:00Z,False,20
CEPAL.POV.HARM,LATAM_AVG,2016,31.3,Promedio simple LATAM (n=20/20 países),2026-09-24T17:00:00Z,False,20
CEPAL.POV.HARM,LATAM_AVG,2017,31.0,Promedio simple LATAM (n=20/20 países),2026-09-24T17:00:00Z,False,20
CEPAL.POV.HARM,LATAM_AVG,2018,30.8,Promedio simple LATAM (n=20/20 países),2026-09-24T17:00:00Z,False,20
CEPAL.POV.HARM,LATAM_AVG,2019,30.5,Promedio simple LATAM (n=20/20 países),2026-09-24T17:00:00Z,False,20
CEPAL.POV.HARM,LATAM_AVG,2020,33.1,Promedio simple LATAM (n=20/20 países),2026-09-24T17:00:00Z,False,20
CEPAL.POV.HARM,LATAM_AVG,2021,30.0,Promedio simple LATAM (n=20/20 países),2026-09-24T17:00:00Z,False,20
CEPAL.POV.HARM,LATAM_AVG,2022,29.8,Promedio simple LATAM (n=20/20 países),2026-09-24T17:00:00Z,False,20
CEPAL.POV.HARM,LATAM_AVG,2023,29.5,Promedio simple LATAM (n=20/20 países),2026-09-24T17:00:00Z,False,20
CEPAL.POV.HARM,LATAM_AVG,2024,29.3,Promedio simple LATAM (n=20/20 países),2026-09-24T17:00:00Z,False,20
CEPAL.POV.HARM,LCN,2010,31.4,CEPALSTAT (Serie armonizada),2026-09-24T17:30:00Z,False,
CEPAL.POV.HARM,LCN,2011,31.1,CEPALSTAT (Serie armonizada),2026-09-24T17:30:00Z,False,
CEPAL.POV.HARM,LCN,2012,30.8,CEPALSTAT (Serie armonizada),2026-09-24T17:30:00Z,False,
CEPAL.POV.HARM,LCN,2013,30.5,CEPALSTAT (Serie armonizada),2026-09-24T17:30:00Z,False,
CEPAL.POV.HARM,LCN,2014,30.3,CEPALSTAT (Serie armonizada),2026-09-24T17:30:00Z,False,
CEPAL.POV.HARM,LCN,2015,30.0,CEPALSTAT (Serie armonizada),2026-09-24T17:30:00Z,False,
CEPAL.POV.HARM,LCN,2016,29.8,CEPALSTAT (Serie armonizada),2026-09-24T17:30:00Z,False,
CEPAL.POV.HARM,LCN,2017,29.5,CEPALSTAT (Serie armonizada),2026-09-24T17:30:00Z,False,
CEPAL.POV.HARM,LCN,2018,29.3,CEPALSTAT (Serie armonizada),2026-09-24T17:30:00Z,False,
CEPAL.POV.HARM,LCN,2019,29.0,CEPALSTAT (Serie armonizada),2026-09-24T17:30:00Z,False,
CEPAL.POV.HARM,LCN,2020,31.6,CEPALSTAT (Serie armonizada),2026-09-24T17:30:00Z,False,
CEPAL.POV.HARM,LCN,2021,28.4,CEPALSTAT (Serie armonizada),2026-09-24T17:30:00Z,False,
CEPAL.POV.HARM,LCN,2022,28.1,CEPALSTAT (Serie armonizada),2026-09-24T17:30:00Z,False,
CEPAL.POV.HARM,LCN,2023,27.9,CEPALSTAT (Serie armonizada),2026-09-24T17:30:00Z,False,
CEPAL.POV.HARM,LCN,2024,27.6,CEPALSTAT (Serie armonizada),2026-09-24T17:30:00Z,False,
CEPAL.POV.HARM,MEX,2010,38.4,CEPALSTAT (Serie armonizada),2026-09-24T17:30:00Z,False,
CEPAL.POV.HARM,MEX,2011,37.7,CEPALSTAT (Serie armonizada),2026-09-24T17:30:00Z,False,
CEPAL.POV.HARM,MEX,2012,37.1,CEPALSTAT (Serie armonizada),2026-09-24T17:30:00Z,False,
CEPAL.POV.HARM,MEX,2013,36.4,CEPALSTAT (Serie armonizada),2026-09-24T17:30:00Z,False,
CEPAL.POV.HARM,MEX,2014,35.8,CEPALSTAT (Serie armonizada),2026-09-24T17:30:00Z,False,
CEPAL.POV.HARM,MEX,2015,35.0,CEPALSTAT (Serie armonizada),2026-09-24T17:30:00Z,False,
CEPAL.POV.HARM,MEX,2016,34.3,CEPALSTAT (Serie armonizada),2026-09-24T17:30:00Z,False,
CEPAL.POV.HARM,MEX,2017,33.5,CEPALSTAT (Serie armonizada),2026-09-24T17:30:00Z,False,
CEPAL.POV.HARM,MEX,2018,32.8,CEPALSTAT (Serie armonizada),2026-09-24T17:30:00Z,False,
CEPAL.POV.HARM,MEX,2019,32.0,CEPALSTAT (Serie armonizada),2026-09-24T17:30:00Z,False,
CEPAL.POV.HARM,MEX,2020,34.2,CEPALSTAT (Serie armonizada),2026-09-24T17:30:00Z,False,
CEPAL.POV.HARM,MEX,2021,30.5,CEPALSTAT (Serie armonizada),2026-09-24T17:30:00Z,False,
CEPAL.POV.HARM,MEX,2022,29.9,CEPALSTAT (Serie armonizada),2026-09-24T17:30:00Z,False,
CEPAL.POV.HARM,MEX,2023,29.2,CEPALSTAT (Serie armonizada),2026-09-24T17:30:00Z,False,
CEPAL.POV.HARM,MEX,2024,28.6,CEPALSTAT (Serie armonizada),2026-09-24T17:30:00Z,False,
CEPAL.POV.HARM,NIC,2010,46.4,CEPALSTAT (Serie armonizada),2026-09-24T17:30:00Z,False,
CEPAL.POV.HARM,NIC,2011,45.9,CEPALSTAT (Serie armonizada),2026-09-24T17:30:00Z,False,
CEPAL.POV.HARM,NIC,2012,45.5,CEPALSTAT (Serie armonizada),2026-09-24T17:30:00Z,False,
CEPAL.POV.HARM,NIC,2013,45.1,CEPALSTAT (Serie armonizada),2026-09-24T17:30:00Z,False,
CEPAL.POV.HARM,NIC,2014,44.6,CEPALSTAT (Serie armonizada),2026-09-24T17:30:00Z,False,
CEPAL.POV.HARM,NIC,2015,44.2,CEPALSTAT (Serie armonizada),2026-09-24T17:30:00Z,False,
CEPAL.POV.HARM,NIC,2016,43.7,CEPALSTAT (Serie armonizada),2026-09-24T17:30:00Z,False,
CEPAL.POV.HARM,NIC,2017,43.2,CEPALSTAT (Serie armonizada),2026-09-24T17:30:00Z,False,
CEPAL.POV.HARM,NIC,2018,42.7,CEPALSTAT (Serie armonizada),2026-09-24T17:30:00Z,False,
CEPAL.POV.HARM,NIC,2019,42.2,CEPALSTAT (Serie armonizada),2026-09-24T17:30:00Z,False,
CEPAL.POV.HARM,NIC,2020,44.6,CEPALSTAT (Serie armonizada),2026-09-24T17:30:00Z,False,
CEPAL.POV.HARM,NIC,2021,41.2,CEPALSTAT (Serie armonizada),2026-09-24T17:30:00Z,False,
CEPAL.POV.HARM,NIC,2022,40.7,CEPALSTAT (Serie armonizada),2026-09-24T17:30:00Z,False,
CEPAL.POV.HARM,NIC,2023,40.2,CEPALSTAT (Serie armonizada),2026-09-24T17:30:00Z,False,
CEPAL.POV.HARM,NIC,2024,39.7,CEPALSTAT (Serie armonizada),2026-09-24T17:30:00Z,False,
CEPAL.POV.HARM,OED,2010,11.8,CEPALSTAT (Serie armonizada),2026-09-24T17:30:00Z,False,
CEPAL.POV.HARM,OED,2011,11.8,CEPALSTAT (Serie armonizada),2026-09-24T17:30:00Z,False,
CEPAL.POV.HARM,OED,2012,11.7,CEPALSTAT (Serie armonizada),2026-09-24T17:30:00Z,False,
CEPAL.POV.HARM,OED,2013,11.7,CEPALSTAT (Serie armonizada),2026-09-24T17:30:00Z,False,
CEPAL.POV.HARM,OED,2014,11.6,CEPALSTAT (Serie armonizada),2026-09-24T17:30:00Z,False,
CEPAL.POV.HARM,OED,2015,11.6,CEPALSTAT (Serie armonizada),2026-09-24T17:30:00Z,False,
CEPAL.POV.HARM,OED,2016,11.5,CEPALSTAT (Serie armonizada),2026-09-24T17:30:00Z,False,
CEPAL.POV.HARM,OED,2017,11.5,CEPALSTAT (Serie armonizada),2026-09-24T17:30:00Z,False,
CEPAL.POV.HARM,OED,2018,11.4,CEPALSTAT (Serie armonizada),2026-09-24T17:30:00Z,False,
CEPAL.POV.HARM,OED,2019,11.4,CEPALSTAT (Serie armonizada),2026-09-24T17:30:00Z,False,
CEPAL.POV.HARM,OED,2020,14.3,CEPALSTAT (Serie armonizada),2026-09-24T17:30:00Z,False,
CEPAL.POV.HARM,OED,2021,11.3,CEPALSTAT (Serie armonizada),2026-09-24T17:30:00Z,False,
CEPAL.POV.HARM,OED,2022,11.3,CEPALSTAT (Serie armonizada),2026-09-24T17:30:00Z,False,
CEPAL.POV.HARM,OED,2023,11.2,CEPALSTAT (Serie armonizada),2026-09-24T17:30:00Z,False,
CEPAL.POV.HARM,OED,2024,11.2,CEPALSTAT (Serie armonizada),2026-09-24T17:30:00Z,False,
CEPAL.POV.HARM,PAN,2010,20.5,CEPALSTAT (Serie armonizada),2026-09-24T17:30:00Z,False,
CEPAL.POV.HARM,PAN,2011,20.1,CEPALSTAT (Serie armonizada),2026-09-24T17:30:00Z,False,
CEPAL.POV.HARM,PAN,2012,19.6,CEPALSTAT (Serie armonizada),2026-09-24T17:30:00Z,False,
CEPAL.POV.HARM,PAN,2013,19.1,CEPALSTAT (Serie armonizada),2026-09-24T17:30:00Z,False,
CEPAL.POV.HARM,PAN,2014,18.7,CEPALSTAT (Serie armonizada),2026-09-24T17:30:00Z,False,
CEPAL.POV.HARM,PAN,2015,18.2,CEPALSTAT (Serie armonizada),2026-09-24T17:30:00Z,False,
CEPAL.POV.HARM,PAN,2016,17.7,CEPALSTAT (Serie armonizada),2026-09-24T17:30:00Z,False,
CEPAL.POV.HARM,PAN,2017,17.2,CEPALSTAT (Serie armonizada),2026-09-24T17:30:00Z,False,
CEPAL.POV.HARM,PAN,2018,16.8,CEPALSTAT (Serie armonizada),2026-09-24T17:30:00Z,False,
CEPAL.POV.HARM,PAN,2019,16.3,CEPALSTAT (Serie armonizada),2026-09-24T17:30:00Z,False,
CEPAL.POV.HARM,PAN,2020,18.8,CEPALSTAT (Serie armonizada),2026-09-24T17:30:00Z,False,
CEPAL.POV.HARM,PAN,2021,15.5,CEPALSTAT (Serie armonizada),2026-09-24T17:30:00Z,False,
CEPAL.POV.HARM,PAN,2022,15.1,CEPALSTAT (Serie armonizada),2026-09-24T17:30:00Z,False,
CEPAL.POV.HARM,PAN,2023,14.7,CEPALSTAT (Serie armonizada),2026-09-24T17:30:00Z,False,
CEPAL.POV.HARM,PAN,2024,14.3,CEPALSTAT (Serie armonizada),2026-09-24T17:30:00Z,False,
CEPAL.POV.HARM,PER,2010,26.4,CEPALSTAT (Serie armonizada),2026-09-24T17:30:00Z,False,
CEPAL.POV.HARM,PER,2011,26.2,CEPALSTAT (Serie armonizada),2026-09-24T17:30:00Z,False,
CEPAL.POV.HARM,PER,2012,26.1,CEPALSTAT (Serie armonizada),2026-09-24T17:30:00Z,False,
CEPAL.POV.HARM,PER,2013,25.9,CEPALSTAT (Serie armonizada),2026-09-24T17:30:00Z,False,
CEPAL.POV.HARM,PER,2014,25.8,CEPALSTAT (Serie armonizada),2026-09-24T17:30:00Z,False,
CEPAL.POV.HARM,PER,2015,25.6,CEPALSTAT (Serie armonizada),2026-09-24T17:30:00Z,False,
CEPAL.POV.HARM,PER,2016,25.5,CEPALSTAT (Serie armonizada),2026-09-24T17:30:00Z,False,
CEPAL.POV.HARM,PER,2017,25.3,CEPALSTAT (Serie armonizada),2026-09-24T17:30:00Z,False,
CEPAL.POV.HARM,PER,2018,25.1,CEPALSTAT (Serie armonizada),2026-09-24T17:30:00Z,False,
CEPAL.POV.HARM,PER,2019,25.0,CEPALSTAT (Serie armonizada),2026-09-24T17:30:00Z,False,
CEPAL.POV.HARM,PER,2020,27.7,CEPALSTAT (Serie armonizada),2026-09-24T17:30:00Z,False,
CEPAL.POV.HARM,PER,2021,24.6,CEPALSTAT (Serie armonizada),2026-09-24T17:30:00Z,False,
CEPAL.POV.HARM,PER,2022,24.5,CEPALSTAT (Serie armonizada),2026-09-24T17:30:00Z,False,
CEPAL.POV.HARM,PER,2023,24.3,CEPALSTAT (Serie armonizada),2026-09-24T17:30:00Z,False,
CEPAL.POV.HARM,PER,2024,24.2,CEPALSTAT (Serie armonizada),2026-09-24T17:30:00Z,False,
CEPAL.POV.HARM,PRY,2010,32.6,CEPALSTAT (Serie armonizada),2026-09-24T17:30:00Z,False,
CEPAL.POV.HARM,PRY,2011,32.0,CEPALSTAT (Serie armonizada),2026-09-24T17:30:00Z,False,
CEPAL.POV.HARM,PRY,2012,31.3,CEPALSTAT (Serie armonizada),2026-09-24T17:30:00Z,False,
CEPAL.POV.HARM,PRY,2013,30.5,CEPALSTAT (Serie armonizada),2026-09-24T17:30:00Z,False,
CEPAL.POV.HARM,PRY,2014,29.8,CEPALSTAT (Serie armonizada),2026-09-24T17:30:00Z,False,
CEPAL.POV.HARM,PRY,2015,29.0,CEPALSTAT (Serie armonizada),2026-09-24T17:30:00Z,False,
CEPAL.POV.HARM,PRY,2016,28.3,CEPALSTAT (Serie armonizada),2026-09-24T17:30:00Z,False,
CEPAL.POV.HARM,PRY,2017,27.5,CEPALSTAT (Serie armonizada),2026-09-24T17:30:00Z,False,
CEPAL.POV.HARM,PRY,2018,26.8,CEPALSTAT (Serie armonizada),2026-09-24T17:30:00Z,False,
CEPAL.POV.HARM,PRY,2019,26.1,CEPALSTAT (Serie armonizada),2026-09-24T17:30:00Z,False,
CEPAL.POV.HARM,PRY,2020,28.4,CEPALSTAT (Serie armonizada),2026-09-24T17:30:00Z,False,
CEPAL.POV.HARM,PRY,2021,24.8,CEPALSTAT (Serie armonizada),2026-09-24T17:30:00Z,False,
CEPAL.POV.HARM,PRY,2022,24.2,CEPALSTAT (Serie armonizada),2026-09-24T17:30:00Z,False,
CEPAL.POV.HARM,PRY,2023,23.6,CEPALSTAT (Serie armonizada),2026-09-24T17:30:00Z,False,
CEPAL.POV.HARM,PRY,2024,22.9,CEPALSTAT (Serie armonizada),2026-09-24T17:30:00Z,False,
CEPAL.POV.HARM,SLV,2010,40.4,CEPALSTAT (Serie armonizada),2026-09-24T17:30:00Z,False,
CEPAL.POV.HARM,SLV,2011,39.5,CEPALSTAT (Serie armonizada),2026-09-24T17:30:00Z,False,
CEPAL.POV.HARM,SLV,2012,38.6,CEPALSTAT (Serie armonizada),2026-09-24T17:30:00Z,False,
CEPAL.POV.HARM,SLV,2013,37.6,CEPALSTAT (Serie armonizada),2026-09-24T17:30:00Z,False,
CEPAL.POV.HARM,SLV,2014,36.6,CEPALSTAT (Serie armonizada),2026-09-24T17:30:00Z,False,
CEPAL.POV.HARM,SLV,2015,35.6,CEPALSTAT (Serie armonizada),2026-09-24T17:30:00Z,False,
CEPAL.POV.HARM,SLV,2016,34.6,CEPALSTAT (Serie armonizada),2026-09-24T17:30:00Z,False,
CEPAL.POV.HARM,SLV,2017,33.6,CEPALSTAT (Serie armonizada),2026-09-24T17:30:00Z,False,
CEPAL.POV.HARM,SLV,2018,32.7,CEPALSTAT (Serie armonizada),2026-09-24T17:30:00Z,False,
CEPAL.POV.HARM,SLV,2019,31.8,CEPALSTAT (Serie armonizada),2026-09-24T17:30:00Z,False,
CEPAL.POV.HARM,SLV,2020,33.8,CEPALSTAT (Serie armonizada),2026-09-24T17:30:00Z,False,
CEPAL.POV.HARM,SLV,2021,30.1,CEPALSTAT (Serie armonizada),2026-09-24T17:30:00Z,False,
CEPAL.POV.HARM,SLV,2022,29.3,CEPALSTAT (Serie armonizada),2026-09-24T17:30:00Z,False,
CEPAL.POV.HARM,SLV,2023,28.4,CEPALSTAT (Serie armonizada),2026-09-24T17:30:00Z,False,
CEPAL.POV.HARM,SLV,2024,27.6,CEPALSTAT (Serie armonizada),2026-09-24T17:30:00Z,False,
CEPAL.POV.HARM,URY,2010,10.8,CEPALSTAT (Serie armonizada),2026-09-24T17:30:00Z,False,
CEPAL.POV.HARM,URY,2011,10.5,CEPALSTAT (Serie armonizada),2026-09-24T17:30:00Z,False,
CEPAL.POV.HARM,URY,2012,10.2,CEPALSTAT (Serie armonizada),2026-09-24T17:30:00Z,False,
CEPAL.POV.HARM,URY,2013,9.9,CEPALSTAT (Serie armonizada),2026-09-24T17:30:00Z,False,
CEPAL.POV.HARM,URY,2014,9.6,CEPALSTAT (Serie armonizada),2026-09-24T17:30:00Z,False,
CEPAL.POV.HARM,URY,2015,9.3,CEPALSTAT (Serie armonizada),2026-09-24T17:30:00Z,False,
CEPAL.POV.HARM,URY,2016,8.9,CEPALSTAT (Serie armonizada),2026-09-24T17:30:00Z,False,
CEPAL.POV.HARM,URY,2017,8.6,CEPALSTAT (Serie armonizada),2026-09-24T17:30:00Z,False,
CEPAL.POV.HARM,URY,2018,8.3,CEPALSTAT (Serie armonizada),2026-09-24T17:30:00Z,False,
CEPAL.POV.HARM,URY,2019,7.9,CEPALSTAT (Serie armonizada),2026-09-24T17:30:00Z,False,
CEPAL.POV.HARM,URY,2020,10.5,CEPALSTAT (Serie armonizada),2026-09-24T17:30:00Z,False,
CEPAL.POV.HARM,URY,2021,7.3,CEPALSTAT (Serie armonizada),2026-09-24T17:30:00Z,False,
CEPAL.POV.HARM,URY,2022,7.0,CEPALSTAT (Serie armonizada),2026-09-24T17:30:00Z,False,
CEPAL.POV.HARM,URY,2023,6.7,CEPALSTAT (Serie armonizada),2026-09-24T17:30:00Z,False,
CEPAL.POV.HARM,URY,2024,6.4,CEPALSTAT (Serie armonizada),2026-09-24T17:30:00Z,False,
CEPAL.POV.HARM,VEN,2010,28.8,CEPALSTAT (Serie armonizada),2026-09-24T17:30:00Z,False,
CEPAL.POV.HARM,VEN,2011,30.5,CEPALSTAT (Serie armonizada),2026-09-24T17:30:00Z,False,
CEPAL.POV.HARM,VEN,2012,32.1,CEPALSTAT (Serie armonizada),2026-09-24T17:30:00Z,False,
CEPAL.POV.HARM,VEN,2013,33.6,CEPALSTAT (Serie armonizada),2026-09-24T17:30:00Z,False,
CEPAL.POV.HARM,VEN,2014,35.1,CEPALSTAT (Serie armonizada),2026-09-24T17:30:00Z,False,
CEPAL.POV.HARM,VEN,2015,36.5,CEPALSTAT (Serie armonizada),2026-09-24T17:30:00Z,False,
CEPAL.POV.HARM,VEN,2016,37.9,CEPALSTAT (Serie armonizada),2026-09-24T17:30:00Z,False,
CEPAL.POV.HARM,VEN,2017,39.4,CEPALSTAT (Serie armonizada),2026-09-24T17:30:00Z,False,
CEPAL.POV.HARM,VEN,2018,41.0,CEPALSTAT (Serie armonizada),2026-09-24T17:30:00Z,False,
CEPAL.POV.HARM,VEN,2019,42.7,CEPALSTAT (Serie armonizada),2026-09-24T17:30:00Z,False,
CEPAL.POV.HARM,VEN,2020,47.3,CEPALSTAT (Serie armonizada),2026-09-24T17:30:00Z,False,
CEPAL.POV.HARM,VEN,2021,46.2,CEPALSTAT (Serie armonizada),2026-09-24T17:30:00Z,False,
CEPAL.POV.HARM,VEN,2022,48.0,CEPALSTAT (Serie armonizada),2026-09-24T17:30:00Z,False,
CEPAL.POV.HARM,VEN,2023,49.8,CEPALSTAT (Serie armonizada),2026-09-24T17:30:00Z,False,
CEPAL.POV.HARM,VEN,2024,51.6,CEPALSTAT (Serie armonizada),2026-09-24T17:30:00Z,False,
CEPAL.POV.HARM,WLD,2010,24.5,CEPALSTAT (Serie armonizada),2026-09-24T17:30:00Z,False,
CEPAL.POV.HARM,WLD,2011,24.1,CEPALSTAT (Serie armonizada),2026-09-24T17:30:00Z,False,
CEPAL.POV.HARM,WLD,2012,23.7,CEPALSTAT (Serie armonizada),2026-09-24T17:30:00Z,False,
CEPAL.POV.HARM,WLD,2013,23.2,CEPALSTAT (Serie armonizada),2026-09-24T17:30:00Z,False,
CEPAL.POV.HARM,WLD,2014,22.8,CEPALSTAT (Serie armonizada),2026-09-24T17:30:00Z,False,
CEPAL.POV.HARM,WLD,2015,22.3,CEPALSTAT (Serie armonizada),2026-09-24T17:30:00Z,False,
CEPAL.POV.HARM,WLD,2016,21.8,CEPALSTAT (Serie armonizada),2026-09-24T17:30:00Z,False,
CEPAL.POV.HARM,WLD,2017,21.4,CEPALSTAT (Serie armonizada),2026-09-24T17:30:00Z,False,
CEPAL.POV.HARM,WLD,2018,20.9,CEPALSTAT (Serie armonizada),2026-09-24T17:30:00Z,False,
CEPAL.POV.HARM,WLD,2019,20.4,CEPALSTAT (Serie armonizada),2026-09-24T17:30:00Z,False,
CEPAL.POV.HARM,WLD,2020,22.8,CEPALSTAT (Serie armonizada),2026-09-24T17:30:00Z,False,
CEPAL.POV.HARM,WLD,2021,19.5,CEPALSTAT (Serie armonizada),2026-09-24T17:30:00Z,False,
CEPAL.POV.HARM,WLD,2022,19.0,CEPALSTAT (Serie armonizada),2026-09-24T17:30:00Z,False,
CEPAL.POV.HARM,WLD,2023,18.6,CEPALSTAT (Serie armonizada),2026-09-24T17:30:00Z,False,
CEPAL.POV.HARM,WLD,2024,18.2,CEPALSTAT (Serie armonizada),2026-09-24T17:30:00Z,False,
EG.ELC.RNEW.ZS,ARG,2010,28.5,World Bank API v2,2026-09-24T17:30:00Z,False,
EG.ELC.RNEW.ZS,ARG,2011,28.9,World Bank API v2,2026-09-24T17:30:00Z,False,
EG.ELC.RNEW.ZS,ARG,2012,29.4,World Bank API v2,2026-09-24T17:30:00Z,False,
EG.ELC.RNEW.ZS,ARG,2013,29.8,World Bank API v2,2026-09-24T17:30:00Z,False,
EG.ELC.RNEW.ZS,ARG,2014,30.2,World Bank API v2,2026-09-24T17:30:00Z,False,
EG.ELC.RNEW.ZS,ARG,2015,30.6,World Bank API v2,2026-09-24T17:30:00Z,False,
EG.ELC.RNEW.ZS,ARG,2016,31.0,World Bank API v2,2026-09-24T17:30:00Z,False,
EG.ELC.RNEW.ZS,ARG,2017,31.4,World Bank API v2,2026-09-24T17:30:00Z,False,
EG.ELC.RNEW.ZS,ARG,2018,31.7,World Bank API v2,2026-09-24T17:30:00Z,False,
EG.ELC.RNEW.ZS,ARG,2019,32.1,World Bank API v2,2026-09-24T17:30:00Z,False,
EG.ELC.RNEW.ZS,ARG,2020,32.5,World Bank API v2,2026-09-24T17:30:00Z,False,
EG.ELC.RNEW.ZS,ARG,2021,32.9,World Bank API v2,2026-09-24T17:30:00Z,False,
EG.ELC.RNEW.ZS,ARG,2022,33.3,World Bank API v2,2026-09-24T17:30:00Z,False,
EG.ELC.RNEW.ZS,ARG,2023,33.7,World Bank API v2,2026-09-24T17:30:00Z,False,
EG.ELC.RNEW.ZS,ARG,2024,34.2,World Bank API v2,2026-09-24T17:30:00Z,False,
EG.ELC.RNEW.ZS,BOL,2010,34.5,World Bank API v2,2026-09-24T17:30:00Z,False,
EG.ELC.RNEW.ZS,BOL,2011,34.9,World Bank API v2,2026-09-24T17:30:00Z,False,
EG.ELC.RNEW.ZS,BOL,2012,35.3,World Bank API v2,2026-09-24T17:30:00Z,False,
EG.ELC.RNEW.ZS,BOL,2013,35.6,World Bank API v2,2026-09-24T17:30:00Z,False,
EG.ELC.RNEW.ZS,BOL,2014,35.9,World Bank API v2,2026-09-24T17:30:00Z,False,
EG.ELC.RNEW.ZS,BOL,2015,36.3,World Bank API v2,2026-09-24T17:30:00Z,False,
EG.ELC.RNEW.ZS,BOL,2016,36.6,World Bank API v2,2026-09-24T17:30:00Z,False,
EG.ELC.RNEW.ZS,BOL,2017,36.9,World Bank API v2,2026-09-24T17:30:00Z,False,
EG.ELC.RNEW.ZS,BOL,2018,37.1,World Bank API v2,2026-09-24T17:30:00Z,False,
EG.ELC.RNEW.ZS,BOL,2019,37.4,World Bank API v2,2026-09-24T17:30:00Z,False,
EG.ELC.RNEW.ZS,BOL,2020,37.8,World Bank API v2,2026-09-24T17:30:00Z,False,
EG.ELC.RNEW.ZS,BOL,2021,38.1,World Bank API v2,2026-09-24T17:30:00Z,False,
EG.ELC.RNEW.ZS,BOL,2022,38.4,World Bank API v2,2026-09-24T17:30:00Z,False,
EG.ELC.RNEW.ZS,BOL,2023,38.8,World Bank API v2,2026-09-24T17:30:00Z,False,
EG.ELC.RNEW.ZS,BOL,2024,39.2,World Bank API v2,2026-09-24T17:30:00Z,False,
EG.ELC.RNEW.ZS,BRA,2010,84.6,World Bank API v2,2026-09-24T17:30:00Z,False,
EG.ELC.RNEW.ZS,BRA,2011,84.9,World Bank API v2,2026-09-24T17:30:00Z,False,
EG.ELC.RNEW.ZS,BRA,2012,85.2,World Bank API v2,2026-09-24T17:30:00Z,False,
EG.ELC.RNEW.ZS,BRA,2013,85.5,World Bank API v2,2026-09-24T17:30:00Z,False,
EG.ELC.RNEW.ZS,BRA,2014,85.8,World Bank API v2,2026-09-24T17:30:00Z,False,
EG.ELC.RNEW.ZS,BRA,2015,86.1,World Bank API v2,2026-09-24T17:30:00Z,False,
EG.ELC.RNEW.ZS,BRA,2016,86.4,World Bank API v2,2026-09-24T17:30:00Z,False,
EG.ELC.RNEW.ZS,BRA,2017,86.7,World Bank API v2,2026-09-24T17:30:00Z,False,
EG.ELC.RNEW.ZS,BRA,2018,87.1,World Bank API v2,2026-09-24T17:30:00Z,False,
EG.ELC.RNEW.ZS,BRA,2019,87.4,World Bank API v2,2026-09-24T17:30:00Z,False,
EG.ELC.RNEW.ZS,BRA,2020,87.8,World Bank API v2,2026-09-24T17:30:00Z,False,
EG.ELC.RNEW.ZS,BRA,2021,88.2,World Bank API v2,2026-09-24T17:30:00Z,False,
EG.ELC.RNEW.ZS,BRA,2022,88.5,World Bank API v2,2026-09-24T17:30:00Z,False,
EG.ELC.RNEW.ZS,BRA,2023,88.9,World Bank API v2,2026-09-24T17:30:00Z,False,
EG.ELC.RNEW.ZS,BRA,2024,89.2,World Bank API v2,2026-09-24T17:30:00Z,False,
EG.ELC.RNEW.ZS,CHL,2010,36.9,World Bank API v2,2026-09-24T17:30:00Z,False,
EG.ELC.RNEW.ZS,CHL,2011,39.2,World Bank API v2,2026-09-24T17:30:00Z,False,
EG.ELC.RNEW.ZS,CHL,2012,41.6,World Bank API v2,2026-09-24T17:30:00Z,False,
EG.ELC.RNEW.ZS,CHL,2013,44.0,World Bank API v2,2026-09-24T17:30:00Z,False,
EG.ELC.RNEW.ZS,CHL,2014,46.5,World Bank API v2,2026-09-24T17:30:00Z,False,
EG.ELC.RNEW.ZS,CHL,2015,48.9,World Bank API v2,2026-09-24T17:30:00Z,False,
EG.ELC.RNEW.ZS,CHL,2016,51.2,World Bank API v2,2026-09-24T17:30:00Z,False,
EG.ELC.RNEW.ZS,CHL,2017,53.3,World Bank API v2,2026-09-24T17:30:00Z,False,
EG.ELC.RNEW.ZS,CHL,2018,55.4,World Bank API v2,2026-09-24T17:30:00Z,False,
EG.ELC.RNEW.ZS,CHL,2019,57.4,World Bank API v2,2026-09-24T17:30:00Z,False,
EG.ELC.RNEW.ZS,CHL,2020,59.4,World Bank API v2,2026-09-24T17:30:00Z,False,
EG.ELC.RNEW.ZS,CHL,2021,61.3,World Bank API v2,2026-09-24T17:30:00Z,False,
EG.ELC.RNEW.ZS,CHL,2022,63.3,World Bank API v2,2026-09-24T17:30:00Z,False,
EG.ELC.RNEW.ZS,CHL,2023,65.4,World Bank API v2,2026-09-24T17:30:00Z,False,
EG.ELC.RNEW.ZS,CHL,2024,67.7,World Bank API v2,2026-09-24T17:30:00Z,False,
EG.ELC.RNEW.ZS,COL,2010,71.6,World Bank API v2,2026-09-24T17:30:00Z,False,
EG.ELC.RNEW.ZS,COL,2011,71.9,World Bank API v2,2026-09-24T17:30:00Z,False,
EG.ELC.RNEW.ZS,COL,2012,72.1,World Bank API v2,2026-09-24T17:30:00Z,False,
EG.ELC.RNEW.ZS,COL,2013,72.4,World Bank API v2,2026-09-24T17:30:00Z,False,
EG.ELC.RNEW.ZS,COL,2014,72.7,World Bank API v2,2026-09-24T17:30:00Z,False,
EG.ELC.RNEW.ZS,COL,2015,73.0,World Bank API v2,2026-09-24T17:30:00Z,False,
EG.ELC.RNEW.ZS,COL,2016,73.2,World Bank API v2,2026-09-24T17:30:00Z,False,
EG.ELC.RNEW.ZS,COL,2017,73.6,World Bank API v2,2026-09-24T17:30:00Z,False,
EG.ELC.RNEW.ZS,COL,2018,73.9,World Bank API v2,2026-09-24T17:30:00Z,False,
EG.ELC.RNEW.ZS,COL,2019,74.2,World Bank API v2,2026-09-24T17:30:00Z,False,
EG.ELC.RNEW.ZS,COL,2020,74.6,World Bank API v2,2026-09-24T17:30:00Z,False,
EG.ELC.RNEW.ZS,COL,2021,74.9,World Bank API v2,2026-09-24T17:30:00Z,False,
EG.ELC.RNEW.ZS,COL,2022,75.3,World Bank API v2,2026-09-24T17:30:00Z,False,
EG.ELC.RNEW.ZS,COL,2023,75.6,World Bank API v2,2026-09-24T17:30:00Z,False,
EG.ELC.RNEW.ZS,COL,2024,75.9,World Bank API v2,2026-09-24T17:30:00Z,False,
EG.ELC.RNEW.ZS,CRI,2010,93.7,World Bank API v2,2026-09-24T17:30:00Z,False,
EG.ELC.RNEW.ZS,CRI,2011,94.1,World Bank API v2,2026-09-24T17:30:00Z,False,
EG.ELC.RNEW.ZS,CRI,2012,94.4,World Bank API v2,2026-09-24T17:30:00Z,False,
EG.ELC.RNEW.ZS,CRI,2013,94.8,World Bank API v2,2026-09-24T17:30:00Z,False,
EG.ELC.RNEW.ZS,CRI,2014,95.2,World Bank API v2,2026-09-24T17:30:00Z,False,
EG.ELC.RNEW.ZS,CRI,2015,95.6,World Bank API v2,2026-09-24T17:30:00Z,False,
EG.ELC.RNEW.ZS,CRI,2016,96.0,World Bank API v2,2026-09-24T17:30:00Z,False,
EG.ELC.RNEW.ZS,CRI,2017,96.3,World Bank API v2,2026-09-24T17:30:00Z,False,
EG.ELC.RNEW.ZS,CRI,2018,96.6,World Bank API v2,2026-09-24T17:30:00Z,False,
EG.ELC.RNEW.ZS,CRI,2019,96.9,World Bank API v2,2026-09-24T17:30:00Z,False,
EG.ELC.RNEW.ZS,CRI,2020,97.2,World Bank API v2,2026-09-24T17:30:00Z,False,
EG.ELC.RNEW.ZS,CRI,2021,97.5,World Bank API v2,2026-09-24T17:30:00Z,False,
EG.ELC.RNEW.ZS,CRI,2022,97.8,World Bank API v2,2026-09-24T17:30:00Z,False,
EG.ELC.RNEW.ZS,CRI,2023,98.2,World Bank API v2,2026-09-24T17:30:00Z,False,
EG.ELC.RNEW.ZS,CRI,2024,98.5,World Bank API v2,2026-09-24T17:30:00Z,False,
EG.ELC.RNEW.ZS,CUB,2010,4.3,World Bank API v2,2026-09-24T17:30:00Z,False,
EG.ELC.RNEW.ZS,CUB,2011,4.5,World Bank API v2,2026-09-24T17:30:00Z,False,
EG.ELC.RNEW.ZS,CUB,2012,4.6,World Bank API v2,2026-09-24T17:30:00Z,False,
EG.ELC.RNEW.ZS,CUB,2013,4.8,World Bank API v2,2026-09-24T17:30:00Z,False,
EG.ELC.RNEW.ZS,CUB,2014,5.0,World Bank API v2,2026-09-24T17:30:00Z,False,
EG.ELC.RNEW.ZS,CUB,2015,5.1,World Bank API v2,2026-09-24T17:30:00Z,False,
EG.ELC.RNEW.ZS,CUB,2016,5.3,World Bank API v2,2026-09-24T17:30:00Z,False,
EG.ELC.RNEW.ZS,CUB,2017,5.4,World Bank API v2,2026-09-24T17:30:00Z,False,
EG.ELC.RNEW.ZS,CUB,2018,5.6,World Bank API v2,2026-09-24T17:30:00Z,False,
EG.ELC.RNEW.ZS,CUB,2019,5.8,World Bank API v2,2026-09-24T17:30:00Z,False,
EG.ELC.RNEW.ZS,CUB,2020,6.0,World Bank API v2,2026-09-24T17:30:00Z,False,
EG.ELC.RNEW.ZS,CUB,2021,6.2,World Bank API v2,2026-09-24T17:30:00Z,False,
EG.ELC.RNEW.ZS,CUB,2022,6.4,World Bank API v2,2026-09-24T17:30:00Z,False,
EG.ELC.RNEW.ZS,CUB,2023,6.6,World Bank API v2,2026-09-24T17:30:00Z,False,
EG.ELC.RNEW.ZS,CUB,2024,6.9,World Bank API v2,2026-09-24T17:30:00Z,False,
EG.ELC.RNEW.ZS,DOM,2010,14.0,World Bank API v2,2026-09-24T17:30:00Z,False,
EG.ELC.RNEW.ZS,DOM,2011,14.5,World Bank API v2,2026-09-24T17:30:00Z,False,
EG.ELC.RNEW.ZS,DOM,2012,15.1,World Bank API v2,2026-09-24T17:30:00Z,False,
EG.ELC.RNEW.ZS,DOM,2013,15.6,World Bank API v2,2026-09-24T17:30:00Z,False,
EG.ELC.RNEW.ZS,DOM,2014,16.2,World Bank API v2,2026-09-24T17:30:00Z,False,
EG.ELC.RNEW.ZS,DOM,2015,16.7,World Bank API v2,2026-09-24T17:30:00Z,False,
EG.ELC.RNEW.ZS,DOM,2016,17.3,World Bank API v2,2026-09-24T17:30:00Z,False,
EG.ELC.RNEW.ZS,DOM,2017,17.9,World Bank API v2,2026-09-24T17:30:00Z,False,
EG.ELC.RNEW.ZS,DOM,2018,18.6,World Bank API v2,2026-09-24T17:30:00Z,False,
EG.ELC.RNEW.ZS,DOM,2019,19.3,World Bank API v2,2026-09-24T17:30:00Z,False,
EG.ELC.RNEW.ZS,DOM,2020,20.0,World Bank API v2,2026-09-24T17:30:00Z,False,
EG.ELC.RNEW.ZS,DOM,2021,20.7,World Bank API v2,2026-09-24T17:30:00Z,False,
EG.ELC.RNEW.ZS,DOM,2022,21.3,World Bank API v2,2026-09-24T17:30:00Z,False,
EG.ELC.RNEW.ZS,DOM,2023,22.0,World Bank API v2,2026-09-24T17:30:00Z,False,
EG.ELC.RNEW.ZS,DOM,2024,22.6,World Bank API v2,2026-09-24T17:30:00Z,False,
EG.ELC.RNEW.ZS,ECU,2010,54.6,World Bank API v2,2026-09-24T17:30:00Z,False,
EG.ELC.RNEW.ZS,ECU,2011,56.2,World Bank API v2,2026-09-24T17:30:00Z,False,
EG.ELC.RNEW.ZS,ECU,2012,57.8,World Bank API v2,2026-09-24T17:30:00Z,False,
EG.ELC.RNEW.ZS,ECU,2013,59.3,World Bank API v2,2026-09-24T17:30:00Z,False,
EG.ELC.RNEW.ZS,ECU,2014,60.7,World Bank API v2,2026-09-24T17:30:00Z,False,
EG.ELC.RNEW.ZS,ECU,2015,62.1,World Bank API v2,2026-09-24T17:30:00Z,False,
EG.ELC.RNEW.ZS,ECU,2016,63.5,World Bank API v2,2026-09-24T17:30:00Z,False,
EG.ELC.RNEW.ZS,ECU,2017,65.0,World Bank API v2,2026-09-24T17:30:00Z,False,
EG.ELC.RNEW.ZS,ECU,2018,66.5,World Bank API v2,2026-09-24T17:30:00Z,False,
EG.ELC.RNEW.ZS,ECU,2019,68.1,World Bank API v2,2026-09-24T17:30:00Z,False,
EG.ELC.RNEW.ZS,ECU,2020,69.8,World Bank API v2,2026-09-24T17:30:00Z,False,
EG.ELC.RNEW.ZS,ECU,2021,71.6,World Bank API v2,2026-09-24T17:30:00Z,False,
EG.ELC.RNEW.ZS,ECU,2022,73.4,World Bank API v2,2026-09-24T17:30:00Z,False,
EG.ELC.RNEW.ZS,ECU,2023,75.1,World Bank API v2,2026-09-24T17:30:00Z,False,
EG.ELC.RNEW.ZS,ECU,2024,76.9,World Bank API v2,2026-09-24T17:30:00Z,False,
EG.ELC.RNEW.ZS,GTM,2010,58.1,World Bank API v2,2026-09-24T17:30:00Z,False,
EG.ELC.RNEW.ZS,GTM,2011,58.9,World Bank API v2,2026-09-24T17:30:00Z,False,
EG.ELC.RNEW.ZS,GTM,2012,59.6,World Bank API v2,2026-09-24T17:30:00Z,False,
EG.ELC.RNEW.ZS,GTM,2013,60.3,World Bank API v2,2026-09-24T17:30:00Z,False,
EG.ELC.RNEW.ZS,GTM,2014,61.0,World Bank API v2,2026-09-24T17:30:00Z,False,
EG.ELC.RNEW.ZS,GTM,2015,61.7,World Bank API v2,2026-09-24T17:30:00Z,False,
EG.ELC.RNEW.ZS,GTM,2016,62.3,World Bank API v2,2026-09-24T17:30:00Z,False,
EG.ELC.RNEW.ZS,GTM,2017,62.9,World Bank API v2,2026-09-24T17:30:00Z,False,
EG.ELC.RNEW.ZS,GTM,2018,63.4,World Bank API v2,2026-09-24T17:30:00Z,False,
EG.ELC.RNEW.ZS,GTM,2019,64.0,World Bank API v2,2026-09-24T17:30:00Z,False,
EG.ELC.RNEW.ZS,GTM,2020,64.6,World Bank API v2,2026-09-24T17:30:00Z,False,
EG.ELC.RNEW.ZS,GTM,2021,65.2,World Bank API v2,2026-09-24T17:30:00Z,False,
EG.ELC.RNEW.ZS,GTM,2022,65.9,World Bank API v2,2026-09-24T17:30:00Z,False,
EG.ELC.RNEW.ZS,GTM,2023,66.6,World Bank API v2,2026-09-24T17:30:00Z,False,
EG.ELC.RNEW.ZS,GTM,2024,67.3,World Bank API v2,2026-09-24T17:30:00Z,False,
EG.ELC.RNEW.ZS,HND,2010,42.2,World Bank API v2,2026-09-24T17:30:00Z,False,
EG.ELC.RNEW.ZS,HND,2011,43.5,World Bank API v2,2026-09-24T17:30:00Z,False,
EG.ELC.RNEW.ZS,HND,2012,44.9,World Bank API v2,2026-09-24T17:30:00Z,False,
EG.ELC.RNEW.ZS,HND,2013,46.3,World Bank API v2,2026-09-24T17:30:00Z,False,
EG.ELC.RNEW.ZS,HND,2014,47.8,World Bank API v2,2026-09-24T17:30:00Z,False,
EG.ELC.RNEW.ZS,HND,2015,49.4,World Bank API v2,2026-09-24T17:30:00Z,False,
EG.ELC.RNEW.ZS,HND,2016,50.9,World Bank API v2,2026-09-24T17:30:00Z,False,
EG.ELC.RNEW.ZS,HND,2017,52.4,World Bank API v2,2026-09-24T17:30:00Z,False,
EG.ELC.RNEW.ZS,HND,2018,53.9,World Bank API v2,2026-09-24T17:30:00Z,False,
EG.ELC.RNEW.ZS,HND,2019,55.3,World Bank API v2,2026-09-24T17:30:00Z,False,
EG.ELC.RNEW.ZS,HND,2020,56.6,World Bank API v2,2026-09-24T17:30:00Z,False,
EG.ELC.RNEW.ZS,HND,2021,57.8,World Bank API v2,2026-09-24T17:30:00Z,False,
EG.ELC.RNEW.ZS,HND,2022,59.1,World Bank API v2,2026-09-24T17:30:00Z,False,
EG.ELC.RNEW.ZS,HND,2023,60.3,World Bank API v2,2026-09-24T17:30:00Z,False,
EG.ELC.RNEW.ZS,HND,2024,61.5,World Bank API v2,2026-09-24T17:30:00Z,False,
EG.ELC.RNEW.ZS,HTI,2010,14.2,World Bank API v2,2026-09-24T17:30:00Z,False,
EG.ELC.RNEW.ZS,HTI,2011,14.5,World Bank API v2,2026-09-24T17:30:00Z,False,
EG.ELC.RNEW.ZS,HTI,2012,14.9,World Bank API v2,2026-09-24T17:30:00Z,False,
EG.ELC.RNEW.ZS,HTI,2013,15.2,World Bank API v2,2026-09-24T17:30:00Z,False,
EG.ELC.RNEW.ZS,HTI,2014,15.5,World Bank API v2,2026-09-24T17:30:00Z,False,
EG.ELC.RNEW.ZS,HTI,2015,15.8,World Bank API v2,2026-09-24T17:30:00Z,False,
EG.ELC.RNEW.ZS,HTI,2016,16.1,World Bank API v2,2026-09-24T17:30:00Z,False,
EG.ELC.RNEW.ZS,HTI,2017,16.4,World Bank API v2,2026-09-24T17:30:00Z,False,
EG.ELC.RNEW.ZS,HTI,2018,16.6,World Bank API v2,2026-09-24T17:30:00Z,False,
EG.ELC.RNEW.ZS,HTI,2019,16.9,World Bank API v2,2026-09-24T17:30:00Z,False,
EG.ELC.RNEW.ZS,HTI,2020,17.2,World Bank API v2,2026-09-24T17:30:00Z,False,
EG.ELC.RNEW.ZS,HTI,2021,17.5,World Bank API v2,2026-09-24T17:30:00Z,False,
EG.ELC.RNEW.ZS,HTI,2022,17.8,World Bank API v2,2026-09-24T17:30:00Z,False,
EG.ELC.RNEW.ZS,HTI,2023,18.2,World Bank API v2,2026-09-24T17:30:00Z,False,
EG.ELC.RNEW.ZS,HTI,2024,18.5,World Bank API v2,2026-09-24T17:30:00Z,False,
EG.ELC.RNEW.ZS,LATAM_AVG,2010,50.7,Promedio simple LATAM (n=20/20 países),2026-09-24T17:00:00Z,False,20
EG.ELC.RNEW.ZS,LATAM_AVG,2011,51.5,Promedio simple LATAM (n=20/20 países),2026-09-24T17:00:00Z,False,20
EG.ELC.RNEW.ZS,LATAM_AVG,2012,52.3,Promedio simple LATAM (n=20/20 países),2026-09-24T17:00:00Z,False,20
EG.ELC.RNEW.ZS,LATAM_AVG,2013,53.0,Promedio simple LATAM (n=20/20 países),2026-09-24T17:00:00Z,False,20
EG.ELC.RNEW.ZS,LATAM_AVG,2014,53.8,Promedio simple LATAM (n=20/20 países),2026-09-24T17:00:00Z,False,20
EG.ELC.RNEW.ZS,LATAM_AVG,2015,54.6,Promedio simple LATAM (n=20/20 países),2026-09-24T17:00:00Z,False,20
EG.ELC.RNEW.ZS,LATAM_AVG,2016,55.4,Promedio simple LATAM (n=20/20 países),2026-09-24T17:00:00Z,False,20
EG.ELC.RNEW.ZS,LATAM_AVG,2017,56.2,Promedio simple LATAM (n=20/20 países),2026-09-24T17:00:00Z,False,20
EG.ELC.RNEW.ZS,LATAM_AVG,2018,57.0,Promedio simple LATAM (n=20/20 países),2026-09-24T17:00:00Z,False,20
EG.ELC.RNEW.ZS,LATAM_AVG,2019,57.7,Promedio simple LATAM (n=20/20 países),2026-09-24T17:00:00Z,False,20
EG.ELC.RNEW.ZS,LATAM_AVG,2020,58.5,Promedio simple LATAM (n=20/20 países),2026-09-24T17:00:00Z,False,20
EG.ELC.RNEW.ZS,LATAM_AVG,2021,59.3,Promedio simple LATAM (n=20/20 países),2026-09-24T17:00:00Z,False,20
EG.ELC.RNEW.ZS,LATAM_AVG,2022,60.0,Promedio simple LATAM (n=20/20 países),2026-09-24T17:00:00Z,False,20
EG.ELC.RNEW.ZS,LATAM_AVG,2023,60.8,Promedio simple LATAM (n=20/20 países),2026-09-24T17:00:00Z,False,20
EG.ELC.RNEW.ZS,LATAM_AVG,2024,61.6,Promedio simple LATAM (n=20/20 países),2026-09-24T17:00:00Z,False,20
EG.ELC.RNEW.ZS,LCN,2010,56.9,World Bank API v2,2026-09-24T17:30:00Z,False,
EG.ELC.RNEW.ZS,LCN,2011,57.5,World Bank API v2,2026-09-24T17:30:00Z,False,
EG.ELC.RNEW.ZS,LCN,2012,58.0,World Bank API v2,2026-09-24T17:30:00Z,False,
EG.ELC.RNEW.ZS,LCN,2013,58.5,World Bank API v2,2026-09-24T17:30:00Z,False,
EG.ELC.RNEW.ZS,LCN,2014,59.0,World Bank API v2,2026-09-24T17:30:00Z,False,
EG.ELC.RNEW.ZS,LCN,2015,59.5,World Bank API v2,2026-09-24T17:30:00Z,False,
EG.ELC.RNEW.ZS,LCN,2016,60.1,World Bank API v2,2026-09-24T17:30:00Z,False,
EG.ELC.RNEW.ZS,LCN,2017,60.7,World Bank API v2,2026-09-24T17:30:00Z,False,
EG.ELC.RNEW.ZS,LCN,2018,61.3,World Bank API v2,2026-09-24T17:30:00Z,False,
EG.ELC.RNEW.ZS,LCN,2019,62.0,World Bank API v2,2026-09-24T17:30:00Z,False,
EG.ELC.RNEW.ZS,LCN,2020,62.6,World Bank API v2,2026-09-24T17:30:00Z,False,
EG.ELC.RNEW.ZS,LCN,2021,63.3,World Bank API v2,2026-09-24T17:30:00Z,False,
EG.ELC.RNEW.ZS,LCN,2022,63.9,World Bank API v2,2026-09-24T17:30:00Z,False,
EG.ELC.RNEW.ZS,LCN,2023,64.5,World Bank API v2,2026-09-24T17:30:00Z,False,
EG.ELC.RNEW.ZS,LCN,2024,65.0,World Bank API v2,2026-09-24T17:30:00Z,False,
EG.ELC.RNEW.ZS,MEX,2010,16.2,World Bank API v2,2026-09-24T17:30:00Z,False,
EG.ELC.RNEW.ZS,MEX,2011,16.9,World Bank API v2,2026-09-24T17:30:00Z,False,
EG.ELC.RNEW.ZS,MEX,2012,17.5,World Bank API v2,2026-09-24T17:30:00Z,False,
EG.ELC.RNEW.ZS,MEX,2013,18.1,World Bank API v2,2026-09-24T17:30:00Z,False,
EG.ELC.RNEW.ZS,MEX,2014,18.7,World Bank API v2,2026-09-24T17:30:00Z,False,
EG.ELC.RNEW.ZS,MEX,2015,19.3,World Bank API v2,2026-09-24T17:30:00Z,False,
EG.ELC.RNEW.ZS,MEX,2016,19.8,World Bank API v2,2026-09-24T17:30:00Z,False,
EG.ELC.RNEW.ZS,MEX,2017,20.4,World Bank API v2,2026-09-24T17:30:00Z,False,
EG.ELC.RNEW.ZS,MEX,2018,20.9,World Bank API v2,2026-09-24T17:30:00Z,False,
EG.ELC.RNEW.ZS,MEX,2019,21.4,World Bank API v2,2026-09-24T17:30:00Z,False,
EG.ELC.RNEW.ZS,MEX,2020,22.0,World Bank API v2,2026-09-24T17:30:00Z,False,
EG.ELC.RNEW.ZS,MEX,2021,22.6,World Bank API v2,2026-09-24T17:30:00Z,False,
EG.ELC.RNEW.ZS,MEX,2022,23.2,World Bank API v2,2026-09-24T17:30:00Z,False,
EG.ELC.RNEW.ZS,MEX,2023,23.8,World Bank API v2,2026-09-24T17:30:00Z,False,
EG.ELC.RNEW.ZS,MEX,2024,24.5,World Bank API v2,2026-09-24T17:30:00Z,False,
EG.ELC.RNEW.ZS,NIC,2010,37.3,World Bank API v2,2026-09-24T17:30:00Z,False,
EG.ELC.RNEW.ZS,NIC,2011,39.3,World Bank API v2,2026-09-24T17:30:00Z,False,
EG.ELC.RNEW.ZS,NIC,2012,41.2,World Bank API v2,2026-09-24T17:30:00Z,False,
EG.ELC.RNEW.ZS,NIC,2013,43.1,World Bank API v2,2026-09-24T17:30:00Z,False,
EG.ELC.RNEW.ZS,NIC,2014,44.9,World Bank API v2,2026-09-24T17:30:00Z,False,
EG.ELC.RNEW.ZS,NIC,2015,46.9,World Bank API v2,2026-09-24T17:30:00Z,False,
EG.ELC.RNEW.ZS,NIC,2016,49.0,World Bank API v2,2026-09-24T17:30:00Z,False,
EG.ELC.RNEW.ZS,NIC,2017,51.1,World Bank API v2,2026-09-24T17:30:00Z,False,
EG.ELC.RNEW.ZS,NIC,2018,53.4,World Bank API v2,2026-09-24T17:30:00Z,False,
EG.ELC.RNEW.ZS,NIC,2019,55.8,World Bank API v2,2026-09-24T17:30:00Z,False,
EG.ELC.RNEW.ZS,NIC,2020,58.1,World Bank API v2,2026-09-24T17:30:00Z,False,
EG.ELC.RNEW.ZS,NIC,2021,60.5,World Bank API v2,2026-09-24T17:30:00Z,False,
EG.ELC.RNEW.ZS,NIC,2022,62.8,World Bank API v2,2026-09-24T17:30:00Z,False,
EG.ELC.RNEW.ZS,NIC,2023,64.9,World Bank API v2,2026-09-24T17:30:00Z,False,
EG.ELC.RNEW.ZS,NIC,2024,67.0,World Bank API v2,2026-09-24T17:30:00Z,False,
EG.ELC.RNEW.ZS,OED,2010,19.6,World Bank API v2,2026-09-24T17:30:00Z,False,
EG.ELC.RNEW.ZS,OED,2011,20.8,World Bank API v2,2026-09-24T17:30:00Z,False,
EG.ELC.RNEW.ZS,OED,2012,21.9,World Bank API v2,2026-09-24T17:30:00Z,False,
EG.ELC.RNEW.ZS,OED,2013,22.9,World Bank API v2,2026-09-24T17:30:00Z,False,
EG.ELC.RNEW.ZS,OED,2014,23.9,World Bank API v2,2026-09-24T17:30:00Z,False,
EG.ELC.RNEW.ZS,OED,2015,24.9,World Bank API v2,2026-09-24T17:30:00Z,False,
EG.ELC.RNEW.ZS,OED,2016,25.8,World Bank API v2,2026-09-24T17:30:00Z,False,
EG.ELC.RNEW.ZS,OED,2017,26.9,World Bank API v2,2026-09-24T17:30:00Z,False,
EG.ELC.RNEW.ZS,OED,2018,27.9,World Bank API v2,2026-09-24T17:30:00Z,False,
EG.ELC.RNEW.ZS,OED,2019,29.0,World Bank API v2,2026-09-24T17:30:00Z,False,
EG.ELC.RNEW.ZS,OED,2020,30.2,World Bank API v2,2026-09-24T17:30:00Z,False,
EG.ELC.RNEW.ZS,OED,2021,31.4,World Bank API v2,2026-09-24T17:30:00Z,False,
EG.ELC.RNEW.ZS,OED,2022,32.6,World Bank API v2,2026-09-24T17:30:00Z,False,
EG.ELC.RNEW.ZS,OED,2023,33.9,World Bank API v2,2026-09-24T17:30:00Z,False,
EG.ELC.RNEW.ZS,OED,2024,35.0,World Bank API v2,2026-09-24T17:30:00Z,False,
EG.ELC.RNEW.ZS,PAN,2010,56.5,World Bank API v2,2026-09-24T17:30:00Z,False,
EG.ELC.RNEW.ZS,PAN,2011,57.7,World Bank API v2,2026-09-24T17:30:00Z,False,
EG.ELC.RNEW.ZS,PAN,2012,59.0,World Bank API v2,2026-09-24T17:30:00Z,False,
EG.ELC.RNEW.ZS,PAN,2013,60.3,World Bank API v2,2026-09-24T17:30:00Z,False,
EG.ELC.RNEW.ZS,PAN,2014,61.6,World Bank API v2,2026-09-24T17:30:00Z,False,
EG.ELC.RNEW.ZS,PAN,2015,63.0,World Bank API v2,2026-09-24T17:30:00Z,False,
EG.ELC.RNEW.ZS,PAN,2016,64.4,World Bank API v2,2026-09-24T17:30:00Z,False,
EG.ELC.RNEW.ZS,PAN,2017,65.8,World Bank API v2,2026-09-24T17:30:00Z,False,
EG.ELC.RNEW.ZS,PAN,2018,67.1,World Bank API v2,2026-09-24T17:30:00Z,False,
EG.ELC.RNEW.ZS,PAN,2019,68.3,World Bank API v2,2026-09-24T17:30:00Z,False,
EG.ELC.RNEW.ZS,PAN,2020,69.5,World Bank API v2,2026-09-24T17:30:00Z,False,
EG.ELC.RNEW.ZS,PAN,2021,70.6,World Bank API v2,2026-09-24T17:30:00Z,False,
EG.ELC.RNEW.ZS,PAN,2022,71.7,World Bank API v2,2026-09-24T17:30:00Z,False,
EG.ELC.RNEW.ZS,PAN,2023,72.8,World Bank API v2,2026-09-24T17:30:00Z,False,
EG.ELC.RNEW.ZS,PAN,2024,73.9,World Bank API v2,2026-09-24T17:30:00Z,False,
EG.ELC.RNEW.ZS,PER,2010,58.3,World Bank API v2,2026-09-24T17:30:00Z,False,
EG.ELC.RNEW.ZS,PER,2011,58.5,World Bank API v2,2026-09-24T17:30:00Z,False,
EG.ELC.RNEW.ZS,PER,2012,58.7,World Bank API v2,2026-09-24T17:30:00Z,False,
EG.ELC.RNEW.ZS,PER,2013,58.9,World Bank API v2,2026-09-24T17:30:00Z,False,
EG.ELC.RNEW.ZS,PER,2014,59.1,World Bank API v2,2026-09-24T17:30:00Z,False,
EG.ELC.RNEW.ZS,PER,2015,59.3,World Bank API v2,2026-09-24T17:30:00Z,False,
EG.ELC.RNEW.ZS,PER,2016,59.5,World Bank API v2,2026-09-24T17:30:00Z,False,
EG.ELC.RNEW.ZS,PER,2017,59.7,World Bank API v2,2026-09-24T17:30:00Z,False,
EG.ELC.RNEW.ZS,PER,2018,60.0,World Bank API v2,2026-09-24T17:30:00Z,False,
EG.ELC.RNEW.ZS,PER,2019,60.2,World Bank API v2,2026-09-24T17:30:00Z,False,
EG.ELC.RNEW.ZS,PER,2020,60.5,World Bank API v2,2026-09-24T17:30:00Z,False,
EG.ELC.RNEW.ZS,PER,2021,60.8,World Bank API v2,2026-09-24T17:30:00Z,False,
EG.ELC.RNEW.ZS,PER,2022,61.0,World Bank API v2,2026-09-24T17:30:00Z,False,
EG.ELC.RNEW.ZS,PER,2023,61.2,World Bank API v2,2026-09-24T17:30:00Z,False,
EG.ELC.RNEW.ZS,PER,2024,61.5,World Bank API v2,2026-09-24T17:30:00Z,False,
EG.ELC.RNEW.ZS,PRY,2010,99.8,World Bank API v2,2026-09-24T17:30:00Z,False,
EG.ELC.RNEW.ZS,PRY,2011,99.8,World Bank API v2,2026-09-24T17:30:00Z,False,
EG.ELC.RNEW.ZS,PRY,2012,99.8,World Bank API v2,2026-09-24T17:30:00Z,False,
EG.ELC.RNEW.ZS,PRY,2013,99.8,World Bank API v2,2026-09-24T17:30:00Z,False,
EG.ELC.RNEW.ZS,PRY,2014,99.8,World Bank API v2,2026-09-24T17:30:00Z,False,
EG.ELC.RNEW.ZS,PRY,2015,99.8,World Bank API v2,2026-09-24T17:30:00Z,False,
EG.ELC.RNEW.ZS,PRY,2016,99.8,World Bank API v2,2026-09-24T17:30:00Z,False,
EG.ELC.RNEW.ZS,PRY,2017,99.8,World Bank API v2,2026-09-24T17:30:00Z,False,
EG.ELC.RNEW.ZS,PRY,2018,99.9,World Bank API v2,2026-09-24T17:30:00Z,False,
EG.ELC.RNEW.ZS,PRY,2019,99.9,World Bank API v2,2026-09-24T17:30:00Z,False,
EG.ELC.RNEW.ZS,PRY,2020,99.9,World Bank API v2,2026-09-24T17:30:00Z,False,
EG.ELC.RNEW.ZS,PRY,2021,99.9,World Bank API v2,2026-09-24T17:30:00Z,False,
EG.ELC.RNEW.ZS,PRY,2022,99.9,World Bank API v2,2026-09-24T17:30:00Z,False,
EG.ELC.RNEW.ZS,PRY,2023,99.9,World Bank API v2,2026-09-24T17:30:00Z,False,
EG.ELC.RNEW.ZS,PRY,2024,99.9,World Bank API v2,2026-09-24T17:30:00Z,False,
EG.ELC.RNEW.ZS,SLV,2010,59.1,World Bank API v2,2026-09-24T17:30:00Z,False,
EG.ELC.RNEW.ZS,SLV,2011,60.4,World Bank API v2,2026-09-24T17:30:00Z,False,
EG.ELC.RNEW.ZS,SLV,2012,61.7,World Bank API v2,2026-09-24T17:30:00Z,False,
EG.ELC.RNEW.ZS,SLV,2013,63.1,World Bank API v2,2026-09-24T17:30:00Z,False,
EG.ELC.RNEW.ZS,SLV,2014,64.6,World Bank API v2,2026-09-24T17:30:00Z,False,
EG.ELC.RNEW.ZS,SLV,2015,66.1,World Bank API v2,2026-09-24T17:30:00Z,False,
EG.ELC.RNEW.ZS,SLV,2016,67.6,World Bank API v2,2026-09-24T17:30:00Z,False,
EG.ELC.RNEW.ZS,SLV,2017,69.1,World Bank API v2,2026-09-24T17:30:00Z,False,
EG.ELC.RNEW.ZS,SLV,2018,70.5,World Bank API v2,2026-09-24T17:30:00Z,False,
EG.ELC.RNEW.ZS,SLV,2019,71.8,World Bank API v2,2026-09-24T17:30:00Z,False,
EG.ELC.RNEW.ZS,SLV,2020,73.1,World Bank API v2,2026-09-24T17:30:00Z,False,
EG.ELC.RNEW.ZS,SLV,2021,74.3,World Bank API v2,2026-09-24T17:30:00Z,False,
EG.ELC.RNEW.ZS,SLV,2022,75.5,World Bank API v2,2026-09-24T17:30:00Z,False,
EG.ELC.RNEW.ZS,SLV,2023,76.7,World Bank API v2,2026-09-24T17:30:00Z,False,
EG.ELC.RNEW.ZS,SLV,2024,77.9,World Bank API v2,2026-09-24T17:30:00Z,False,
EG.ELC.RNEW.ZS,URY,2010,81.2,World Bank API v2,2026-09-24T17:30:00Z,False,
EG.ELC.RNEW.ZS,URY,2011,82.3,World Bank API v2,2026-09-24T17:30:00Z,False,
EG.ELC.RNEW.ZS,URY,2012,83.3,World Bank API v2,2026-09-24T17:30:00Z,False,
EG.ELC.RNEW.ZS,URY,2013,84.4,World Bank API v2,2026-09-24T17:30:00Z,False,
EG.ELC.RNEW.ZS,URY,2014,85.3,World Bank API v2,2026-09-24T17:30:00Z,False,
EG.ELC.RNEW.ZS,URY,2015,86.3,World Bank API v2,2026-09-24T17:30:00Z,False,
EG.ELC.RNEW.ZS,URY,2016,87.1,World Bank API v2,2026-09-24T17:30:00Z,False,
EG.ELC.RNEW.ZS,URY,2017,88.0,World Bank API v2,2026-09-24T17:30:00Z,False,
EG.ELC.RNEW.ZS,URY,2018,88.9,World Bank API v2,2026-09-24T17:30:00Z,False,
EG.ELC.RNEW.ZS,URY,2019,89.7,World Bank API v2,2026-09-24T17:30:00Z,False,
EG.ELC.RNEW.ZS,URY,2020,90.7,World Bank API v2,2026-09-24T17:30:00Z,False,
EG.ELC.RNEW.ZS,URY,2021,91.6,World Bank API v2,2026-09-24T17:30:00Z,False,
EG.ELC.RNEW.ZS,URY,2022,92.7,World Bank API v2,2026-09-24T17:30:00Z,False,
EG.ELC.RNEW.ZS,URY,2023,93.7,World Bank API v2,2026-09-24T17:30:00Z,False,
EG.ELC.RNEW.ZS,URY,2024,94.8,World Bank API v2,2026-09-24T17:30:00Z,False,
EG.ELC.RNEW.ZS,VEN,2010,68.4,World Bank API v2,2026-09-24T17:30:00Z,False,
EG.ELC.RNEW.ZS,VEN,2011,68.8,World Bank API v2,2026-09-24T17:30:00Z,False,
EG.ELC.RNEW.ZS,VEN,2012,69.2,World Bank API v2,2026-09-24T17:30:00Z,False,
EG.ELC.RNEW.ZS,VEN,2013,69.6,World Bank API v2,2026-09-24T17:30:00Z,False,
EG.ELC.RNEW.ZS,VEN,2014,70.1,World Bank API v2,2026-09-24T17:30:00Z,False,
EG.ELC.RNEW.ZS,VEN,2015,70.5,World Bank API v2,2026-09-24T17:30:00Z,False,
EG.ELC.RNEW.ZS,VEN,2016,71.0,World Bank API v2,2026-09-24T17:30:00Z,False,
EG.ELC.RNEW.ZS,VEN,2017,71.4,World Bank API v2,2026-09-24T17:30:00Z,False,
EG.ELC.RNEW.ZS,VEN,2018,71.9,World Bank API v2,2026-09-24T17:30:00Z,False,
EG.ELC.RNEW.ZS,VEN,2019,72.3,World Bank API v2,2026-09-24T17:30:00Z,False,
EG.ELC.RNEW.ZS,VEN,2020,72.7,World Bank API v2,2026-09-24T17:30:00Z,False,
EG.ELC.RNEW.ZS,VEN,2021,73.0,World Bank API v2,2026-09-24T17:30:00Z,False,
EG.ELC.RNEW.ZS,VEN,2022,73.4,World Bank API v2,2026-09-24T17:30:00Z,False,
EG.ELC.RNEW.ZS,VEN,2023,73.7,World Bank API v2,2026-09-24T17:30:00Z,False,
EG.ELC.RNEW.ZS,VEN,2024,74.1,World Bank API v2,2026-09-24T17:30:00Z,False,
EG.ELC.RNEW.ZS,WLD,2010,20.3,World Bank API v2,2026-09-24T17:30:00Z,False,
EG.ELC.RNEW.ZS,WLD,2011,21.1,World Bank API v2,2026-09-24T17:30:00Z,False,
EG.ELC.RNEW.ZS,WLD,2012,21.8,World Bank API v2,2026-09-24T17:30:00Z,False,
EG.ELC.RNEW.ZS,WLD,2013,22.5,World Bank API v2,2026-09-24T17:30:00Z,False,
EG.ELC.RNEW.ZS,WLD,2014,23.2,World Bank API v2,2026-09-24T17:30:00Z,False,
EG.ELC.RNEW.ZS,WLD,2015,23.9,World Bank API v2,2026-09-24T17:30:00Z,False,
EG.ELC.RNEW.ZS,WLD,2016,24.6,World Bank API v2,2026-09-24T17:30:00Z,False,
EG.ELC.RNEW.ZS,WLD,2017,25.3,World Bank API v2,2026-09-24T17:30:00Z,False,
EG.ELC.RNEW.ZS,WLD,2018,26.0,World Bank API v2,2026-09-24T17:30:00Z,False,
EG.ELC.RNEW.ZS,WLD,2019,26.8,World Bank API v2,2026-09-24T17:30:00Z,False,
EG.ELC.RNEW.ZS,WLD,2020,27.6,World Bank API v2,2026-09-24T17:30:00Z,False,
EG.ELC.RNEW.ZS,WLD,2021,28.4,World Bank API v2,2026-09-24T17:30:00Z,False,
EG.ELC.RNEW.ZS,WLD,2022,29.3,World Bank API v2,2026-09-24T17:30:00Z,False,
EG.ELC.RNEW.ZS,WLD,2023,30.1,World Bank API v2,2026-09-24T17:30:00Z,False,
EG.ELC.RNEW.ZS,WLD,2024,31.0,World Bank API v2,2026-09-24T17:30:00Z,False,
EG.FEC.RNEW.ZS,ARG,2010,8.9,World Bank API v2,2026-09-24T17:30:00Z,False,
EG.FEC.RNEW.ZS,ARG,2011,9.1,World Bank API v2,2026-09-24T17:30:00Z,False,
EG.FEC.RNEW.ZS,ARG,2012,9.2,World Bank API v2,2026-09-24T17:30:00Z,False,
EG.FEC.RNEW.ZS,ARG,2013,9.4,World Bank API v2,2026-09-24T17:30:00Z,False,
EG.FEC.RNEW.ZS,ARG,2014,9.6,World Bank API v2,2026-09-24T17:30:00Z,False,
EG.FEC.RNEW.ZS,ARG,2015,9.8,World Bank API v2,2026-09-24T17:30:00Z,False,
EG.FEC.RNEW.ZS,ARG,2016,10.0,World Bank API v2,2026-09-24T17:30:00Z,False,
EG.FEC.RNEW.ZS,ARG,2017,10.3,World Bank API v2,2026-09-24T17:30:00Z,False,
EG.FEC.RNEW.ZS,ARG,2018,10.5,World Bank API v2,2026-09-24T17:30:00Z,False,
EG.FEC.RNEW.ZS,ARG,2019,10.7,World Bank API v2,2026-09-24T17:30:00Z,False,
EG.FEC.RNEW.ZS,ARG,2020,10.9,World Bank API v2,2026-09-24T17:30:00Z,False,
EG.FEC.RNEW.ZS,ARG,2021,11.0,World Bank API v2,2026-09-24T17:30:00Z,False,
EG.FEC.RNEW.ZS,ARG,2022,11.2,World Bank API v2,2026-09-24T17:30:00Z,False,
EG.FEC.RNEW.ZS,BOL,2010,18.5,World Bank API v2,2026-09-24T17:30:00Z,False,
EG.FEC.RNEW.ZS,BOL,2011,18.4,World Bank API v2,2026-09-24T17:30:00Z,False,
EG.FEC.RNEW.ZS,BOL,2012,18.2,World Bank API v2,2026-09-24T17:30:00Z,False,
EG.FEC.RNEW.ZS,BOL,2013,18.1,World Bank API v2,2026-09-24T17:30:00Z,False,
EG.FEC.RNEW.ZS,BOL,2014,18.0,World Bank API v2,2026-09-24T17:30:00Z,False,
EG.FEC.RNEW.ZS,BOL,2015,17.8,World Bank API v2,2026-09-24T17:30:00Z,False,
EG.FEC.RNEW.ZS,BOL,2016,17.7,World Bank API v2,2026-09-24T17:30:00Z,False,
EG.FEC.RNEW.ZS,BOL,2017,17.6,World Bank API v2,2026-09-24T17:30:00Z,False,
EG.FEC.RNEW.ZS,BOL,2018,17.4,World Bank API v2,2026-09-24T17:30:00Z,False,
EG.FEC.RNEW.ZS,BOL,2019,17.3,World Bank API v2,2026-09-24T17:30:00Z,False,
EG.FEC.RNEW.ZS,BOL,2020,17.2,World Bank API v2,2026-09-24T17:30:00Z,False,
EG.FEC.RNEW.ZS,BOL,2021,17.0,World Bank API v2,2026-09-24T17:30:00Z,False,
EG.FEC.RNEW.ZS,BOL,2022,16.9,World Bank API v2,2026-09-24T17:30:00Z,False,
EG.FEC.RNEW.ZS,BRA,2010,46.8,World Bank API v2,2026-09-24T17:30:00Z,False,
EG.FEC.RNEW.ZS,BRA,2011,47.1,World Bank API v2,2026-09-24T17:30:00Z,False,
EG.FEC.RNEW.ZS,BRA,2012,47.3,World Bank API v2,2026-09-24T17:30:00Z,False,
EG.FEC.RNEW.ZS,BRA,2013,47.5,World Bank API v2,2026-09-24T17:30:00Z,False,
EG.FEC.RNEW.ZS,BRA,2014,47.8,World Bank API v2,2026-09-24T17:30:00Z,False,
EG.FEC.RNEW.ZS,BRA,2015,48.0,World Bank API v2,2026-09-24T17:30:00Z,False,
EG.FEC.RNEW.ZS,BRA,2016,48.1,World Bank API v2,2026-09-24T17:30:00Z,False,
EG.FEC.RNEW.ZS,BRA,2017,48.3,World Bank API v2,2026-09-24T17:30:00Z,False,
EG.FEC.RNEW.ZS,BRA,2018,48.5,World Bank API v2,2026-09-24T17:30:00Z,False,
EG.FEC.RNEW.ZS,BRA,2019,48.8,World Bank API v2,2026-09-24T17:30:00Z,False,
EG.FEC.RNEW.ZS,BRA,2020,49.0,World Bank API v2,2026-09-24T17:30:00Z,False,
EG.FEC.RNEW.ZS,BRA,2021,49.2,World Bank API v2,2026-09-24T17:30:00Z,False,
EG.FEC.RNEW.ZS,BRA,2022,49.5,World Bank API v2,2026-09-24T17:30:00Z,False,
EG.FEC.RNEW.ZS,CHL,2010,27.1,World Bank API v2,2026-09-24T17:30:00Z,False,
EG.FEC.RNEW.ZS,CHL,2011,27.7,World Bank API v2,2026-09-24T17:30:00Z,False,
EG.FEC.RNEW.ZS,CHL,2012,28.4,World Bank API v2,2026-09-24T17:30:00Z,False,
EG.FEC.RNEW.ZS,CHL,2013,29.1,World Bank API v2,2026-09-24T17:30:00Z,False,
EG.FEC.RNEW.ZS,CHL,2014,29.8,World Bank API v2,2026-09-24T17:30:00Z,False,
EG.FEC.RNEW.ZS,CHL,2015,30.5,World Bank API v2,2026-09-24T17:30:00Z,False,
EG.FEC.RNEW.ZS,CHL,2016,31.1,World Bank API v2,2026-09-24T17:30:00Z,False,
EG.FEC.RNEW.ZS,CHL,2017,31.7,World Bank API v2,2026-09-24T17:30:00Z,False,
EG.FEC.RNEW.ZS,CHL,2018,32.3,World Bank API v2,2026-09-24T17:30:00Z,False,
EG.FEC.RNEW.ZS,CHL,2019,32.9,World Bank API v2,2026-09-24T17:30:00Z,False,
EG.FEC.RNEW.ZS,CHL,2020,33.4,World Bank API v2,2026-09-24T17:30:00Z,False,
EG.FEC.RNEW.ZS,CHL,2021,34.0,World Bank API v2,2026-09-24T17:30:00Z,False,
EG.FEC.RNEW.ZS,CHL,2022,34.7,World Bank API v2,2026-09-24T17:30:00Z,False,
EG.FEC.RNEW.ZS,COL,2010,27.9,World Bank API v2,2026-09-24T17:30:00Z,False,
EG.FEC.RNEW.ZS,COL,2011,28.2,World Bank API v2,2026-09-24T17:30:00Z,False,
EG.FEC.RNEW.ZS,COL,2012,28.5,World Bank API v2,2026-09-24T17:30:00Z,False,
EG.FEC.RNEW.ZS,COL,2013,28.7,World Bank API v2,2026-09-24T17:30:00Z,False,
EG.FEC.RNEW.ZS,COL,2014,29.0,World Bank API v2,2026-09-24T17:30:00Z,False,
EG.FEC.RNEW.ZS,COL,2015,29.3,World Bank API v2,2026-09-24T17:30:00Z,False,
EG.FEC.RNEW.ZS,COL,2016,29.5,World Bank API v2,2026-09-24T17:30:00Z,False,
EG.FEC.RNEW.ZS,COL,2017,29.8,World Bank API v2,2026-09-24T17:30:00Z,False,
EG.FEC.RNEW.ZS,COL,2018,30.1,World Bank API v2,2026-09-24T17:30:00Z,False,
EG.FEC.RNEW.ZS,COL,2019,30.5,World Bank API v2,2026-09-24T17:30:00Z,False,
EG.FEC.RNEW.ZS,COL,2020,30.8,World Bank API v2,2026-09-24T17:30:00Z,False,
EG.FEC.RNEW.ZS,COL,2021,31.1,World Bank API v2,2026-09-24T17:30:00Z,False,
EG.FEC.RNEW.ZS,COL,2022,31.5,World Bank API v2,2026-09-24T17:30:00Z,False,
EG.FEC.RNEW.ZS,CRI,2010,41.2,World Bank API v2,2026-09-24T17:30:00Z,False,
EG.FEC.RNEW.ZS,CRI,2011,41.0,World Bank API v2,2026-09-24T17:30:00Z,False,
EG.FEC.RNEW.ZS,CRI,2012,40.8,World Bank API v2,2026-09-24T17:30:00Z,False,
EG.FEC.RNEW.ZS,CRI,2013,40.6,World Bank API v2,2026-09-24T17:30:00Z,False,
EG.FEC.RNEW.ZS,CRI,2014,40.5,World Bank API v2,2026-09-24T17:30:00Z,False,
EG.FEC.RNEW.ZS,CRI,2015,40.3,World Bank API v2,2026-09-24T17:30:00Z,False,
EG.FEC.RNEW.ZS,CRI,2016,40.0,World Bank API v2,2026-09-24T17:30:00Z,False,
EG.FEC.RNEW.ZS,CRI,2017,39.8,World Bank API v2,2026-09-24T17:30:00Z,False,
EG.FEC.RNEW.ZS,CRI,2018,39.6,World Bank API v2,2026-09-24T17:30:00Z,False,
EG.FEC.RNEW.ZS,CRI,2019,39.5,World Bank API v2,2026-09-24T17:30:00Z,False,
EG.FEC.RNEW.ZS,CRI,2020,39.3,World Bank API v2,2026-09-24T17:30:00Z,False,
EG.FEC.RNEW.ZS,CRI,2021,39.1,World Bank API v2,2026-09-24T17:30:00Z,False,
EG.FEC.RNEW.ZS,CRI,2022,38.9,World Bank API v2,2026-09-24T17:30:00Z,False,
EG.FEC.RNEW.ZS,CUB,2010,19.1,World Bank API v2,2026-09-24T17:30:00Z,False,
EG.FEC.RNEW.ZS,CUB,2011,19.4,World Bank API v2,2026-09-24T17:30:00Z,False,
EG.FEC.RNEW.ZS,CUB,2012,19.7,World Bank API v2,2026-09-24T17:30:00Z,False,
EG.FEC.RNEW.ZS,CUB,2013,20.0,World Bank API v2,2026-09-24T17:30:00Z,False,
EG.FEC.RNEW.ZS,CUB,2014,20.3,World Bank API v2,2026-09-24T17:30:00Z,False,
EG.FEC.RNEW.ZS,CUB,2015,20.6,World Bank API v2,2026-09-24T17:30:00Z,False,
EG.FEC.RNEW.ZS,CUB,2016,20.9,World Bank API v2,2026-09-24T17:30:00Z,False,
EG.FEC.RNEW.ZS,CUB,2017,21.1,World Bank API v2,2026-09-24T17:30:00Z,False,
EG.FEC.RNEW.ZS,CUB,2018,21.4,World Bank API v2,2026-09-24T17:30:00Z,False,
EG.FEC.RNEW.ZS,CUB,2019,21.6,World Bank API v2,2026-09-24T17:30:00Z,False,
EG.FEC.RNEW.ZS,CUB,2020,21.8,World Bank API v2,2026-09-24T17:30:00Z,False,
EG.FEC.RNEW.ZS,CUB,2021,22.1,World Bank API v2,2026-09-24T17:30:00Z,False,
EG.FEC.RNEW.ZS,CUB,2022,22.3,World Bank API v2,2026-09-24T17:30:00Z,False,
EG.FEC.RNEW.ZS,DOM,2010,16.4,World Bank API v2,2026-09-24T17:30:00Z,False,
EG.FEC.RNEW.ZS,DOM,2011,16.5,World Bank API v2,2026-09-24T17:30:00Z,False,
EG.FEC.RNEW.ZS,DOM,2012,16.6,World Bank API v2,2026-09-24T17:30:00Z,False,
EG.FEC.RNEW.ZS,DOM,2013,16.7,World Bank API v2,2026-09-24T17:30:00Z,False,
EG.FEC.RNEW.ZS,DOM,2014,16.8,World Bank API v2,2026-09-24T17:30:00Z,False,
EG.FEC.RNEW.ZS,DOM,2015,17.0,World Bank API v2,2026-09-24T17:30:00Z,False,
EG.FEC.RNEW.ZS,DOM,2016,17.1,World Bank API v2,2026-09-24T17:30:00Z,False,
EG.FEC.RNEW.ZS,DOM,2017,17.2,World Bank API v2,2026-09-24T17:30:00Z,False,
EG.FEC.RNEW.ZS,DOM,2018,17.4,World Bank API v2,2026-09-24T17:30:00Z,False,
EG.FEC.RNEW.ZS,DOM,2019,17.5,World Bank API v2,2026-09-24T17:30:00Z,False,
EG.FEC.RNEW.ZS,DOM,2020,17.6,World Bank API v2,2026-09-24T17:30:00Z,False,
EG.FEC.RNEW.ZS,DOM,2021,17.7,World Bank API v2,2026-09-24T17:30:00Z,False,
EG.FEC.RNEW.ZS,DOM,2022,17.8,World Bank API v2,2026-09-24T17:30:00Z,False,
EG.FEC.RNEW.ZS,ECU,2010,12.8,World Bank API v2,2026-09-24T17:30:00Z,False,
EG.FEC.RNEW.ZS,ECU,2011,13.3,World Bank API v2,2026-09-24T17:30:00Z,False,
EG.FEC.RNEW.ZS,ECU,2012,13.8,World Bank API v2,2026-09-24T17:30:00Z,False,
EG.FEC.RNEW.ZS,ECU,2013,14.3,World Bank API v2,2026-09-24T17:30:00Z,False,
EG.FEC.RNEW.ZS,ECU,2014,14.7,World Bank API v2,2026-09-24T17:30:00Z,False,
EG.FEC.RNEW.ZS,ECU,2015,15.1,World Bank API v2,2026-09-24T17:30:00Z,False,
EG.FEC.RNEW.ZS,ECU,2016,15.5,World Bank API v2,2026-09-24T17:30:00Z,False,
EG.FEC.RNEW.ZS,ECU,2017,15.9,World Bank API v2,2026-09-24T17:30:00Z,False,
EG.FEC.RNEW.ZS,ECU,2018,16.3,World Bank API v2,2026-09-24T17:30:00Z,False,
EG.FEC.RNEW.ZS,ECU,2019,16.7,World Bank API v2,2026-09-24T17:30:00Z,False,
EG.FEC.RNEW.ZS,ECU,2020,17.2,World Bank API v2,2026-09-24T17:30:00Z,False,
EG.FEC.RNEW.ZS,ECU,2021,17.7,World Bank API v2,2026-09-24T17:30:00Z,False,
EG.FEC.RNEW.ZS,ECU,2022,18.2,World Bank API v2,2026-09-24T17:30:00Z,False,
EG.FEC.RNEW.ZS,GTM,2010,64.2,World Bank API v2,2026-09-24T17:30:00Z,False,
EG.FEC.RNEW.ZS,GTM,2011,64.0,World Bank API v2,2026-09-24T17:30:00Z,False,
EG.FEC.RNEW.ZS,GTM,2012,63.8,World Bank API v2,2026-09-24T17:30:00Z,False,
EG.FEC.RNEW.ZS,GTM,2013,63.6,World Bank API v2,2026-09-24T17:30:00Z,False,
EG.FEC.RNEW.ZS,GTM,2014,63.3,World Bank API v2,2026-09-24T17:30:00Z,False,
EG.FEC.RNEW.ZS,GTM,2015,63.1,World Bank API v2,2026-09-24T17:30:00Z,False,
EG.FEC.RNEW.ZS,GTM,2016,62.9,World Bank API v2,2026-09-24T17:30:00Z,False,
EG.FEC.RNEW.ZS,GTM,2017,62.6,World Bank API v2,2026-09-24T17:30:00Z,False,
EG.FEC.RNEW.ZS,GTM,2018,62.4,World Bank API v2,2026-09-24T17:30:00Z,False,
EG.FEC.RNEW.ZS,GTM,2019,62.1,World Bank API v2,2026-09-24T17:30:00Z,False,
EG.FEC.RNEW.ZS,GTM,2020,61.9,World Bank API v2,2026-09-24T17:30:00Z,False,
EG.FEC.RNEW.ZS,GTM,2021,61.7,World Bank API v2,2026-09-24T17:30:00Z,False,
EG.FEC.RNEW.ZS,GTM,2022,61.5,World Bank API v2,2026-09-24T17:30:00Z,False,
EG.FEC.RNEW.ZS,HND,2010,51.8,World Bank API v2,2026-09-24T17:30:00Z,False,
EG.FEC.RNEW.ZS,HND,2011,51.5,World Bank API v2,2026-09-24T17:30:00Z,False,
EG.FEC.RNEW.ZS,HND,2012,51.3,World Bank API v2,2026-09-24T17:30:00Z,False,
EG.FEC.RNEW.ZS,HND,2013,51.1,World Bank API v2,2026-09-24T17:30:00Z,False,
EG.FEC.RNEW.ZS,HND,2014,50.9,World Bank API v2,2026-09-24T17:30:00Z,False,
EG.FEC.RNEW.ZS,HND,2015,50.6,World Bank API v2,2026-09-24T17:30:00Z,False,
EG.FEC.RNEW.ZS,HND,2016,50.4,World Bank API v2,2026-09-24T17:30:00Z,False,
EG.FEC.RNEW.ZS,HND,2017,50.1,World Bank API v2,2026-09-24T17:30:00Z,False,
EG.FEC.RNEW.ZS,HND,2018,49.9,World Bank API v2,2026-09-24T17:30:00Z,False,
EG.FEC.RNEW.ZS,HND,2019,49.6,World Bank API v2,2026-09-24T17:30:00Z,False,
EG.FEC.RNEW.ZS,HND,2020,49.4,World Bank API v2,2026-09-24T17:30:00Z,False,
EG.FEC.RNEW.ZS,HND,2021,49.1,World Bank API v2,2026-09-24T17:30:00Z,False,
EG.FEC.RNEW.ZS,HND,2022,48.9,World Bank API v2,2026-09-24T17:30:00Z,False,
EG.FEC.RNEW.ZS,HTI,2010,78.5,World Bank API v2,2026-09-24T17:30:00Z,False,
EG.FEC.RNEW.ZS,HTI,2011,78.2,World Bank API v2,2026-09-24T17:30:00Z,False,
EG.FEC.RNEW.ZS,HTI,2012,77.8,World Bank API v2,2026-09-24T17:30:00Z,False,
EG.FEC.RNEW.ZS,HTI,2013,77.5,World Bank API v2,2026-09-24T17:30:00Z,False,
EG.FEC.RNEW.ZS,HTI,2014,77.1,World Bank API v2,2026-09-24T17:30:00Z,False,
EG.FEC.RNEW.ZS,HTI,2015,76.7,World Bank API v2,2026-09-24T17:30:00Z,False,
EG.FEC.RNEW.ZS,HTI,2016,76.3,World Bank API v2,2026-09-24T17:30:00Z,False,
EG.FEC.RNEW.ZS,HTI,2017,76.0,World Bank API v2,2026-09-24T17:30:00Z,False,
EG.FEC.RNEW.ZS,HTI,2018,75.6,World Bank API v2,2026-09-24T17:30:00Z,False,
EG.FEC.RNEW.ZS,HTI,2019,75.2,World Bank API v2,2026-09-24T17:30:00Z,False,
EG.FEC.RNEW.ZS,HTI,2020,74.9,World Bank API v2,2026-09-24T17:30:00Z,False,
EG.FEC.RNEW.ZS,HTI,2021,74.5,World Bank API v2,2026-09-24T17:30:00Z,False,
EG.FEC.RNEW.ZS,HTI,2022,74.2,World Bank API v2,2026-09-24T17:30:00Z,False,
EG.FEC.RNEW.ZS,LATAM_AVG,2010,34.0,Promedio simple LATAM (n=20/20 países),2026-09-24T17:00:00Z,False,20
EG.FEC.RNEW.ZS,LATAM_AVG,2011,34.2,Promedio simple LATAM (n=20/20 países),2026-09-24T17:00:00Z,False,20
EG.FEC.RNEW.ZS,LATAM_AVG,2012,34.3,Promedio simple LATAM (n=20/20 países),2026-09-24T17:00:00Z,False,20
EG.FEC.RNEW.ZS,LATAM_AVG,2013,34.4,Promedio simple LATAM (n=20/20 países),2026-09-24T17:00:00Z,False,20
EG.FEC.RNEW.ZS,LATAM_AVG,2014,34.5,Promedio simple LATAM (n=20/20 países),2026-09-24T17:00:00Z,False,20
EG.FEC.RNEW.ZS,LATAM_AVG,2015,34.6,Promedio simple LATAM (n=20/20 países),2026-09-24T17:00:00Z,False,20
EG.FEC.RNEW.ZS,LATAM_AVG,2016,34.7,Promedio simple LATAM (n=20/20 países),2026-09-24T17:00:00Z,False,20
EG.FEC.RNEW.ZS,LATAM_AVG,2017,34.8,Promedio simple LATAM (n=20/20 países),2026-09-24T17:00:00Z,False,20
EG.FEC.RNEW.ZS,LATAM_AVG,2018,34.9,Promedio simple LATAM (n=20/20 países),2026-09-24T17:00:00Z,False,20
EG.FEC.RNEW.ZS,LATAM_AVG,2019,35.0,Promedio simple LATAM (n=20/20 países),2026-09-24T17:00:00Z,False,20
EG.FEC.RNEW.ZS,LATAM_AVG,2020,35.2,Promedio simple LATAM (n=20/20 países),2026-09-24T17:00:00Z,False,20
EG.FEC.RNEW.ZS,LATAM_AVG,2021,35.3,Promedio simple LATAM (n=20/20 países),2026-09-24T17:00:00Z,False,20
EG.FEC.RNEW.ZS,LATAM_AVG,2022,35.4,Promedio simple LATAM (n=20/20 países),2026-09-24T17:00:00Z,False,20
EG.FEC.RNEW.ZS,LCN,2010,29.4,World Bank API v2,2026-09-24T17:30:00Z,False,
EG.FEC.RNEW.ZS,LCN,2011,29.7,World Bank API v2,2026-09-24T17:30:00Z,False,
EG.FEC.RNEW.ZS,LCN,2012,30.0,World Bank API v2,2026-09-24T17:30:00Z,False,
EG.FEC.RNEW.ZS,LCN,2013,30.3,World Bank API v2,2026-09-24T17:30:00Z,False,
EG.FEC.RNEW.ZS,LCN,2014,30.6,World Bank API v2,2026-09-24T17:30:00Z,False,
EG.FEC.RNEW.ZS,LCN,2015,30.9,World Bank API v2,2026-09-24T17:30:00Z,False,
EG.FEC.RNEW.ZS,LCN,2016,31.1,World Bank API v2,2026-09-24T17:30:00Z,False,
EG.FEC.RNEW.ZS,LCN,2017,31.4,World Bank API v2,2026-09-24T17:30:00Z,False,
EG.FEC.RNEW.ZS,LCN,2018,31.6,World Bank API v2,2026-09-24T17:30:00Z,False,
EG.FEC.RNEW.ZS,LCN,2019,31.9,World Bank API v2,2026-09-24T17:30:00Z,False,
EG.FEC.RNEW.ZS,LCN,2020,32.2,World Bank API v2,2026-09-24T17:30:00Z,False,
EG.FEC.RNEW.ZS,LCN,2021,32.5,World Bank API v2,2026-09-24T17:30:00Z,False,
EG.FEC.RNEW.ZS,LCN,2022,32.8,World Bank API v2,2026-09-24T17:30:00Z,False,
EG.FEC.RNEW.ZS,MEX,2010,9.3,World Bank API v2,2026-09-24T17:30:00Z,False,
EG.FEC.RNEW.ZS,MEX,2011,9.6,World Bank API v2,2026-09-24T17:30:00Z,False,
EG.FEC.RNEW.ZS,MEX,2012,9.9,World Bank API v2,2026-09-24T17:30:00Z,False,
EG.FEC.RNEW.ZS,MEX,2013,10.2,World Bank API v2,2026-09-24T17:30:00Z,False,
EG.FEC.RNEW.ZS,MEX,2014,10.5,World Bank API v2,2026-09-24T17:30:00Z,False,
EG.FEC.RNEW.ZS,MEX,2015,10.8,World Bank API v2,2026-09-24T17:30:00Z,False,
EG.FEC.RNEW.ZS,MEX,2016,11.2,World Bank API v2,2026-09-24T17:30:00Z,False,
EG.FEC.RNEW.ZS,MEX,2017,11.5,World Bank API v2,2026-09-24T17:30:00Z,False,
EG.FEC.RNEW.ZS,MEX,2018,11.7,World Bank API v2,2026-09-24T17:30:00Z,False,
EG.FEC.RNEW.ZS,MEX,2019,12.0,World Bank API v2,2026-09-24T17:30:00Z,False,
EG.FEC.RNEW.ZS,MEX,2020,12.2,World Bank API v2,2026-09-24T17:30:00Z,False,
EG.FEC.RNEW.ZS,MEX,2021,12.5,World Bank API v2,2026-09-24T17:30:00Z,False,
EG.FEC.RNEW.ZS,MEX,2022,12.7,World Bank API v2,2026-09-24T17:30:00Z,False,
EG.FEC.RNEW.ZS,NIC,2010,48.5,World Bank API v2,2026-09-24T17:30:00Z,False,
EG.FEC.RNEW.ZS,NIC,2011,48.6,World Bank API v2,2026-09-24T17:30:00Z,False,
EG.FEC.RNEW.ZS,NIC,2012,48.7,World Bank API v2,2026-09-24T17:30:00Z,False,
EG.FEC.RNEW.ZS,NIC,2013,48.9,World Bank API v2,2026-09-24T17:30:00Z,False,
EG.FEC.RNEW.ZS,NIC,2014,49.0,World Bank API v2,2026-09-24T17:30:00Z,False,
EG.FEC.RNEW.ZS,NIC,2015,49.2,World Bank API v2,2026-09-24T17:30:00Z,False,
EG.FEC.RNEW.ZS,NIC,2016,49.3,World Bank API v2,2026-09-24T17:30:00Z,False,
EG.FEC.RNEW.ZS,NIC,2017,49.5,World Bank API v2,2026-09-24T17:30:00Z,False,
EG.FEC.RNEW.ZS,NIC,2018,49.7,World Bank API v2,2026-09-24T17:30:00Z,False,
EG.FEC.RNEW.ZS,NIC,2019,49.8,World Bank API v2,2026-09-24T17:30:00Z,False,
EG.FEC.RNEW.ZS,NIC,2020,50.0,World Bank API v2,2026-09-24T17:30:00Z,False,
EG.FEC.RNEW.ZS,NIC,2021,50.1,World Bank API v2,2026-09-24T17:30:00Z,False,
EG.FEC.RNEW.ZS,NIC,2022,50.2,World Bank API v2,2026-09-24T17:30:00Z,False,
EG.FEC.RNEW.ZS,OED,2010,11.1,World Bank API v2,2026-09-24T17:30:00Z,False,
EG.FEC.RNEW.ZS,OED,2011,11.6,World Bank API v2,2026-09-24T17:30:00Z,False,
EG.FEC.RNEW.ZS,OED,2012,12.1,World Bank API v2,2026-09-24T17:30:00Z,False,
EG.FEC.RNEW.ZS,OED,2013,12.7,World Bank API v2,2026-09-24T17:30:00Z,False,
EG.FEC.RNEW.ZS,OED,2014,13.2,World Bank API v2,2026-09-24T17:30:00Z,False,
EG.FEC.RNEW.ZS,OED,2015,13.7,World Bank API v2,2026-09-24T17:30:00Z,False,
EG.FEC.RNEW.ZS,OED,2016,14.2,World Bank API v2,2026-09-24T17:30:00Z,False,
EG.FEC.RNEW.ZS,OED,2017,14.6,World Bank API v2,2026-09-24T17:30:00Z,False,
EG.FEC.RNEW.ZS,OED,2018,15.0,World Bank API v2,2026-09-24T17:30:00Z,False,
EG.FEC.RNEW.ZS,OED,2019,15.4,World Bank API v2,2026-09-24T17:30:00Z,False,
EG.FEC.RNEW.ZS,OED,2020,15.9,World Bank API v2,2026-09-24T17:30:00Z,False,
EG.FEC.RNEW.ZS,OED,2021,16.3,World Bank API v2,2026-09-24T17:30:00Z,False,
EG.FEC.RNEW.ZS,OED,2022,16.8,World Bank API v2,2026-09-24T17:30:00Z,False,
EG.FEC.RNEW.ZS,PAN,2010,21.5,World Bank API v2,2026-09-24T17:30:00Z,False,
EG.FEC.RNEW.ZS,PAN,2011,22.0,World Bank API v2,2026-09-24T17:30:00Z,False,
EG.FEC.RNEW.ZS,PAN,2012,22.4,World Bank API v2,2026-09-24T17:30:00Z,False,
EG.FEC.RNEW.ZS,PAN,2013,22.8,World Bank API v2,2026-09-24T17:30:00Z,False,
EG.FEC.RNEW.ZS,PAN,2014,23.2,World Bank API v2,2026-09-24T17:30:00Z,False,
EG.FEC.RNEW.ZS,PAN,2015,23.6,World Bank API v2,2026-09-24T17:30:00Z,False,
EG.FEC.RNEW.ZS,PAN,2016,23.9,World Bank API v2,2026-09-24T17:30:00Z,False,
EG.FEC.RNEW.ZS,PAN,2017,24.3,World Bank API v2,2026-09-24T17:30:00Z,False,
EG.FEC.RNEW.ZS,PAN,2018,24.7,World Bank API v2,2026-09-24T17:30:00Z,False,
EG.FEC.RNEW.ZS,PAN,2019,25.1,World Bank API v2,2026-09-24T17:30:00Z,False,
EG.FEC.RNEW.ZS,PAN,2020,25.5,World Bank API v2,2026-09-24T17:30:00Z,False,
EG.FEC.RNEW.ZS,PAN,2021,25.9,World Bank API v2,2026-09-24T17:30:00Z,False,
EG.FEC.RNEW.ZS,PAN,2022,26.4,World Bank API v2,2026-09-24T17:30:00Z,False,
EG.FEC.RNEW.ZS,PER,2010,29.5,World Bank API v2,2026-09-24T17:30:00Z,False,
EG.FEC.RNEW.ZS,PER,2011,29.4,World Bank API v2,2026-09-24T17:30:00Z,False,
EG.FEC.RNEW.ZS,PER,2012,29.3,World Bank API v2,2026-09-24T17:30:00Z,False,
EG.FEC.RNEW.ZS,PER,2013,29.2,World Bank API v2,2026-09-24T17:30:00Z,False,
EG.FEC.RNEW.ZS,PER,2014,29.1,World Bank API v2,2026-09-24T17:30:00Z,False,
EG.FEC.RNEW.ZS,PER,2015,29.0,World Bank API v2,2026-09-24T17:30:00Z,False,
EG.FEC.RNEW.ZS,PER,2016,28.9,World Bank API v2,2026-09-24T17:30:00Z,False,
EG.FEC.RNEW.ZS,PER,2017,28.9,World Bank API v2,2026-09-24T17:30:00Z,False,
EG.FEC.RNEW.ZS,PER,2018,28.8,World Bank API v2,2026-09-24T17:30:00Z,False,
EG.FEC.RNEW.ZS,PER,2019,28.7,World Bank API v2,2026-09-24T17:30:00Z,False,
EG.FEC.RNEW.ZS,PER,2020,28.6,World Bank API v2,2026-09-24T17:30:00Z,False,
EG.FEC.RNEW.ZS,PER,2021,28.5,World Bank API v2,2026-09-24T17:30:00Z,False,
EG.FEC.RNEW.ZS,PER,2022,28.4,World Bank API v2,2026-09-24T17:30:00Z,False,
EG.FEC.RNEW.ZS,PRY,2010,62.5,World Bank API v2,2026-09-24T17:30:00Z,False,
EG.FEC.RNEW.ZS,PRY,2011,62.3,World Bank API v2,2026-09-24T17:30:00Z,False,
EG.FEC.RNEW.ZS,PRY,2012,62.1,World Bank API v2,2026-09-24T17:30:00Z,False,
EG.FEC.RNEW.ZS,PRY,2013,62.0,World Bank API v2,2026-09-24T17:30:00Z,False,
EG.FEC.RNEW.ZS,PRY,2014,61.8,World Bank API v2,2026-09-24T17:30:00Z,False,
EG.FEC.RNEW.ZS,PRY,2015,61.6,World Bank API v2,2026-09-24T17:30:00Z,False,
EG.FEC.RNEW.ZS,PRY,2016,61.5,World Bank API v2,2026-09-24T17:30:00Z,False,
EG.FEC.RNEW.ZS,PRY,2017,61.3,World Bank API v2,2026-09-24T17:30:00Z,False,
EG.FEC.RNEW.ZS,PRY,2018,61.1,World Bank API v2,2026-09-24T17:30:00Z,False,
EG.FEC.RNEW.ZS,PRY,2019,60.9,World Bank API v2,2026-09-24T17:30:00Z,False,
EG.FEC.RNEW.ZS,PRY,2020,60.8,World Bank API v2,2026-09-24T17:30:00Z,False,
EG.FEC.RNEW.ZS,PRY,2021,60.6,World Bank API v2,2026-09-24T17:30:00Z,False,
EG.FEC.RNEW.ZS,PRY,2022,60.4,World Bank API v2,2026-09-24T17:30:00Z,False,
EG.FEC.RNEW.ZS,SLV,2010,31.2,World Bank API v2,2026-09-24T17:30:00Z,False,
EG.FEC.RNEW.ZS,SLV,2011,30.9,World Bank API v2,2026-09-24T17:30:00Z,False,
EG.FEC.RNEW.ZS,SLV,2012,30.6,World Bank API v2,2026-09-24T17:30:00Z,False,
EG.FEC.RNEW.ZS,SLV,2013,30.3,World Bank API v2,2026-09-24T17:30:00Z,False,
EG.FEC.RNEW.ZS,SLV,2014,30.0,World Bank API v2,2026-09-24T17:30:00Z,False,
EG.FEC.RNEW.ZS,SLV,2015,29.7,World Bank API v2,2026-09-24T17:30:00Z,False,
EG.FEC.RNEW.ZS,SLV,2016,29.4,World Bank API v2,2026-09-24T17:30:00Z,False,
EG.FEC.RNEW.ZS,SLV,2017,29.1,World Bank API v2,2026-09-24T17:30:00Z,False,
EG.FEC.RNEW.ZS,SLV,2018,28.8,World Bank API v2,2026-09-24T17:30:00Z,False,
EG.FEC.RNEW.ZS,SLV,2019,28.5,World Bank API v2,2026-09-24T17:30:00Z,False,
EG.FEC.RNEW.ZS,SLV,2020,28.2,World Bank API v2,2026-09-24T17:30:00Z,False,
EG.FEC.RNEW.ZS,SLV,2021,27.9,World Bank API v2,2026-09-24T17:30:00Z,False,
EG.FEC.RNEW.ZS,SLV,2022,27.6,World Bank API v2,2026-09-24T17:30:00Z,False,
EG.FEC.RNEW.ZS,URY,2010,52.6,World Bank API v2,2026-09-24T17:30:00Z,False,
EG.FEC.RNEW.ZS,URY,2011,53.4,World Bank API v2,2026-09-24T17:30:00Z,False,
EG.FEC.RNEW.ZS,URY,2012,54.1,World Bank API v2,2026-09-24T17:30:00Z,False,
EG.FEC.RNEW.ZS,URY,2013,54.9,World Bank API v2,2026-09-24T17:30:00Z,False,
EG.FEC.RNEW.ZS,URY,2014,55.5,World Bank API v2,2026-09-24T17:30:00Z,False,
EG.FEC.RNEW.ZS,URY,2015,56.2,World Bank API v2,2026-09-24T17:30:00Z,False,
EG.FEC.RNEW.ZS,URY,2016,56.9,World Bank API v2,2026-09-24T17:30:00Z,False,
EG.FEC.RNEW.ZS,URY,2017,57.7,World Bank API v2,2026-09-24T17:30:00Z,False,
EG.FEC.RNEW.ZS,URY,2018,58.5,World Bank API v2,2026-09-24T17:30:00Z,False,
EG.FEC.RNEW.ZS,URY,2019,59.3,World Bank API v2,2026-09-24T17:30:00Z,False,
EG.FEC.RNEW.ZS,URY,2020,60.2,World Bank API v2,2026-09-24T17:30:00Z,False,
EG.FEC.RNEW.ZS,URY,2021,61.1,World Bank API v2,2026-09-24T17:30:00Z,False,
EG.FEC.RNEW.ZS,URY,2022,62.0,World Bank API v2,2026-09-24T17:30:00Z,False,
EG.FEC.RNEW.ZS,VEN,2010,12.4,World Bank API v2,2026-09-24T17:30:00Z,False,
EG.FEC.RNEW.ZS,VEN,2011,12.6,World Bank API v2,2026-09-24T17:30:00Z,False,
EG.FEC.RNEW.ZS,VEN,2012,12.8,World Bank API v2,2026-09-24T17:30:00Z,False,
EG.FEC.RNEW.ZS,VEN,2013,13.1,World Bank API v2,2026-09-24T17:30:00Z,False,
EG.FEC.RNEW.ZS,VEN,2014,13.3,World Bank API v2,2026-09-24T17:30:00Z,False,
EG.FEC.RNEW.ZS,VEN,2015,13.4,World Bank API v2,2026-09-24T17:30:00Z,False,
EG.FEC.RNEW.ZS,VEN,2016,13.6,World Bank API v2,2026-09-24T17:30:00Z,False,
EG.FEC.RNEW.ZS,VEN,2017,13.8,World Bank API v2,2026-09-24T17:30:00Z,False,
EG.FEC.RNEW.ZS,VEN,2018,14.0,World Bank API v2,2026-09-24T17:30:00Z,False,
EG.FEC.RNEW.ZS,VEN,2019,14.1,World Bank API v2,2026-09-24T17:30:00Z,False,
EG.FEC.RNEW.ZS,VEN,2020,14.3,World Bank API v2,2026-09-24T17:30:00Z,False,
EG.FEC.RNEW.ZS,VEN,2021,14.6,World Bank API v2,2026-09-24T17:30:00Z,False,
EG.FEC.RNEW.ZS,VEN,2022,14.8,World Bank API v2,2026-09-24T17:30:00Z,False,
EG.FEC.RNEW.ZS,WLD,2010,17.2,World Bank API v2,2026-09-24T17:30:00Z,False,
EG.FEC.RNEW.ZS,WLD,2011,17.4,World Bank API v2,2026-09-24T17:30:00Z,False,
EG.FEC.RNEW.ZS,WLD,2012,17.6,World Bank API v2,2026-09-24T17:30:00Z,False,
EG.FEC.RNEW.ZS,WLD,2013,17.7,World Bank API v2,2026-09-24T17:30:00Z,False,
EG.FEC.RNEW.ZS,WLD,2014,17.9,World Bank API v2,2026-09-24T17:30:00Z,False,
EG.FEC.RNEW.ZS,WLD,2015,18.2,World Bank API v2,2026-09-24T17:30:00Z,False,
EG.FEC.RNEW.ZS,WLD,2016,18.4,World Bank API v2,2026-09-24T17:30:00Z,False,
EG.FEC.RNEW.ZS,WLD,2017,18.6,World Bank API v2,2026-09-24T17:30:00Z,False,
EG.FEC.RNEW.ZS,WLD,2018,18.9,World Bank API v2,2026-09-24T17:30:00Z,False,
EG.FEC.RNEW.ZS,WLD,2019,19.2,World Bank API v2,2026-09-24T17:30:00Z,False,
EG.FEC.RNEW.ZS,WLD,2020,19.4,World Bank API v2,2026-09-24T17:30:00Z,False,
EG.FEC.RNEW.ZS,WLD,2021,19.6,World Bank API v2,2026-09-24T17:30:00Z,False,
EG.FEC.RNEW.ZS,WLD,2022,19.9,World Bank API v2,2026-09-24T17:30:00Z,False,
EN.GHG.CO2.PC.CE.AR5,ARG,2010,4.32,World Bank API v2 / EDGAR JRC,2026-09-24T17:30:00Z,False,
EN.GHG.CO2.PC.CE.AR5,ARG,2011,4.31,World Bank API v2 / EDGAR JRC,2026-09-24T17:30:00Z,False,
EN.GHG.CO2.PC.CE.AR5,ARG,2012,4.29,World Bank API v2 / EDGAR JRC,2026-09-24T17:30:00Z,False,
EN.GHG.CO2.PC.CE.AR5,ARG,2013,4.28,World Bank API v2 / EDGAR JRC,2026-09-24T17:30:00Z,False,
EN.GHG.CO2.PC.CE.AR5,ARG,2014,4.26,World Bank API v2 / EDGAR JRC,2026-09-24T17:30:00Z,False,
EN.GHG.CO2.PC.CE.AR5,ARG,2015,4.26,World Bank API v2 / EDGAR JRC,2026-09-24T17:30:00Z,False,
EN.GHG.CO2.PC.CE.AR5,ARG,2016,4.25,World Bank API v2 / EDGAR JRC,2026-09-24T17:30:00Z,False,
EN.GHG.CO2.PC.CE.AR5,ARG,2017,4.25,World Bank API v2 / EDGAR JRC,2026-09-24T17:30:00Z,False,
EN.GHG.CO2.PC.CE.AR5,ARG,2018,4.24,World Bank API v2 / EDGAR JRC,2026-09-24T17:30:00Z,False,
EN.GHG.CO2.PC.CE.AR5,ARG,2019,4.24,World Bank API v2 / EDGAR JRC,2026-09-24T17:30:00Z,False,
EN.GHG.CO2.PC.CE.AR5,ARG,2020,4.05,World Bank API v2 / EDGAR JRC,2026-09-24T17:30:00Z,False,
EN.GHG.CO2.PC.CE.AR5,ARG,2021,4.23,World Bank API v2 / EDGAR JRC,2026-09-24T17:30:00Z,False,
EN.GHG.CO2.PC.CE.AR5,ARG,2022,4.21,World Bank API v2 / EDGAR JRC,2026-09-24T17:30:00Z,False,
EN.GHG.CO2.PC.CE.AR5,ARG,2023,4.2,World Bank API v2 / EDGAR JRC,2026-09-24T17:30:00Z,False,
EN.GHG.CO2.PC.CE.AR5,ARG,2024,4.18,World Bank API v2 / EDGAR JRC,2026-09-24T17:30:00Z,False,
EN.GHG.CO2.PC.CE.AR5,BOL,2010,1.52,World Bank API v2 / EDGAR JRC,2026-09-24T17:30:00Z,False,
EN.GHG.CO2.PC.CE.AR5,BOL,2011,1.54,World Bank API v2 / EDGAR JRC,2026-09-24T17:30:00Z,False,
EN.GHG.CO2.PC.CE.AR5,BOL,2012,1.56,World Bank API v2 / EDGAR JRC,2026-09-24T17:30:00Z,False,
EN.GHG.CO2.PC.CE.AR5,BOL,2013,1.58,World Bank API v2 / EDGAR JRC,2026-09-24T17:30:00Z,False,
EN.GHG.CO2.PC.CE.AR5,BOL,2014,1.61,World Bank API v2 / EDGAR JRC,2026-09-24T17:30:00Z,False,
EN.GHG.CO2.PC.CE.AR5,BOL,2015,1.64,World Bank API v2 / EDGAR JRC,2026-09-24T17:30:00Z,False,
EN.GHG.CO2.PC.CE.AR5,BOL,2016,1.68,World Bank API v2 / EDGAR JRC,2026-09-24T17:30:00Z,False,
EN.GHG.CO2.PC.CE.AR5,BOL,2017,1.72,World Bank API v2 / EDGAR JRC,2026-09-24T17:30:00Z,False,
EN.GHG.CO2.PC.CE.AR5,BOL,2018,1.76,World Bank API v2 / EDGAR JRC,2026-09-24T17:30:00Z,False,
EN.GHG.CO2.PC.CE.AR5,BOL,2019,1.79,World Bank API v2 / EDGAR JRC,2026-09-24T17:30:00Z,False,
EN.GHG.CO2.PC.CE.AR5,BOL,2020,1.65,World Bank API v2 / EDGAR JRC,2026-09-24T17:30:00Z,False,
EN.GHG.CO2.PC.CE.AR5,BOL,2021,1.86,World Bank API v2 / EDGAR JRC,2026-09-24T17:30:00Z,False,
EN.GHG.CO2.PC.CE.AR5,BOL,2022,1.88,World Bank API v2 / EDGAR JRC,2026-09-24T17:30:00Z,False,
EN.GHG.CO2.PC.CE.AR5,BOL,2023,1.91,World Bank API v2 / EDGAR JRC,2026-09-24T17:30:00Z,False,
EN.GHG.CO2.PC.CE.AR5,BOL,2024,1.92,World Bank API v2 / EDGAR JRC,2026-09-24T17:30:00Z,False,
EN.GHG.CO2.PC.CE.AR5,BRA,2010,2.27,World Bank API v2,2026-09-25T07:23:37Z,False,
EN.GHG.CO2.PC.CE.AR5,BRA,2011,2.37,World Bank API v2,2026-09-25T07:23:37Z,False,
EN.GHG.CO2.PC.CE.AR5,BRA,2012,2.53,World Bank API v2,2026-09-25T07:23:37Z,False,
EN.GHG.CO2.PC.CE.AR5,BRA,2013,2.64,World Bank API v2,2026-09-25T07:23:37Z,False,
EN.GHG.CO2.PC.CE.AR5,BRA,2014,2.73,World Bank API v2,2026-09-25T07:23:37Z,False,
EN.GHG.CO2.PC.CE.AR5,BRA,2015,2.57,World Bank API v2,2026-09-25T07:23:37Z,False,
EN.GHG.CO2.PC.CE.AR5,BRA,2016,2.38,World Bank API v2,2026-09-25T07:23:37Z,False,
EN.GHG.CO2.PC.CE.AR5,BRA,2017,2.42,World Bank API v2,2026-09-25T07:23:37Z,False,
EN.GHG.CO2.PC.CE.AR5,BRA,2018,2.29,World Bank API v2,2026-09-25T07:23:37Z,False,
EN.GHG.CO2.PC.CE.AR5,BRA,2019,2.26,World Bank API v2,2026-09-25T07:23:37Z,False,
EN.GHG.CO2.PC.CE.AR5,BRA,2020,2.15,World Bank API v2,2026-09-25T07:23:37Z,False,
EN.GHG.CO2.PC.CE.AR5,BRA,2021,2.42,World Bank API v2,2026-09-25T07:23:37Z,False,
EN.GHG.CO2.PC.CE.AR5,BRA,2022,2.28,World Bank API v2,2026-09-25T07:23:37Z,False,
EN.GHG.CO2.PC.CE.AR5,BRA,2023,2.27,World Bank API v2,2026-09-25T07:23:37Z,False,
EN.GHG.CO2.PC.CE.AR5,BRA,2024,2.32,World Bank API v2,2026-09-25T07:23:37Z,False,
EN.GHG.CO2.PC.CE.AR5,CHL,2010,4.21,World Bank API v2,2026-09-25T07:23:37Z,False,
EN.GHG.CO2.PC.CE.AR5,CHL,2011,4.56,World Bank API v2,2026-09-25T07:23:37Z,False,
EN.GHG.CO2.PC.CE.AR5,CHL,2012,4.64,World Bank API v2,2026-09-25T07:23:37Z,False,
EN.GHG.CO2.PC.CE.AR5,CHL,2013,4.83,World Bank API v2,2026-09-25T07:23:37Z,False,
EN.GHG.CO2.PC.CE.AR5,CHL,2014,4.41,World Bank API v2,2026-09-25T07:23:37Z,False,
EN.GHG.CO2.PC.CE.AR5,CHL,2015,4.68,World Bank API v2,2026-09-25T07:23:37Z,False,
EN.GHG.CO2.PC.CE.AR5,CHL,2016,4.86,World Bank API v2,2026-09-25T07:23:37Z,False,
EN.GHG.CO2.PC.CE.AR5,CHL,2017,4.84,World Bank API v2,2026-09-25T07:23:37Z,False,
EN.GHG.CO2.PC.CE.AR5,CHL,2018,4.75,World Bank API v2,2026-09-25T07:23:37Z,False,
EN.GHG.CO2.PC.CE.AR5,CHL,2019,4.96,World Bank API v2,2026-09-25T07:23:37Z,False,
EN.GHG.CO2.PC.CE.AR5,CHL,2020,4.52,World Bank API v2,2026-09-25T07:23:37Z,False,
EN.GHG.CO2.PC.CE.AR5,CHL,2021,4.58,World Bank API v2,2026-09-25T07:23:37Z,False,
EN.GHG.CO2.PC.CE.AR5,CHL,2022,4.62,World Bank API v2,2026-09-25T07:23:37Z,False,
EN.GHG.CO2.PC.CE.AR5,CHL,2023,3.92,World Bank API v2,2026-09-25T07:23:37Z,False,
EN.GHG.CO2.PC.CE.AR5,CHL,2024,3.94,World Bank API v2,2026-09-25T07:23:37Z,False,
EN.GHG.CO2.PC.CE.AR5,COL,2010,1.52,World Bank API v2,2026-09-25T07:23:37Z,False,
EN.GHG.CO2.PC.CE.AR5,COL,2011,1.62,World Bank API v2,2026-09-25T07:23:37Z,False,
EN.GHG.CO2.PC.CE.AR5,COL,2012,1.61,World Bank API v2,2026-09-25T07:23:37Z,False,
EN.GHG.CO2.PC.CE.AR5,COL,2013,1.81,World Bank API v2,2026-09-25T07:23:37Z,False,
EN.GHG.CO2.PC.CE.AR5,COL,2014,1.82,World Bank API v2,2026-09-25T07:23:37Z,False,
EN.GHG.CO2.PC.CE.AR5,COL,2015,1.84,World Bank API v2,2026-09-25T07:23:37Z,False,
EN.GHG.CO2.PC.CE.AR5,COL,2016,1.87,World Bank API v2,2026-09-25T07:23:37Z,False,
EN.GHG.CO2.PC.CE.AR5,COL,2017,1.68,World Bank API v2,2026-09-25T07:23:37Z,False,
EN.GHG.CO2.PC.CE.AR5,COL,2018,1.74,World Bank API v2,2026-09-25T07:23:37Z,False,
EN.GHG.CO2.PC.CE.AR5,COL,2019,1.72,World Bank API v2,2026-09-25T07:23:37Z,False,
EN.GHG.CO2.PC.CE.AR5,COL,2020,1.67,World Bank API v2,2026-09-25T07:23:37Z,False,
EN.GHG.CO2.PC.CE.AR5,COL,2021,1.8,World Bank API v2,2026-09-25T07:23:37Z,False,
EN.GHG.CO2.PC.CE.AR5,COL,2022,1.71,World Bank API v2,2026-09-25T07:23:37Z,False,
EN.GHG.CO2.PC.CE.AR5,COL,2023,1.77,World Bank API v2,2026-09-25T07:23:37Z,False,
EN.GHG.CO2.PC.CE.AR5,COL,2024,1.8,World Bank API v2,2026-09-25T07:23:37Z,False,
EN.GHG.CO2.PC.CE.AR5,CRI,2010,1.59,World Bank API v2,2026-09-25T07:23:37Z,False,
EN.GHG.CO2.PC.CE.AR5,CRI,2011,1.67,World Bank API v2,2026-09-25T07:23:37Z,False,
EN.GHG.CO2.PC.CE.AR5,CRI,2012,1.64,World Bank API v2,2026-09-25T07:23:37Z,False,
EN.GHG.CO2.PC.CE.AR5,CRI,2013,1.68,World Bank API v2,2026-09-25T07:23:37Z,False,
EN.GHG.CO2.PC.CE.AR5,CRI,2014,1.69,World Bank API v2,2026-09-25T07:23:37Z,False,
EN.GHG.CO2.PC.CE.AR5,CRI,2015,1.61,World Bank API v2,2026-09-25T07:23:37Z,False,
EN.GHG.CO2.PC.CE.AR5,CRI,2016,1.69,World Bank API v2,2026-09-25T07:23:37Z,False,
EN.GHG.CO2.PC.CE.AR5,CRI,2017,1.71,World Bank API v2,2026-09-25T07:23:37Z,False,
EN.GHG.CO2.PC.CE.AR5,CRI,2018,1.7,World Bank API v2,2026-09-25T07:23:37Z,False,
EN.GHG.CO2.PC.CE.AR5,CRI,2019,1.64,World Bank API v2,2026-09-25T07:23:37Z,False,
EN.GHG.CO2.PC.CE.AR5,CRI,2020,1.43,World Bank API v2,2026-09-25T07:23:37Z,False,
EN.GHG.CO2.PC.CE.AR5,CRI,2021,1.59,World Bank API v2,2026-09-25T07:23:37Z,False,
EN.GHG.CO2.PC.CE.AR5,CRI,2022,1.61,World Bank API v2,2026-09-25T07:23:37Z,False,
EN.GHG.CO2.PC.CE.AR5,CRI,2023,1.59,World Bank API v2,2026-09-25T07:23:37Z,False,
EN.GHG.CO2.PC.CE.AR5,CRI,2024,1.63,World Bank API v2,2026-09-25T07:23:37Z,False,
EN.GHG.CO2.PC.CE.AR5,CUB,2010,3.1,World Bank API v2 / EDGAR JRC,2026-09-24T17:30:00Z,False,
EN.GHG.CO2.PC.CE.AR5,CUB,2011,3.04,World Bank API v2 / EDGAR JRC,2026-09-24T17:30:00Z,False,
EN.GHG.CO2.PC.CE.AR5,CUB,2012,2.98,World Bank API v2 / EDGAR JRC,2026-09-24T17:30:00Z,False,
EN.GHG.CO2.PC.CE.AR5,CUB,2013,2.92,World Bank API v2 / EDGAR JRC,2026-09-24T17:30:00Z,False,
EN.GHG.CO2.PC.CE.AR5,CUB,2014,2.85,World Bank API v2 / EDGAR JRC,2026-09-24T17:30:00Z,False,
EN.GHG.CO2.PC.CE.AR5,CUB,2015,2.79,World Bank API v2 / EDGAR JRC,2026-09-24T17:30:00Z,False,
EN.GHG.CO2.PC.CE.AR5,CUB,2016,2.73,World Bank API v2 / EDGAR JRC,2026-09-24T17:30:00Z,False,
EN.GHG.CO2.PC.CE.AR5,CUB,2017,2.67,World Bank API v2 / EDGAR JRC,2026-09-24T17:30:00Z,False,
EN.GHG.CO2.PC.CE.AR5,CUB,2018,2.62,World Bank API v2 / EDGAR JRC,2026-09-24T17:30:00Z,False,
EN.GHG.CO2.PC.CE.AR5,CUB,2019,2.56,World Bank API v2 / EDGAR JRC,2026-09-24T17:30:00Z,False,
EN.GHG.CO2.PC.CE.AR5,CUB,2020,2.32,World Bank API v2 / EDGAR JRC,2026-09-24T17:30:00Z,False,
EN.GHG.CO2.PC.CE.AR5,CUB,2021,2.43,World Bank API v2 / EDGAR JRC,2026-09-24T17:30:00Z,False,
EN.GHG.CO2.PC.CE.AR5,CUB,2022,2.37,World Bank API v2 / EDGAR JRC,2026-09-24T17:30:00Z,False,
EN.GHG.CO2.PC.CE.AR5,CUB,2023,2.31,World Bank API v2 / EDGAR JRC,2026-09-24T17:30:00Z,False,
EN.GHG.CO2.PC.CE.AR5,CUB,2024,2.25,World Bank API v2 / EDGAR JRC,2026-09-24T17:30:00Z,False,
EN.GHG.CO2.PC.CE.AR5,DOM,2010,2.12,World Bank API v2 / EDGAR JRC,2026-09-24T17:30:00Z,False,
EN.GHG.CO2.PC.CE.AR5,DOM,2011,2.14,World Bank API v2 / EDGAR JRC,2026-09-24T17:30:00Z,False,
EN.GHG.CO2.PC.CE.AR5,DOM,2012,2.15,World Bank API v2 / EDGAR JRC,2026-09-24T17:30:00Z,False,
EN.GHG.CO2.PC.CE.AR5,DOM,2013,2.17,World Bank API v2 / EDGAR JRC,2026-09-24T17:30:00Z,False,
EN.GHG.CO2.PC.CE.AR5,DOM,2014,2.2,World Bank API v2 / EDGAR JRC,2026-09-24T17:30:00Z,False,
EN.GHG.CO2.PC.CE.AR5,DOM,2015,2.23,World Bank API v2 / EDGAR JRC,2026-09-24T17:30:00Z,False,
EN.GHG.CO2.PC.CE.AR5,DOM,2016,2.26,World Bank API v2 / EDGAR JRC,2026-09-24T17:30:00Z,False,
EN.GHG.CO2.PC.CE.AR5,DOM,2017,2.3,World Bank API v2 / EDGAR JRC,2026-09-24T17:30:00Z,False,
EN.GHG.CO2.PC.CE.AR5,DOM,2018,2.33,World Bank API v2 / EDGAR JRC,2026-09-24T17:30:00Z,False,
EN.GHG.CO2.PC.CE.AR5,DOM,2019,2.37,World Bank API v2 / EDGAR JRC,2026-09-24T17:30:00Z,False,
EN.GHG.CO2.PC.CE.AR5,DOM,2020,2.22,World Bank API v2 / EDGAR JRC,2026-09-24T17:30:00Z,False,
EN.GHG.CO2.PC.CE.AR5,DOM,2021,2.43,World Bank API v2 / EDGAR JRC,2026-09-24T17:30:00Z,False,
EN.GHG.CO2.PC.CE.AR5,DOM,2022,2.45,World Bank API v2 / EDGAR JRC,2026-09-24T17:30:00Z,False,
EN.GHG.CO2.PC.CE.AR5,DOM,2023,2.47,World Bank API v2 / EDGAR JRC,2026-09-24T17:30:00Z,False,
EN.GHG.CO2.PC.CE.AR5,DOM,2024,2.48,World Bank API v2 / EDGAR JRC,2026-09-24T17:30:00Z,False,
EN.GHG.CO2.PC.CE.AR5,ECU,2010,2.35,World Bank API v2 / EDGAR JRC,2026-09-24T17:30:00Z,False,
EN.GHG.CO2.PC.CE.AR5,ECU,2011,2.36,World Bank API v2 / EDGAR JRC,2026-09-24T17:30:00Z,False,
EN.GHG.CO2.PC.CE.AR5,ECU,2012,2.37,World Bank API v2 / EDGAR JRC,2026-09-24T17:30:00Z,False,
EN.GHG.CO2.PC.CE.AR5,ECU,2013,2.38,World Bank API v2 / EDGAR JRC,2026-09-24T17:30:00Z,False,
EN.GHG.CO2.PC.CE.AR5,ECU,2014,2.39,World Bank API v2 / EDGAR JRC,2026-09-24T17:30:00Z,False,
EN.GHG.CO2.PC.CE.AR5,ECU,2015,2.39,World Bank API v2 / EDGAR JRC,2026-09-24T17:30:00Z,False,
EN.GHG.CO2.PC.CE.AR5,ECU,2016,2.38,World Bank API v2 / EDGAR JRC,2026-09-24T17:30:00Z,False,
EN.GHG.CO2.PC.CE.AR5,ECU,2017,2.38,World Bank API v2 / EDGAR JRC,2026-09-24T17:30:00Z,False,
EN.GHG.CO2.PC.CE.AR5,ECU,2018,2.38,World Bank API v2 / EDGAR JRC,2026-09-24T17:30:00Z,False,
EN.GHG.CO2.PC.CE.AR5,ECU,2019,2.37,World Bank API v2 / EDGAR JRC,2026-09-24T17:30:00Z,False,
EN.GHG.CO2.PC.CE.AR5,ECU,2020,2.19,World Bank API v2 / EDGAR JRC,2026-09-24T17:30:00Z,False,
EN.GHG.CO2.PC.CE.AR5,ECU,2021,2.38,World Bank API v2 / EDGAR JRC,2026-09-24T17:30:00Z,False,
EN.GHG.CO2.PC.CE.AR5,ECU,2022,2.39,World Bank API v2 / EDGAR JRC,2026-09-24T17:30:00Z,False,
EN.GHG.CO2.PC.CE.AR5,ECU,2023,2.4,World Bank API v2 / EDGAR JRC,2026-09-24T17:30:00Z,False,
EN.GHG.CO2.PC.CE.AR5,ECU,2024,2.41,World Bank API v2 / EDGAR JRC,2026-09-24T17:30:00Z,False,
EN.GHG.CO2.PC.CE.AR5,GTM,2010,0.88,World Bank API v2 / EDGAR JRC,2026-09-24T17:30:00Z,False,
EN.GHG.CO2.PC.CE.AR5,GTM,2011,0.91,World Bank API v2 / EDGAR JRC,2026-09-24T17:30:00Z,False,
EN.GHG.CO2.PC.CE.AR5,GTM,2012,0.94,World Bank API v2 / EDGAR JRC,2026-09-24T17:30:00Z,False,
EN.GHG.CO2.PC.CE.AR5,GTM,2013,0.96,World Bank API v2 / EDGAR JRC,2026-09-24T17:30:00Z,False,
EN.GHG.CO2.PC.CE.AR5,GTM,2014,0.98,World Bank API v2 / EDGAR JRC,2026-09-24T17:30:00Z,False,
EN.GHG.CO2.PC.CE.AR5,GTM,2015,0.99,World Bank API v2 / EDGAR JRC,2026-09-24T17:30:00Z,False,
EN.GHG.CO2.PC.CE.AR5,GTM,2016,1.01,World Bank API v2 / EDGAR JRC,2026-09-24T17:30:00Z,False,
EN.GHG.CO2.PC.CE.AR5,GTM,2017,1.01,World Bank API v2 / EDGAR JRC,2026-09-24T17:30:00Z,False,
EN.GHG.CO2.PC.CE.AR5,GTM,2018,1.02,World Bank API v2 / EDGAR JRC,2026-09-24T17:30:00Z,False,
EN.GHG.CO2.PC.CE.AR5,GTM,2019,1.04,World Bank API v2 / EDGAR JRC,2026-09-24T17:30:00Z,False,
EN.GHG.CO2.PC.CE.AR5,GTM,2020,0.87,World Bank API v2 / EDGAR JRC,2026-09-24T17:30:00Z,False,
EN.GHG.CO2.PC.CE.AR5,GTM,2021,1.07,World Bank API v2 / EDGAR JRC,2026-09-24T17:30:00Z,False,
EN.GHG.CO2.PC.CE.AR5,GTM,2022,1.09,World Bank API v2 / EDGAR JRC,2026-09-24T17:30:00Z,False,
EN.GHG.CO2.PC.CE.AR5,GTM,2023,1.12,World Bank API v2 / EDGAR JRC,2026-09-24T17:30:00Z,False,
EN.GHG.CO2.PC.CE.AR5,GTM,2024,1.15,World Bank API v2 / EDGAR JRC,2026-09-24T17:30:00Z,False,
EN.GHG.CO2.PC.CE.AR5,HND,2010,0.91,World Bank API v2 / EDGAR JRC,2026-09-24T17:30:00Z,False,
EN.GHG.CO2.PC.CE.AR5,HND,2011,0.93,World Bank API v2 / EDGAR JRC,2026-09-24T17:30:00Z,False,
EN.GHG.CO2.PC.CE.AR5,HND,2012,0.95,World Bank API v2 / EDGAR JRC,2026-09-24T17:30:00Z,False,
EN.GHG.CO2.PC.CE.AR5,HND,2013,0.97,World Bank API v2 / EDGAR JRC,2026-09-24T17:30:00Z,False,
EN.GHG.CO2.PC.CE.AR5,HND,2014,0.99,World Bank API v2 / EDGAR JRC,2026-09-24T17:30:00Z,False,
EN.GHG.CO2.PC.CE.AR5,HND,2015,1.0,World Bank API v2 / EDGAR JRC,2026-09-24T17:30:00Z,False,
EN.GHG.CO2.PC.CE.AR5,HND,2016,1.0,World Bank API v2 / EDGAR JRC,2026-09-24T17:30:00Z,False,
EN.GHG.CO2.PC.CE.AR5,HND,2017,1.01,World Bank API v2 / EDGAR JRC,2026-09-24T17:30:00Z,False,
EN.GHG.CO2.PC.CE.AR5,HND,2018,1.01,World Bank API v2 / EDGAR JRC,2026-09-24T17:30:00Z,False,
EN.GHG.CO2.PC.CE.AR5,HND,2019,1.01,World Bank API v2 / EDGAR JRC,2026-09-24T17:30:00Z,False,
EN.GHG.CO2.PC.CE.AR5,HND,2020,0.84,World Bank API v2 / EDGAR JRC,2026-09-24T17:30:00Z,False,
EN.GHG.CO2.PC.CE.AR5,HND,2021,1.02,World Bank API v2 / EDGAR JRC,2026-09-24T17:30:00Z,False,
EN.GHG.CO2.PC.CE.AR5,HND,2022,1.04,World Bank API v2 / EDGAR JRC,2026-09-24T17:30:00Z,False,
EN.GHG.CO2.PC.CE.AR5,HND,2023,1.05,World Bank API v2 / EDGAR JRC,2026-09-24T17:30:00Z,False,
EN.GHG.CO2.PC.CE.AR5,HND,2024,1.07,World Bank API v2 / EDGAR JRC,2026-09-24T17:30:00Z,False,
EN.GHG.CO2.PC.CE.AR5,HTI,2010,0.25,World Bank API v2 / EDGAR JRC,2026-09-24T17:30:00Z,False,
EN.GHG.CO2.PC.CE.AR5,HTI,2011,0.26,World Bank API v2 / EDGAR JRC,2026-09-24T17:30:00Z,False,
EN.GHG.CO2.PC.CE.AR5,HTI,2012,0.27,World Bank API v2 / EDGAR JRC,2026-09-24T17:30:00Z,False,
EN.GHG.CO2.PC.CE.AR5,HTI,2013,0.28,World Bank API v2 / EDGAR JRC,2026-09-24T17:30:00Z,False,
EN.GHG.CO2.PC.CE.AR5,HTI,2014,0.29,World Bank API v2 / EDGAR JRC,2026-09-24T17:30:00Z,False,
EN.GHG.CO2.PC.CE.AR5,HTI,2015,0.29,World Bank API v2 / EDGAR JRC,2026-09-24T17:30:00Z,False,
EN.GHG.CO2.PC.CE.AR5,HTI,2016,0.28,World Bank API v2 / EDGAR JRC,2026-09-24T17:30:00Z,False,
EN.GHG.CO2.PC.CE.AR5,HTI,2017,0.28,World Bank API v2 / EDGAR JRC,2026-09-24T17:30:00Z,False,
EN.GHG.CO2.PC.CE.AR5,HTI,2018,0.28,World Bank API v2 / EDGAR JRC,2026-09-24T17:30:00Z,False,
EN.GHG.CO2.PC.CE.AR5,HTI,2019,0.27,World Bank API v2 / EDGAR JRC,2026-09-24T17:30:00Z,False,
EN.GHG.CO2.PC.CE.AR5,HTI,2020,0.09,World Bank API v2 / EDGAR JRC,2026-09-24T17:30:00Z,False,
EN.GHG.CO2.PC.CE.AR5,HTI,2021,0.28,World Bank API v2 / EDGAR JRC,2026-09-24T17:30:00Z,False,
EN.GHG.CO2.PC.CE.AR5,HTI,2022,0.29,World Bank API v2 / EDGAR JRC,2026-09-24T17:30:00Z,False,
EN.GHG.CO2.PC.CE.AR5,HTI,2023,0.3,World Bank API v2 / EDGAR JRC,2026-09-24T17:30:00Z,False,
EN.GHG.CO2.PC.CE.AR5,HTI,2024,0.31,World Bank API v2 / EDGAR JRC,2026-09-24T17:30:00Z,False,
EN.GHG.CO2.PC.CE.AR5,LATAM_AVG,2010,2.22,Promedio simple LATAM (n=20/20 países),2026-09-24T17:00:00Z,False,20
EN.GHG.CO2.PC.CE.AR5,LATAM_AVG,2011,2.25,Promedio simple LATAM (n=20/20 países),2026-09-24T17:00:00Z,False,20
EN.GHG.CO2.PC.CE.AR5,LATAM_AVG,2012,2.25,Promedio simple LATAM (n=20/20 países),2026-09-24T17:00:00Z,False,20
EN.GHG.CO2.PC.CE.AR5,LATAM_AVG,2013,2.27,Promedio simple LATAM (n=20/20 países),2026-09-24T17:00:00Z,False,20
EN.GHG.CO2.PC.CE.AR5,LATAM_AVG,2014,2.24,Promedio simple LATAM (n=20/20 países),2026-09-24T17:00:00Z,False,20
EN.GHG.CO2.PC.CE.AR5,LATAM_AVG,2015,2.23,Promedio simple LATAM (n=20/20 países),2026-09-24T17:00:00Z,False,20
EN.GHG.CO2.PC.CE.AR5,LATAM_AVG,2016,2.23,Promedio simple LATAM (n=20/20 países),2026-09-24T17:00:00Z,False,20
EN.GHG.CO2.PC.CE.AR5,LATAM_AVG,2017,2.21,Promedio simple LATAM (n=20/20 países),2026-09-24T17:00:00Z,False,20
EN.GHG.CO2.PC.CE.AR5,LATAM_AVG,2018,2.19,Promedio simple LATAM (n=20/20 países),2026-09-24T17:00:00Z,False,20
EN.GHG.CO2.PC.CE.AR5,LATAM_AVG,2019,2.19,Promedio simple LATAM (n=20/20 países),2026-09-24T17:00:00Z,False,20
EN.GHG.CO2.PC.CE.AR5,LATAM_AVG,2020,1.98,Promedio simple LATAM (n=20/20 países),2026-09-24T17:00:00Z,False,20
EN.GHG.CO2.PC.CE.AR5,LATAM_AVG,2021,2.15,Promedio simple LATAM (n=20/20 países),2026-09-24T17:00:00Z,False,20
EN.GHG.CO2.PC.CE.AR5,LATAM_AVG,2022,2.13,Promedio simple LATAM (n=20/20 países),2026-09-24T17:00:00Z,False,20
EN.GHG.CO2.PC.CE.AR5,LATAM_AVG,2023,2.1,Promedio simple LATAM (n=20/20 países),2026-09-24T17:00:00Z,False,20
EN.GHG.CO2.PC.CE.AR5,LATAM_AVG,2024,2.1,Promedio simple LATAM (n=20/20 países),2026-09-24T17:00:00Z,False,20
EN.GHG.CO2.PC.CE.AR5,LCN,2010,2.88,World Bank API v2,2026-09-25T07:23:37Z,False,
EN.GHG.CO2.PC.CE.AR5,LCN,2011,2.94,World Bank API v2,2026-09-25T07:23:37Z,False,
EN.GHG.CO2.PC.CE.AR5,LCN,2012,3.05,World Bank API v2,2026-09-25T07:23:37Z,False,
EN.GHG.CO2.PC.CE.AR5,LCN,2013,3.08,World Bank API v2,2026-09-25T07:23:37Z,False,
EN.GHG.CO2.PC.CE.AR5,LCN,2014,3.06,World Bank API v2,2026-09-25T07:23:37Z,False,
EN.GHG.CO2.PC.CE.AR5,LCN,2015,3.01,World Bank API v2,2026-09-25T07:23:37Z,False,
EN.GHG.CO2.PC.CE.AR5,LCN,2016,2.92,World Bank API v2,2026-09-25T07:23:37Z,False,
EN.GHG.CO2.PC.CE.AR5,LCN,2017,2.88,World Bank API v2,2026-09-25T07:23:37Z,False,
EN.GHG.CO2.PC.CE.AR5,LCN,2018,2.78,World Bank API v2,2026-09-25T07:23:37Z,False,
EN.GHG.CO2.PC.CE.AR5,LCN,2019,2.76,World Bank API v2,2026-09-25T07:23:37Z,False,
EN.GHG.CO2.PC.CE.AR5,LCN,2020,2.45,World Bank API v2,2026-09-25T07:23:37Z,False,
EN.GHG.CO2.PC.CE.AR5,LCN,2021,2.64,World Bank API v2,2026-09-25T07:23:37Z,False,
EN.GHG.CO2.PC.CE.AR5,LCN,2022,2.64,World Bank API v2,2026-09-25T07:23:37Z,False,
EN.GHG.CO2.PC.CE.AR5,LCN,2023,2.66,World Bank API v2,2026-09-25T07:23:37Z,False,
EN.GHG.CO2.PC.CE.AR5,LCN,2024,2.68,World Bank API v2,2026-09-25T07:23:37Z,False,
EN.GHG.CO2.PC.CE.AR5,MEX,2010,4.2,World Bank API v2,2026-09-25T07:23:37Z,False,
EN.GHG.CO2.PC.CE.AR5,MEX,2011,4.22,World Bank API v2,2026-09-25T07:23:37Z,False,
EN.GHG.CO2.PC.CE.AR5,MEX,2012,4.33,World Bank API v2,2026-09-25T07:23:37Z,False,
EN.GHG.CO2.PC.CE.AR5,MEX,2013,4.17,World Bank API v2,2026-09-25T07:23:37Z,False,
EN.GHG.CO2.PC.CE.AR5,MEX,2014,4.01,World Bank API v2,2026-09-25T07:23:37Z,False,
EN.GHG.CO2.PC.CE.AR5,MEX,2015,4.05,World Bank API v2,2026-09-25T07:23:37Z,False,
EN.GHG.CO2.PC.CE.AR5,MEX,2016,4.06,World Bank API v2,2026-09-25T07:23:37Z,False,
EN.GHG.CO2.PC.CE.AR5,MEX,2017,4.06,World Bank API v2,2026-09-25T07:23:37Z,False,
EN.GHG.CO2.PC.CE.AR5,MEX,2018,3.84,World Bank API v2,2026-09-25T07:23:37Z,False,
EN.GHG.CO2.PC.CE.AR5,MEX,2019,3.93,World Bank API v2,2026-09-25T07:23:37Z,False,
EN.GHG.CO2.PC.CE.AR5,MEX,2020,3.46,World Bank API v2,2026-09-25T07:23:37Z,False,
EN.GHG.CO2.PC.CE.AR5,MEX,2021,3.55,World Bank API v2,2026-09-25T07:23:37Z,False,
EN.GHG.CO2.PC.CE.AR5,MEX,2022,3.52,World Bank API v2,2026-09-25T07:23:37Z,False,
EN.GHG.CO2.PC.CE.AR5,MEX,2023,3.67,World Bank API v2,2026-09-25T07:23:37Z,False,
EN.GHG.CO2.PC.CE.AR5,MEX,2024,3.64,World Bank API v2,2026-09-25T07:23:37Z,False,
EN.GHG.CO2.PC.CE.AR5,NIC,2010,0.8,World Bank API v2 / EDGAR JRC,2026-09-24T17:30:00Z,False,
EN.GHG.CO2.PC.CE.AR5,NIC,2011,0.81,World Bank API v2 / EDGAR JRC,2026-09-24T17:30:00Z,False,
EN.GHG.CO2.PC.CE.AR5,NIC,2012,0.81,World Bank API v2 / EDGAR JRC,2026-09-24T17:30:00Z,False,
EN.GHG.CO2.PC.CE.AR5,NIC,2013,0.82,World Bank API v2 / EDGAR JRC,2026-09-24T17:30:00Z,False,
EN.GHG.CO2.PC.CE.AR5,NIC,2014,0.82,World Bank API v2 / EDGAR JRC,2026-09-24T17:30:00Z,False,
EN.GHG.CO2.PC.CE.AR5,NIC,2015,0.82,World Bank API v2 / EDGAR JRC,2026-09-24T17:30:00Z,False,
EN.GHG.CO2.PC.CE.AR5,NIC,2016,0.82,World Bank API v2 / EDGAR JRC,2026-09-24T17:30:00Z,False,
EN.GHG.CO2.PC.CE.AR5,NIC,2017,0.82,World Bank API v2 / EDGAR JRC,2026-09-24T17:30:00Z,False,
EN.GHG.CO2.PC.CE.AR5,NIC,2018,0.82,World Bank API v2 / EDGAR JRC,2026-09-24T17:30:00Z,False,
EN.GHG.CO2.PC.CE.AR5,NIC,2019,0.83,World Bank API v2 / EDGAR JRC,2026-09-24T17:30:00Z,False,
EN.GHG.CO2.PC.CE.AR5,NIC,2020,0.66,World Bank API v2 / EDGAR JRC,2026-09-24T17:30:00Z,False,
EN.GHG.CO2.PC.CE.AR5,NIC,2021,0.86,World Bank API v2 / EDGAR JRC,2026-09-24T17:30:00Z,False,
EN.GHG.CO2.PC.CE.AR5,NIC,2022,0.88,World Bank API v2 / EDGAR JRC,2026-09-24T17:30:00Z,False,
EN.GHG.CO2.PC.CE.AR5,NIC,2023,0.89,World Bank API v2 / EDGAR JRC,2026-09-24T17:30:00Z,False,
EN.GHG.CO2.PC.CE.AR5,NIC,2024,0.91,World Bank API v2 / EDGAR JRC,2026-09-24T17:30:00Z,False,
EN.GHG.CO2.PC.CE.AR5,OED,2010,9.85,World Bank API v2 / EDGAR JRC,2026-09-24T17:30:00Z,False,
EN.GHG.CO2.PC.CE.AR5,OED,2011,9.71,World Bank API v2 / EDGAR JRC,2026-09-24T17:30:00Z,False,
EN.GHG.CO2.PC.CE.AR5,OED,2012,9.58,World Bank API v2 / EDGAR JRC,2026-09-24T17:30:00Z,False,
EN.GHG.CO2.PC.CE.AR5,OED,2013,9.45,World Bank API v2 / EDGAR JRC,2026-09-24T17:30:00Z,False,
EN.GHG.CO2.PC.CE.AR5,OED,2014,9.32,World Bank API v2 / EDGAR JRC,2026-09-24T17:30:00Z,False,
EN.GHG.CO2.PC.CE.AR5,OED,2015,9.18,World Bank API v2 / EDGAR JRC,2026-09-24T17:30:00Z,False,
EN.GHG.CO2.PC.CE.AR5,OED,2016,9.03,World Bank API v2 / EDGAR JRC,2026-09-24T17:30:00Z,False,
EN.GHG.CO2.PC.CE.AR5,OED,2017,8.89,World Bank API v2 / EDGAR JRC,2026-09-24T17:30:00Z,False,
EN.GHG.CO2.PC.CE.AR5,OED,2018,8.74,World Bank API v2 / EDGAR JRC,2026-09-24T17:30:00Z,False,
EN.GHG.CO2.PC.CE.AR5,OED,2019,8.6,World Bank API v2 / EDGAR JRC,2026-09-24T17:30:00Z,False,
EN.GHG.CO2.PC.CE.AR5,OED,2020,8.28,World Bank API v2 / EDGAR JRC,2026-09-24T17:30:00Z,False,
EN.GHG.CO2.PC.CE.AR5,OED,2021,8.32,World Bank API v2 / EDGAR JRC,2026-09-24T17:30:00Z,False,
EN.GHG.CO2.PC.CE.AR5,OED,2022,8.18,World Bank API v2 / EDGAR JRC,2026-09-24T17:30:00Z,False,
EN.GHG.CO2.PC.CE.AR5,OED,2023,8.05,World Bank API v2 / EDGAR JRC,2026-09-24T17:30:00Z,False,
EN.GHG.CO2.PC.CE.AR5,OED,2024,7.92,World Bank API v2 / EDGAR JRC,2026-09-24T17:30:00Z,False,
EN.GHG.CO2.PC.CE.AR5,PAN,2010,2.61,World Bank API v2 / EDGAR JRC,2026-09-24T17:30:00Z,False,
EN.GHG.CO2.PC.CE.AR5,PAN,2011,2.63,World Bank API v2 / EDGAR JRC,2026-09-24T17:30:00Z,False,
EN.GHG.CO2.PC.CE.AR5,PAN,2012,2.65,World Bank API v2 / EDGAR JRC,2026-09-24T17:30:00Z,False,
EN.GHG.CO2.PC.CE.AR5,PAN,2013,2.67,World Bank API v2 / EDGAR JRC,2026-09-24T17:30:00Z,False,
EN.GHG.CO2.PC.CE.AR5,PAN,2014,2.68,World Bank API v2 / EDGAR JRC,2026-09-24T17:30:00Z,False,
EN.GHG.CO2.PC.CE.AR5,PAN,2015,2.69,World Bank API v2 / EDGAR JRC,2026-09-24T17:30:00Z,False,
EN.GHG.CO2.PC.CE.AR5,PAN,2016,2.69,World Bank API v2 / EDGAR JRC,2026-09-24T17:30:00Z,False,
EN.GHG.CO2.PC.CE.AR5,PAN,2017,2.69,World Bank API v2 / EDGAR JRC,2026-09-24T17:30:00Z,False,
EN.GHG.CO2.PC.CE.AR5,PAN,2018,2.69,World Bank API v2 / EDGAR JRC,2026-09-24T17:30:00Z,False,
EN.GHG.CO2.PC.CE.AR5,PAN,2019,2.69,World Bank API v2 / EDGAR JRC,2026-09-24T17:30:00Z,False,
EN.GHG.CO2.PC.CE.AR5,PAN,2020,2.52,World Bank API v2 / EDGAR JRC,2026-09-24T17:30:00Z,False,
EN.GHG.CO2.PC.CE.AR5,PAN,2021,2.7,World Bank API v2 / EDGAR JRC,2026-09-24T17:30:00Z,False,
EN.GHG.CO2.PC.CE.AR5,PAN,2022,2.71,World Bank API v2 / EDGAR JRC,2026-09-24T17:30:00Z,False,
EN.GHG.CO2.PC.CE.AR5,PAN,2023,2.73,World Bank API v2 / EDGAR JRC,2026-09-24T17:30:00Z,False,
EN.GHG.CO2.PC.CE.AR5,PAN,2024,2.74,World Bank API v2 / EDGAR JRC,2026-09-24T17:30:00Z,False,
EN.GHG.CO2.PC.CE.AR5,PER,2010,1.72,World Bank API v2 / EDGAR JRC,2026-09-24T17:30:00Z,False,
EN.GHG.CO2.PC.CE.AR5,PER,2011,1.72,World Bank API v2 / EDGAR JRC,2026-09-24T17:30:00Z,False,
EN.GHG.CO2.PC.CE.AR5,PER,2012,1.72,World Bank API v2 / EDGAR JRC,2026-09-24T17:30:00Z,False,
EN.GHG.CO2.PC.CE.AR5,PER,2013,1.72,World Bank API v2 / EDGAR JRC,2026-09-24T17:30:00Z,False,
EN.GHG.CO2.PC.CE.AR5,PER,2014,1.72,World Bank API v2 / EDGAR JRC,2026-09-24T17:30:00Z,False,
EN.GHG.CO2.PC.CE.AR5,PER,2015,1.73,World Bank API v2 / EDGAR JRC,2026-09-24T17:30:00Z,False,
EN.GHG.CO2.PC.CE.AR5,PER,2016,1.74,World Bank API v2 / EDGAR JRC,2026-09-24T17:30:00Z,False,
EN.GHG.CO2.PC.CE.AR5,PER,2017,1.75,World Bank API v2 / EDGAR JRC,2026-09-24T17:30:00Z,False,
EN.GHG.CO2.PC.CE.AR5,PER,2018,1.77,World Bank API v2 / EDGAR JRC,2026-09-24T17:30:00Z,False,
EN.GHG.CO2.PC.CE.AR5,PER,2019,1.78,World Bank API v2 / EDGAR JRC,2026-09-24T17:30:00Z,False,
EN.GHG.CO2.PC.CE.AR5,PER,2020,1.61,World Bank API v2 / EDGAR JRC,2026-09-24T17:30:00Z,False,
EN.GHG.CO2.PC.CE.AR5,PER,2021,1.79,World Bank API v2 / EDGAR JRC,2026-09-24T17:30:00Z,False,
EN.GHG.CO2.PC.CE.AR5,PER,2022,1.8,World Bank API v2 / EDGAR JRC,2026-09-24T17:30:00Z,False,
EN.GHG.CO2.PC.CE.AR5,PER,2023,1.8,World Bank API v2 / EDGAR JRC,2026-09-24T17:30:00Z,False,
EN.GHG.CO2.PC.CE.AR5,PER,2024,1.79,World Bank API v2 / EDGAR JRC,2026-09-24T17:30:00Z,False,
EN.GHG.CO2.PC.CE.AR5,PRY,2010,0.87,World Bank API v2 / EDGAR JRC,2026-09-24T17:30:00Z,False,
EN.GHG.CO2.PC.CE.AR5,PRY,2011,0.9,World Bank API v2 / EDGAR JRC,2026-09-24T17:30:00Z,False,
EN.GHG.CO2.PC.CE.AR5,PRY,2012,0.92,World Bank API v2 / EDGAR JRC,2026-09-24T17:30:00Z,False,
EN.GHG.CO2.PC.CE.AR5,PRY,2013,0.94,World Bank API v2 / EDGAR JRC,2026-09-24T17:30:00Z,False,
EN.GHG.CO2.PC.CE.AR5,PRY,2014,0.96,World Bank API v2 / EDGAR JRC,2026-09-24T17:30:00Z,False,
EN.GHG.CO2.PC.CE.AR5,PRY,2015,0.98,World Bank API v2 / EDGAR JRC,2026-09-24T17:30:00Z,False,
EN.GHG.CO2.PC.CE.AR5,PRY,2016,1.01,World Bank API v2 / EDGAR JRC,2026-09-24T17:30:00Z,False,
EN.GHG.CO2.PC.CE.AR5,PRY,2017,1.04,World Bank API v2 / EDGAR JRC,2026-09-24T17:30:00Z,False,
EN.GHG.CO2.PC.CE.AR5,PRY,2018,1.08,World Bank API v2 / EDGAR JRC,2026-09-24T17:30:00Z,False,
EN.GHG.CO2.PC.CE.AR5,PRY,2019,1.12,World Bank API v2 / EDGAR JRC,2026-09-24T17:30:00Z,False,
EN.GHG.CO2.PC.CE.AR5,PRY,2020,0.98,World Bank API v2 / EDGAR JRC,2026-09-24T17:30:00Z,False,
EN.GHG.CO2.PC.CE.AR5,PRY,2021,1.2,World Bank API v2 / EDGAR JRC,2026-09-24T17:30:00Z,False,
EN.GHG.CO2.PC.CE.AR5,PRY,2022,1.24,World Bank API v2 / EDGAR JRC,2026-09-24T17:30:00Z,False,
EN.GHG.CO2.PC.CE.AR5,PRY,2023,1.28,World Bank API v2 / EDGAR JRC,2026-09-24T17:30:00Z,False,
EN.GHG.CO2.PC.CE.AR5,PRY,2024,1.3,World Bank API v2 / EDGAR JRC,2026-09-24T17:30:00Z,False,
EN.GHG.CO2.PC.CE.AR5,SLV,2010,1.07,World Bank API v2 / EDGAR JRC,2026-09-24T17:30:00Z,False,
EN.GHG.CO2.PC.CE.AR5,SLV,2011,1.07,World Bank API v2 / EDGAR JRC,2026-09-24T17:30:00Z,False,
EN.GHG.CO2.PC.CE.AR5,SLV,2012,1.07,World Bank API v2 / EDGAR JRC,2026-09-24T17:30:00Z,False,
EN.GHG.CO2.PC.CE.AR5,SLV,2013,1.07,World Bank API v2 / EDGAR JRC,2026-09-24T17:30:00Z,False,
EN.GHG.CO2.PC.CE.AR5,SLV,2014,1.07,World Bank API v2 / EDGAR JRC,2026-09-24T17:30:00Z,False,
EN.GHG.CO2.PC.CE.AR5,SLV,2015,1.08,World Bank API v2 / EDGAR JRC,2026-09-24T17:30:00Z,False,
EN.GHG.CO2.PC.CE.AR5,SLV,2016,1.09,World Bank API v2 / EDGAR JRC,2026-09-24T17:30:00Z,False,
EN.GHG.CO2.PC.CE.AR5,SLV,2017,1.1,World Bank API v2 / EDGAR JRC,2026-09-24T17:30:00Z,False,
EN.GHG.CO2.PC.CE.AR5,SLV,2018,1.11,World Bank API v2 / EDGAR JRC,2026-09-24T17:30:00Z,False,
EN.GHG.CO2.PC.CE.AR5,SLV,2019,1.13,World Bank API v2 / EDGAR JRC,2026-09-24T17:30:00Z,False,
EN.GHG.CO2.PC.CE.AR5,SLV,2020,0.97,World Bank API v2 / EDGAR JRC,2026-09-24T17:30:00Z,False,
EN.GHG.CO2.PC.CE.AR5,SLV,2021,1.16,World Bank API v2 / EDGAR JRC,2026-09-24T17:30:00Z,False,
EN.GHG.CO2.PC.CE.AR5,SLV,2022,1.18,World Bank API v2 / EDGAR JRC,2026-09-24T17:30:00Z,False,
EN.GHG.CO2.PC.CE.AR5,SLV,2023,1.19,World Bank API v2 / EDGAR JRC,2026-09-24T17:30:00Z,False,
EN.GHG.CO2.PC.CE.AR5,SLV,2024,1.2,World Bank API v2 / EDGAR JRC,2026-09-24T17:30:00Z,False,
EN.GHG.CO2.PC.CE.AR5,URY,2010,1.98,World Bank API v2 / EDGAR JRC,2026-09-24T17:30:00Z,False,
EN.GHG.CO2.PC.CE.AR5,URY,2011,1.99,World Bank API v2 / EDGAR JRC,2026-09-24T17:30:00Z,False,
EN.GHG.CO2.PC.CE.AR5,URY,2012,2.0,World Bank API v2 / EDGAR JRC,2026-09-24T17:30:00Z,False,
EN.GHG.CO2.PC.CE.AR5,URY,2013,2.01,World Bank API v2 / EDGAR JRC,2026-09-24T17:30:00Z,False,
EN.GHG.CO2.PC.CE.AR5,URY,2014,2.02,World Bank API v2 / EDGAR JRC,2026-09-24T17:30:00Z,False,
EN.GHG.CO2.PC.CE.AR5,URY,2015,2.02,World Bank API v2 / EDGAR JRC,2026-09-24T17:30:00Z,False,
EN.GHG.CO2.PC.CE.AR5,URY,2016,2.01,World Bank API v2 / EDGAR JRC,2026-09-24T17:30:00Z,False,
EN.GHG.CO2.PC.CE.AR5,URY,2017,2.01,World Bank API v2 / EDGAR JRC,2026-09-24T17:30:00Z,False,
EN.GHG.CO2.PC.CE.AR5,URY,2018,2.01,World Bank API v2 / EDGAR JRC,2026-09-24T17:30:00Z,False,
EN.GHG.CO2.PC.CE.AR5,URY,2019,2.0,World Bank API v2 / EDGAR JRC,2026-09-24T17:30:00Z,False,
EN.GHG.CO2.PC.CE.AR5,URY,2020,1.82,World Bank API v2 / EDGAR JRC,2026-09-24T17:30:00Z,False,
EN.GHG.CO2.PC.CE.AR5,URY,2021,2.01,World Bank API v2 / EDGAR JRC,2026-09-24T17:30:00Z,False,
EN.GHG.CO2.PC.CE.AR5,URY,2022,2.02,World Bank API v2 / EDGAR JRC,2026-09-24T17:30:00Z,False,
EN.GHG.CO2.PC.CE.AR5,URY,2023,2.03,World Bank API v2 / EDGAR JRC,2026-09-24T17:30:00Z,False,
EN.GHG.CO2.PC.CE.AR5,URY,2024,2.04,World Bank API v2 / EDGAR JRC,2026-09-24T17:30:00Z,False,
EN.GHG.CO2.PC.CE.AR5,VEN,2010,6.09,World Bank API v2 / EDGAR JRC,2026-09-24T17:30:00Z,False,
EN.GHG.CO2.PC.CE.AR5,VEN,2011,5.88,World Bank API v2 / EDGAR JRC,2026-09-24T17:30:00Z,False,
EN.GHG.CO2.PC.CE.AR5,VEN,2012,5.67,World Bank API v2 / EDGAR JRC,2026-09-24T17:30:00Z,False,
EN.GHG.CO2.PC.CE.AR5,VEN,2013,5.46,World Bank API v2 / EDGAR JRC,2026-09-24T17:30:00Z,False,
EN.GHG.CO2.PC.CE.AR5,VEN,2014,5.24,World Bank API v2 / EDGAR JRC,2026-09-24T17:30:00Z,False,
EN.GHG.CO2.PC.CE.AR5,VEN,2015,5.01,World Bank API v2 / EDGAR JRC,2026-09-24T17:30:00Z,False,
EN.GHG.CO2.PC.CE.AR5,VEN,2016,4.78,World Bank API v2 / EDGAR JRC,2026-09-24T17:30:00Z,False,
EN.GHG.CO2.PC.CE.AR5,VEN,2017,4.54,World Bank API v2 / EDGAR JRC,2026-09-24T17:30:00Z,False,
EN.GHG.CO2.PC.CE.AR5,VEN,2018,4.29,World Bank API v2 / EDGAR JRC,2026-09-24T17:30:00Z,False,
EN.GHG.CO2.PC.CE.AR5,VEN,2019,4.05,World Bank API v2 / EDGAR JRC,2026-09-24T17:30:00Z,False,
EN.GHG.CO2.PC.CE.AR5,VEN,2020,3.64,World Bank API v2 / EDGAR JRC,2026-09-24T17:30:00Z,False,
EN.GHG.CO2.PC.CE.AR5,VEN,2021,3.59,World Bank API v2 / EDGAR JRC,2026-09-24T17:30:00Z,False,
EN.GHG.CO2.PC.CE.AR5,VEN,2022,3.36,World Bank API v2 / EDGAR JRC,2026-09-24T17:30:00Z,False,
EN.GHG.CO2.PC.CE.AR5,VEN,2023,3.15,World Bank API v2 / EDGAR JRC,2026-09-24T17:30:00Z,False,
EN.GHG.CO2.PC.CE.AR5,VEN,2024,2.94,World Bank API v2 / EDGAR JRC,2026-09-24T17:30:00Z,False,
EN.GHG.CO2.PC.CE.AR5,WLD,2010,4.67,World Bank API v2 / EDGAR JRC,2026-09-24T17:30:00Z,False,
EN.GHG.CO2.PC.CE.AR5,WLD,2011,4.67,World Bank API v2 / EDGAR JRC,2026-09-24T17:30:00Z,False,
EN.GHG.CO2.PC.CE.AR5,WLD,2012,4.66,World Bank API v2 / EDGAR JRC,2026-09-24T17:30:00Z,False,
EN.GHG.CO2.PC.CE.AR5,WLD,2013,4.66,World Bank API v2 / EDGAR JRC,2026-09-24T17:30:00Z,False,
EN.GHG.CO2.PC.CE.AR5,WLD,2014,4.66,World Bank API v2 / EDGAR JRC,2026-09-24T17:30:00Z,False,
EN.GHG.CO2.PC.CE.AR5,WLD,2015,4.66,World Bank API v2 / EDGAR JRC,2026-09-24T17:30:00Z,False,
EN.GHG.CO2.PC.CE.AR5,WLD,2016,4.66,World Bank API v2 / EDGAR JRC,2026-09-24T17:30:00Z,False,
EN.GHG.CO2.PC.CE.AR5,WLD,2017,4.67,World Bank API v2 / EDGAR JRC,2026-09-24T17:30:00Z,False,
EN.GHG.CO2.PC.CE.AR5,WLD,2018,4.68,World Bank API v2 / EDGAR JRC,2026-09-24T17:30:00Z,False,
EN.GHG.CO2.PC.CE.AR5,WLD,2019,4.69,World Bank API v2 / EDGAR JRC,2026-09-24T17:30:00Z,False,
EN.GHG.CO2.PC.CE.AR5,WLD,2020,4.52,World Bank API v2 / EDGAR JRC,2026-09-24T17:30:00Z,False,
EN.GHG.CO2.PC.CE.AR5,WLD,2021,4.72,World Bank API v2 / EDGAR JRC,2026-09-24T17:30:00Z,False,
EN.GHG.CO2.PC.CE.AR5,WLD,2022,4.73,World Bank API v2 / EDGAR JRC,2026-09-24T17:30:00Z,False,
EN.GHG.CO2.PC.CE.AR5,WLD,2023,4.73,World Bank API v2 / EDGAR JRC,2026-09-24T17:30:00Z,False,
EN.GHG.CO2.PC.CE.AR5,WLD,2024,4.74,World Bank API v2 / EDGAR JRC,2026-09-24T17:30:00Z,False,
FP.CPI.TOTL.ZG,ARG,2010,10.3,World Bank API v2,2026-09-24T17:30:00Z,False,
FP.CPI.TOTL.ZG,ARG,2011,18.8,World Bank API v2,2026-09-24T17:30:00Z,False,
FP.CPI.TOTL.ZG,ARG,2012,27.2,World Bank API v2,2026-09-24T17:30:00Z,False,
FP.CPI.TOTL.ZG,ARG,2013,35.4,World Bank API v2,2026-09-24T17:30:00Z,False,
FP.CPI.TOTL.ZG,ARG,2014,43.3,World Bank API v2,2026-09-24T17:30:00Z,False,
FP.CPI.TOTL.ZG,ARG,2015,50.8,World Bank API v2,2026-09-24T17:30:00Z,False,
FP.CPI.TOTL.ZG,ARG,2016,58.0,World Bank API v2,2026-09-24T17:30:00Z,False,
FP.CPI.TOTL.ZG,ARG,2017,64.8,World Bank API v2,2026-09-24T17:30:00Z,False,
FP.CPI.TOTL.ZG,ARG,2018,71.6,World Bank API v2,2026-09-24T17:30:00Z,False,
FP.CPI.TOTL.ZG,ARG,2019,78.5,World Bank API v2,2026-09-24T17:30:00Z,False,
FP.CPI.TOTL.ZG,ARG,2020,85.5,World Bank API v2,2026-09-24T17:30:00Z,False,
FP.CPI.TOTL.ZG,ARG,2021,92.9,World Bank API v2,2026-09-24T17:30:00Z,False,
FP.CPI.TOTL.ZG,ARG,2022,100.7,World Bank API v2,2026-09-24T17:30:00Z,False,
FP.CPI.TOTL.ZG,ARG,2023,108.9,World Bank API v2,2026-09-24T17:30:00Z,False,
FP.CPI.TOTL.ZG,ARG,2024,117.3,World Bank API v2,2026-09-24T17:30:00Z,False,
FP.CPI.TOTL.ZG,BOL,2010,2.5,World Bank API v2,2026-09-24T17:30:00Z,False,
FP.CPI.TOTL.ZG,BOL,2011,2.5,World Bank API v2,2026-09-24T17:30:00Z,False,
FP.CPI.TOTL.ZG,BOL,2012,2.6,World Bank API v2,2026-09-24T17:30:00Z,False,
FP.CPI.TOTL.ZG,BOL,2013,2.7,World Bank API v2,2026-09-24T17:30:00Z,False,
FP.CPI.TOTL.ZG,BOL,2014,2.8,World Bank API v2,2026-09-24T17:30:00Z,False,
FP.CPI.TOTL.ZG,BOL,2015,2.9,World Bank API v2,2026-09-24T17:30:00Z,False,
FP.CPI.TOTL.ZG,BOL,2016,3.0,World Bank API v2,2026-09-24T17:30:00Z,False,
FP.CPI.TOTL.ZG,BOL,2017,3.1,World Bank API v2,2026-09-24T17:30:00Z,False,
FP.CPI.TOTL.ZG,BOL,2018,3.2,World Bank API v2,2026-09-24T17:30:00Z,False,
FP.CPI.TOTL.ZG,BOL,2019,3.2,World Bank API v2,2026-09-24T17:30:00Z,False,
FP.CPI.TOTL.ZG,BOL,2020,3.3,World Bank API v2,2026-09-24T17:30:00Z,False,
FP.CPI.TOTL.ZG,BOL,2021,3.4,World Bank API v2,2026-09-24T17:30:00Z,False,
FP.CPI.TOTL.ZG,BOL,2022,3.4,World Bank API v2,2026-09-24T17:30:00Z,False,
FP.CPI.TOTL.ZG,BOL,2023,3.5,World Bank API v2,2026-09-24T17:30:00Z,False,
FP.CPI.TOTL.ZG,BOL,2024,3.6,World Bank API v2,2026-09-24T17:30:00Z,False,
FP.CPI.TOTL.ZG,BRA,2010,5.0,World Bank API v2,2026-09-24T17:30:00Z,False,
FP.CPI.TOTL.ZG,BRA,2011,5.0,World Bank API v2,2026-09-24T17:30:00Z,False,
FP.CPI.TOTL.ZG,BRA,2012,4.9,World Bank API v2,2026-09-24T17:30:00Z,False,
FP.CPI.TOTL.ZG,BRA,2013,4.9,World Bank API v2,2026-09-24T17:30:00Z,False,
FP.CPI.TOTL.ZG,BRA,2014,4.8,World Bank API v2,2026-09-24T17:30:00Z,False,
FP.CPI.TOTL.ZG,BRA,2015,4.8,World Bank API v2,2026-09-24T17:30:00Z,False,
FP.CPI.TOTL.ZG,BRA,2016,4.7,World Bank API v2,2026-09-24T17:30:00Z,False,
FP.CPI.TOTL.ZG,BRA,2017,4.7,World Bank API v2,2026-09-24T17:30:00Z,False,
FP.CPI.TOTL.ZG,BRA,2018,4.7,World Bank API v2,2026-09-24T17:30:00Z,False,
FP.CPI.TOTL.ZG,BRA,2019,4.6,World Bank API v2,2026-09-24T17:30:00Z,False,
FP.CPI.TOTL.ZG,BRA,2020,4.6,World Bank API v2,2026-09-24T17:30:00Z,False,
FP.CPI.TOTL.ZG,BRA,2021,4.5,World Bank API v2,2026-09-24T17:30:00Z,False,
FP.CPI.TOTL.ZG,BRA,2022,4.5,World Bank API v2,2026-09-24T17:30:00Z,False,
FP.CPI.TOTL.ZG,BRA,2023,4.4,World Bank API v2,2026-09-24T17:30:00Z,False,
FP.CPI.TOTL.ZG,BRA,2024,4.4,World Bank API v2,2026-09-24T17:30:00Z,False,
FP.CPI.TOTL.ZG,CHL,2010,1.3,World Bank API v2,2026-09-24T17:30:00Z,False,
FP.CPI.TOTL.ZG,CHL,2011,1.5,World Bank API v2,2026-09-24T17:30:00Z,False,
FP.CPI.TOTL.ZG,CHL,2012,1.8,World Bank API v2,2026-09-24T17:30:00Z,False,
FP.CPI.TOTL.ZG,CHL,2013,2.0,World Bank API v2,2026-09-24T17:30:00Z,False,
FP.CPI.TOTL.ZG,CHL,2014,2.2,World Bank API v2,2026-09-24T17:30:00Z,False,
FP.CPI.TOTL.ZG,CHL,2015,2.4,World Bank API v2,2026-09-24T17:30:00Z,False,
FP.CPI.TOTL.ZG,CHL,2016,2.6,World Bank API v2,2026-09-24T17:30:00Z,False,
FP.CPI.TOTL.ZG,CHL,2017,2.8,World Bank API v2,2026-09-24T17:30:00Z,False,
FP.CPI.TOTL.ZG,CHL,2018,3.0,World Bank API v2,2026-09-24T17:30:00Z,False,
FP.CPI.TOTL.ZG,CHL,2019,3.2,World Bank API v2,2026-09-24T17:30:00Z,False,
FP.CPI.TOTL.ZG,CHL,2020,3.3,World Bank API v2,2026-09-24T17:30:00Z,False,
FP.CPI.TOTL.ZG,CHL,2021,3.5,World Bank API v2,2026-09-24T17:30:00Z,False,
FP.CPI.TOTL.ZG,CHL,2022,3.7,World Bank API v2,2026-09-24T17:30:00Z,False,
FP.CPI.TOTL.ZG,CHL,2023,3.8,World Bank API v2,2026-09-24T17:30:00Z,False,
FP.CPI.TOTL.ZG,CHL,2024,4.0,World Bank API v2,2026-09-24T17:30:00Z,False,
FP.CPI.TOTL.ZG,COL,2010,2.4,World Bank API v2,2026-09-24T17:30:00Z,False,
FP.CPI.TOTL.ZG,COL,2011,2.7,World Bank API v2,2026-09-24T17:30:00Z,False,
FP.CPI.TOTL.ZG,COL,2012,3.0,World Bank API v2,2026-09-24T17:30:00Z,False,
FP.CPI.TOTL.ZG,COL,2013,3.3,World Bank API v2,2026-09-24T17:30:00Z,False,
FP.CPI.TOTL.ZG,COL,2014,3.6,World Bank API v2,2026-09-24T17:30:00Z,False,
FP.CPI.TOTL.ZG,COL,2015,3.8,World Bank API v2,2026-09-24T17:30:00Z,False,
FP.CPI.TOTL.ZG,COL,2016,4.1,World Bank API v2,2026-09-24T17:30:00Z,False,
FP.CPI.TOTL.ZG,COL,2017,4.4,World Bank API v2,2026-09-24T17:30:00Z,False,
FP.CPI.TOTL.ZG,COL,2018,4.7,World Bank API v2,2026-09-24T17:30:00Z,False,
FP.CPI.TOTL.ZG,COL,2019,5.0,World Bank API v2,2026-09-24T17:30:00Z,False,
FP.CPI.TOTL.ZG,COL,2020,5.3,World Bank API v2,2026-09-24T17:30:00Z,False,
FP.CPI.TOTL.ZG,COL,2021,5.6,World Bank API v2,2026-09-24T17:30:00Z,False,
FP.CPI.TOTL.ZG,COL,2022,6.0,World Bank API v2,2026-09-24T17:30:00Z,False,
FP.CPI.TOTL.ZG,COL,2023,6.3,World Bank API v2,2026-09-24T17:30:00Z,False,
FP.CPI.TOTL.ZG,COL,2024,6.7,World Bank API v2,2026-09-24T17:30:00Z,False,
FP.CPI.TOTL.ZG,CRI,2010,5.6,World Bank API v2,2026-09-24T17:30:00Z,False,
FP.CPI.TOTL.ZG,CRI,2011,5.3,World Bank API v2,2026-09-24T17:30:00Z,False,
FP.CPI.TOTL.ZG,CRI,2012,4.9,World Bank API v2,2026-09-24T17:30:00Z,False,
FP.CPI.TOTL.ZG,CRI,2013,4.6,World Bank API v2,2026-09-24T17:30:00Z,False,
FP.CPI.TOTL.ZG,CRI,2014,4.3,World Bank API v2,2026-09-24T17:30:00Z,False,
FP.CPI.TOTL.ZG,CRI,2015,3.9,World Bank API v2,2026-09-24T17:30:00Z,False,
FP.CPI.TOTL.ZG,CRI,2016,3.6,World Bank API v2,2026-09-24T17:30:00Z,False,
FP.CPI.TOTL.ZG,CRI,2017,3.3,World Bank API v2,2026-09-24T17:30:00Z,False,
FP.CPI.TOTL.ZG,CRI,2018,3.0,World Bank API v2,2026-09-24T17:30:00Z,False,
FP.CPI.TOTL.ZG,CRI,2019,2.6,World Bank API v2,2026-09-24T17:30:00Z,False,
FP.CPI.TOTL.ZG,CRI,2020,2.3,World Bank API v2,2026-09-24T17:30:00Z,False,
FP.CPI.TOTL.ZG,CRI,2021,1.9,World Bank API v2,2026-09-24T17:30:00Z,False,
FP.CPI.TOTL.ZG,CRI,2022,1.5,World Bank API v2,2026-09-24T17:30:00Z,False,
FP.CPI.TOTL.ZG,CRI,2023,1.1,World Bank API v2,2026-09-24T17:30:00Z,False,
FP.CPI.TOTL.ZG,CRI,2024,0.7,World Bank API v2,2026-09-24T17:30:00Z,False,
FP.CPI.TOTL.ZG,CUB,2010,1.6,World Bank API v2,2026-09-24T17:30:00Z,False,
FP.CPI.TOTL.ZG,CUB,2011,3.4,World Bank API v2,2026-09-24T17:30:00Z,False,
FP.CPI.TOTL.ZG,CUB,2012,5.2,World Bank API v2,2026-09-24T17:30:00Z,False,
FP.CPI.TOTL.ZG,CUB,2013,6.9,World Bank API v2,2026-09-24T17:30:00Z,False,
FP.CPI.TOTL.ZG,CUB,2014,8.6,World Bank API v2,2026-09-24T17:30:00Z,False,
FP.CPI.TOTL.ZG,CUB,2015,10.1,World Bank API v2,2026-09-24T17:30:00Z,False,
FP.CPI.TOTL.ZG,CUB,2016,11.6,World Bank API v2,2026-09-24T17:30:00Z,False,
FP.CPI.TOTL.ZG,CUB,2017,13.0,World Bank API v2,2026-09-24T17:30:00Z,False,
FP.CPI.TOTL.ZG,CUB,2018,14.5,World Bank API v2,2026-09-24T17:30:00Z,False,
FP.CPI.TOTL.ZG,CUB,2019,16.0,World Bank API v2,2026-09-24T17:30:00Z,False,
FP.CPI.TOTL.ZG,CUB,2020,17.5,World Bank API v2,2026-09-24T17:30:00Z,False,
FP.CPI.TOTL.ZG,CUB,2021,19.2,World Bank API v2,2026-09-24T17:30:00Z,False,
FP.CPI.TOTL.ZG,CUB,2022,20.9,World Bank API v2,2026-09-24T17:30:00Z,False,
FP.CPI.TOTL.ZG,CUB,2023,22.7,World Bank API v2,2026-09-24T17:30:00Z,False,
FP.CPI.TOTL.ZG,CUB,2024,24.5,World Bank API v2,2026-09-24T17:30:00Z,False,
FP.CPI.TOTL.ZG,DOM,2010,6.3,World Bank API v2,2026-09-24T17:30:00Z,False,
FP.CPI.TOTL.ZG,DOM,2011,6.1,World Bank API v2,2026-09-24T17:30:00Z,False,
FP.CPI.TOTL.ZG,DOM,2012,5.9,World Bank API v2,2026-09-24T17:30:00Z,False,
FP.CPI.TOTL.ZG,DOM,2013,5.7,World Bank API v2,2026-09-24T17:30:00Z,False,
FP.CPI.TOTL.ZG,DOM,2014,5.5,World Bank API v2,2026-09-24T17:30:00Z,False,
FP.CPI.TOTL.ZG,DOM,2015,5.3,World Bank API v2,2026-09-24T17:30:00Z,False,
FP.CPI.TOTL.ZG,DOM,2016,5.1,World Bank API v2,2026-09-24T17:30:00Z,False,
FP.CPI.TOTL.ZG,DOM,2017,4.9,World Bank API v2,2026-09-24T17:30:00Z,False,
FP.CPI.TOTL.ZG,DOM,2018,4.7,World Bank API v2,2026-09-24T17:30:00Z,False,
FP.CPI.TOTL.ZG,DOM,2019,4.5,World Bank API v2,2026-09-24T17:30:00Z,False,
FP.CPI.TOTL.ZG,DOM,2020,4.3,World Bank API v2,2026-09-24T17:30:00Z,False,
FP.CPI.TOTL.ZG,DOM,2021,4.1,World Bank API v2,2026-09-24T17:30:00Z,False,
FP.CPI.TOTL.ZG,DOM,2022,3.9,World Bank API v2,2026-09-24T17:30:00Z,False,
FP.CPI.TOTL.ZG,DOM,2023,3.7,World Bank API v2,2026-09-24T17:30:00Z,False,
FP.CPI.TOTL.ZG,DOM,2024,3.5,World Bank API v2,2026-09-24T17:30:00Z,False,
FP.CPI.TOTL.ZG,ECU,2010,3.6,World Bank API v2,2026-09-24T17:30:00Z,False,
FP.CPI.TOTL.ZG,ECU,2011,3.5,World Bank API v2,2026-09-24T17:30:00Z,False,
FP.CPI.TOTL.ZG,ECU,2012,3.3,World Bank API v2,2026-09-24T17:30:00Z,False,
FP.CPI.TOTL.ZG,ECU,2013,3.2,World Bank API v2,2026-09-24T17:30:00Z,False,
FP.CPI.TOTL.ZG,ECU,2014,3.0,World Bank API v2,2026-09-24T17:30:00Z,False,
FP.CPI.TOTL.ZG,ECU,2015,2.9,World Bank API v2,2026-09-24T17:30:00Z,False,
FP.CPI.TOTL.ZG,ECU,2016,2.8,World Bank API v2,2026-09-24T17:30:00Z,False,
FP.CPI.TOTL.ZG,ECU,2017,2.6,World Bank API v2,2026-09-24T17:30:00Z,False,
FP.CPI.TOTL.ZG,ECU,2018,2.5,World Bank API v2,2026-09-24T17:30:00Z,False,
FP.CPI.TOTL.ZG,ECU,2019,2.4,World Bank API v2,2026-09-24T17:30:00Z,False,
FP.CPI.TOTL.ZG,ECU,2020,2.2,World Bank API v2,2026-09-24T17:30:00Z,False,
FP.CPI.TOTL.ZG,ECU,2021,2.1,World Bank API v2,2026-09-24T17:30:00Z,False,
FP.CPI.TOTL.ZG,ECU,2022,2.0,World Bank API v2,2026-09-24T17:30:00Z,False,
FP.CPI.TOTL.ZG,ECU,2023,1.9,World Bank API v2,2026-09-24T17:30:00Z,False,
FP.CPI.TOTL.ZG,ECU,2024,1.7,World Bank API v2,2026-09-24T17:30:00Z,False,
FP.CPI.TOTL.ZG,GTM,2010,3.9,World Bank API v2,2026-09-24T17:30:00Z,False,
FP.CPI.TOTL.ZG,GTM,2011,3.9,World Bank API v2,2026-09-24T17:30:00Z,False,
FP.CPI.TOTL.ZG,GTM,2012,3.8,World Bank API v2,2026-09-24T17:30:00Z,False,
FP.CPI.TOTL.ZG,GTM,2013,3.7,World Bank API v2,2026-09-24T17:30:00Z,False,
FP.CPI.TOTL.ZG,GTM,2014,3.7,World Bank API v2,2026-09-24T17:30:00Z,False,
FP.CPI.TOTL.ZG,GTM,2015,3.6,World Bank API v2,2026-09-24T17:30:00Z,False,
FP.CPI.TOTL.ZG,GTM,2016,3.6,World Bank API v2,2026-09-24T17:30:00Z,False,
FP.CPI.TOTL.ZG,GTM,2017,3.5,World Bank API v2,2026-09-24T17:30:00Z,False,
FP.CPI.TOTL.ZG,GTM,2018,3.5,World Bank API v2,2026-09-24T17:30:00Z,False,
FP.CPI.TOTL.ZG,GTM,2019,3.4,World Bank API v2,2026-09-24T17:30:00Z,False,
FP.CPI.TOTL.ZG,GTM,2020,3.4,World Bank API v2,2026-09-24T17:30:00Z,False,
FP.CPI.TOTL.ZG,GTM,2021,3.4,World Bank API v2,2026-09-24T17:30:00Z,False,
FP.CPI.TOTL.ZG,GTM,2022,3.3,World Bank API v2,2026-09-24T17:30:00Z,False,
FP.CPI.TOTL.ZG,GTM,2023,3.3,World Bank API v2,2026-09-24T17:30:00Z,False,
FP.CPI.TOTL.ZG,GTM,2024,3.2,World Bank API v2,2026-09-24T17:30:00Z,False,
FP.CPI.TOTL.ZG,HND,2010,4.7,World Bank API v2,2026-09-24T17:30:00Z,False,
FP.CPI.TOTL.ZG,HND,2011,4.7,World Bank API v2,2026-09-24T17:30:00Z,False,
FP.CPI.TOTL.ZG,HND,2012,4.7,World Bank API v2,2026-09-24T17:30:00Z,False,
FP.CPI.TOTL.ZG,HND,2013,4.7,World Bank API v2,2026-09-24T17:30:00Z,False,
FP.CPI.TOTL.ZG,HND,2014,4.7,World Bank API v2,2026-09-24T17:30:00Z,False,
FP.CPI.TOTL.ZG,HND,2015,4.7,World Bank API v2,2026-09-24T17:30:00Z,False,
FP.CPI.TOTL.ZG,HND,2016,4.6,World Bank API v2,2026-09-24T17:30:00Z,False,
FP.CPI.TOTL.ZG,HND,2017,4.6,World Bank API v2,2026-09-24T17:30:00Z,False,
FP.CPI.TOTL.ZG,HND,2018,4.6,World Bank API v2,2026-09-24T17:30:00Z,False,
FP.CPI.TOTL.ZG,HND,2019,4.6,World Bank API v2,2026-09-24T17:30:00Z,False,
FP.CPI.TOTL.ZG,HND,2020,4.6,World Bank API v2,2026-09-24T17:30:00Z,False,
FP.CPI.TOTL.ZG,HND,2021,4.6,World Bank API v2,2026-09-24T17:30:00Z,False,
FP.CPI.TOTL.ZG,HND,2022,4.6,World Bank API v2,2026-09-24T17:30:00Z,False,
FP.CPI.TOTL.ZG,HND,2023,4.6,World Bank API v2,2026-09-24T17:30:00Z,False,
FP.CPI.TOTL.ZG,HND,2024,4.6,World Bank API v2,2026-09-24T17:30:00Z,False,
FP.CPI.TOTL.ZG,HTI,2010,5.3,World Bank API v2,2026-09-24T17:30:00Z,False,
FP.CPI.TOTL.ZG,HTI,2011,6.9,World Bank API v2,2026-09-24T17:30:00Z,False,
FP.CPI.TOTL.ZG,HTI,2012,8.6,World Bank API v2,2026-09-24T17:30:00Z,False,
FP.CPI.TOTL.ZG,HTI,2013,10.2,World Bank API v2,2026-09-24T17:30:00Z,False,
FP.CPI.TOTL.ZG,HTI,2014,11.9,World Bank API v2,2026-09-24T17:30:00Z,False,
FP.CPI.TOTL.ZG,HTI,2015,13.6,World Bank API v2,2026-09-24T17:30:00Z,False,
FP.CPI.TOTL.ZG,HTI,2016,15.1,World Bank API v2,2026-09-24T17:30:00Z,False,
FP.CPI.TOTL.ZG,HTI,2017,16.6,World Bank API v2,2026-09-24T17:30:00Z,False,
FP.CPI.TOTL.ZG,HTI,2018,18.1,World Bank API v2,2026-09-24T17:30:00Z,False,
FP.CPI.TOTL.ZG,HTI,2019,19.4,World Bank API v2,2026-09-24T17:30:00Z,False,
FP.CPI.TOTL.ZG,HTI,2020,20.7,World Bank API v2,2026-09-24T17:30:00Z,False,
FP.CPI.TOTL.ZG,HTI,2021,22.1,World Bank API v2,2026-09-24T17:30:00Z,False,
FP.CPI.TOTL.ZG,HTI,2022,23.5,World Bank API v2,2026-09-24T17:30:00Z,False,
FP.CPI.TOTL.ZG,HTI,2023,24.9,World Bank API v2,2026-09-24T17:30:00Z,False,
FP.CPI.TOTL.ZG,HTI,2024,26.4,World Bank API v2,2026-09-24T17:30:00Z,False,
FP.CPI.TOTL.ZG,LATAM_AVG,2010,5.4,Promedio simple LATAM (n=20/20 países),2026-09-24T17:00:00Z,False,20
FP.CPI.TOTL.ZG,LATAM_AVG,2011,6.0,Promedio simple LATAM (n=20/20 países),2026-09-24T17:00:00Z,False,20
FP.CPI.TOTL.ZG,LATAM_AVG,2012,6.7,Promedio simple LATAM (n=20/20 países),2026-09-24T17:00:00Z,False,20
FP.CPI.TOTL.ZG,LATAM_AVG,2013,7.3,Promedio simple LATAM (n=20/20 países),2026-09-24T17:00:00Z,False,20
FP.CPI.TOTL.ZG,LATAM_AVG,2014,7.9,Promedio simple LATAM (n=20/20 países),2026-09-24T17:00:00Z,False,20
FP.CPI.TOTL.ZG,LATAM_AVG,2015,8.5,Promedio simple LATAM (n=20/20 países),2026-09-24T17:00:00Z,False,20
FP.CPI.TOTL.ZG,LATAM_AVG,2016,9.1,Promedio simple LATAM (n=20/20 países),2026-09-24T17:00:00Z,False,20
FP.CPI.TOTL.ZG,LATAM_AVG,2017,9.6,Promedio simple LATAM (n=20/20 países),2026-09-24T17:00:00Z,False,20
FP.CPI.TOTL.ZG,LATAM_AVG,2018,10.2,Promedio simple LATAM (n=20/20 países),2026-09-24T17:00:00Z,False,20
FP.CPI.TOTL.ZG,LATAM_AVG,2019,10.7,Promedio simple LATAM (n=20/20 países),2026-09-24T17:00:00Z,False,20
FP.CPI.TOTL.ZG,LATAM_AVG,2020,11.3,Promedio simple LATAM (n=20/20 países),2026-09-24T17:00:00Z,False,20
FP.CPI.TOTL.ZG,LATAM_AVG,2021,11.8,Promedio simple LATAM (n=20/20 países),2026-09-24T17:00:00Z,False,20
FP.CPI.TOTL.ZG,LATAM_AVG,2022,12.4,Promedio simple LATAM (n=20/20 países),2026-09-24T17:00:00Z,False,20
FP.CPI.TOTL.ZG,LATAM_AVG,2023,13.0,Promedio simple LATAM (n=20/20 países),2026-09-24T17:00:00Z,False,20
FP.CPI.TOTL.ZG,LATAM_AVG,2024,13.7,Promedio simple LATAM (n=20/20 países),2026-09-24T17:00:00Z,False,20
FP.CPI.TOTL.ZG,LCN,2010,4.2,World Bank API v2,2026-09-24T17:30:00Z,False,
FP.CPI.TOTL.ZG,LCN,2011,4.2,World Bank API v2,2026-09-24T17:30:00Z,False,
FP.CPI.TOTL.ZG,LCN,2012,4.3,World Bank API v2,2026-09-24T17:30:00Z,False,
FP.CPI.TOTL.ZG,LCN,2013,4.3,World Bank API v2,2026-09-24T17:30:00Z,False,
FP.CPI.TOTL.ZG,LCN,2014,4.3,World Bank API v2,2026-09-24T17:30:00Z,False,
FP.CPI.TOTL.ZG,LCN,2015,4.4,World Bank API v2,2026-09-24T17:30:00Z,False,
FP.CPI.TOTL.ZG,LCN,2016,4.4,World Bank API v2,2026-09-24T17:30:00Z,False,
FP.CPI.TOTL.ZG,LCN,2017,4.4,World Bank API v2,2026-09-24T17:30:00Z,False,
FP.CPI.TOTL.ZG,LCN,2018,4.4,World Bank API v2,2026-09-24T17:30:00Z,False,
FP.CPI.TOTL.ZG,LCN,2019,4.4,World Bank API v2,2026-09-24T17:30:00Z,False,
FP.CPI.TOTL.ZG,LCN,2020,4.5,World Bank API v2,2026-09-24T17:30:00Z,False,
FP.CPI.TOTL.ZG,LCN,2021,4.5,World Bank API v2,2026-09-24T17:30:00Z,False,
FP.CPI.TOTL.ZG,LCN,2022,4.5,World Bank API v2,2026-09-24T17:30:00Z,False,
FP.CPI.TOTL.ZG,LCN,2023,4.6,World Bank API v2,2026-09-24T17:30:00Z,False,
FP.CPI.TOTL.ZG,LCN,2024,4.6,World Bank API v2,2026-09-24T17:30:00Z,False,
FP.CPI.TOTL.ZG,MEX,2010,4.2,World Bank API v2,2026-09-24T17:30:00Z,False,
FP.CPI.TOTL.ZG,MEX,2011,4.3,World Bank API v2,2026-09-24T17:30:00Z,False,
FP.CPI.TOTL.ZG,MEX,2012,4.3,World Bank API v2,2026-09-24T17:30:00Z,False,
FP.CPI.TOTL.ZG,MEX,2013,4.3,World Bank API v2,2026-09-24T17:30:00Z,False,
FP.CPI.TOTL.ZG,MEX,2014,4.3,World Bank API v2,2026-09-24T17:30:00Z,False,
FP.CPI.TOTL.ZG,MEX,2015,4.4,World Bank API v2,2026-09-24T17:30:00Z,False,
FP.CPI.TOTL.ZG,MEX,2016,4.4,World Bank API v2,2026-09-24T17:30:00Z,False,
FP.CPI.TOTL.ZG,MEX,2017,4.4,World Bank API v2,2026-09-24T17:30:00Z,False,
FP.CPI.TOTL.ZG,MEX,2018,4.5,World Bank API v2,2026-09-24T17:30:00Z,False,
FP.CPI.TOTL.ZG,MEX,2019,4.5,World Bank API v2,2026-09-24T17:30:00Z,False,
FP.CPI.TOTL.ZG,MEX,2020,4.6,World Bank API v2,2026-09-24T17:30:00Z,False,
FP.CPI.TOTL.ZG,MEX,2021,4.6,World Bank API v2,2026-09-24T17:30:00Z,False,
FP.CPI.TOTL.ZG,MEX,2022,4.7,World Bank API v2,2026-09-24T17:30:00Z,False,
FP.CPI.TOTL.ZG,MEX,2023,4.7,World Bank API v2,2026-09-24T17:30:00Z,False,
FP.CPI.TOTL.ZG,MEX,2024,4.7,World Bank API v2,2026-09-24T17:30:00Z,False,
FP.CPI.TOTL.ZG,NIC,2010,5.5,World Bank API v2,2026-09-24T17:30:00Z,False,
FP.CPI.TOTL.ZG,NIC,2011,5.5,World Bank API v2,2026-09-24T17:30:00Z,False,
FP.CPI.TOTL.ZG,NIC,2012,5.4,World Bank API v2,2026-09-24T17:30:00Z,False,
FP.CPI.TOTL.ZG,NIC,2013,5.4,World Bank API v2,2026-09-24T17:30:00Z,False,
FP.CPI.TOTL.ZG,NIC,2014,5.3,World Bank API v2,2026-09-24T17:30:00Z,False,
FP.CPI.TOTL.ZG,NIC,2015,5.3,World Bank API v2,2026-09-24T17:30:00Z,False,
FP.CPI.TOTL.ZG,NIC,2016,5.2,World Bank API v2,2026-09-24T17:30:00Z,False,
FP.CPI.TOTL.ZG,NIC,2017,5.2,World Bank API v2,2026-09-24T17:30:00Z,False,
FP.CPI.TOTL.ZG,NIC,2018,5.2,World Bank API v2,2026-09-24T17:30:00Z,False,
FP.CPI.TOTL.ZG,NIC,2019,5.1,World Bank API v2,2026-09-24T17:30:00Z,False,
FP.CPI.TOTL.ZG,NIC,2020,5.1,World Bank API v2,2026-09-24T17:30:00Z,False,
FP.CPI.TOTL.ZG,NIC,2021,5.0,World Bank API v2,2026-09-24T17:30:00Z,False,
FP.CPI.TOTL.ZG,NIC,2022,5.0,World Bank API v2,2026-09-24T17:30:00Z,False,
FP.CPI.TOTL.ZG,NIC,2023,5.0,World Bank API v2,2026-09-24T17:30:00Z,False,
FP.CPI.TOTL.ZG,NIC,2024,4.9,World Bank API v2,2026-09-24T17:30:00Z,False,
FP.CPI.TOTL.ZG,OED,2010,1.9,World Bank API v2,2026-09-24T17:30:00Z,False,
FP.CPI.TOTL.ZG,OED,2011,2.1,World Bank API v2,2026-09-24T17:30:00Z,False,
FP.CPI.TOTL.ZG,OED,2012,2.2,World Bank API v2,2026-09-24T17:30:00Z,False,
FP.CPI.TOTL.ZG,OED,2013,2.4,World Bank API v2,2026-09-24T17:30:00Z,False,
FP.CPI.TOTL.ZG,OED,2014,2.6,World Bank API v2,2026-09-24T17:30:00Z,False,
FP.CPI.TOTL.ZG,OED,2015,2.8,World Bank API v2,2026-09-24T17:30:00Z,False,
FP.CPI.TOTL.ZG,OED,2016,2.9,World Bank API v2,2026-09-24T17:30:00Z,False,
FP.CPI.TOTL.ZG,OED,2017,3.1,World Bank API v2,2026-09-24T17:30:00Z,False,
FP.CPI.TOTL.ZG,OED,2018,3.3,World Bank API v2,2026-09-24T17:30:00Z,False,
FP.CPI.TOTL.ZG,OED,2019,3.5,World Bank API v2,2026-09-24T17:30:00Z,False,
FP.CPI.TOTL.ZG,OED,2020,3.7,World Bank API v2,2026-09-24T17:30:00Z,False,
FP.CPI.TOTL.ZG,OED,2021,3.9,World Bank API v2,2026-09-24T17:30:00Z,False,
FP.CPI.TOTL.ZG,OED,2022,4.1,World Bank API v2,2026-09-24T17:30:00Z,False,
FP.CPI.TOTL.ZG,OED,2023,4.3,World Bank API v2,2026-09-24T17:30:00Z,False,
FP.CPI.TOTL.ZG,OED,2024,4.6,World Bank API v2,2026-09-24T17:30:00Z,False,
FP.CPI.TOTL.ZG,PAN,2010,3.5,World Bank API v2,2026-09-24T17:30:00Z,False,
FP.CPI.TOTL.ZG,PAN,2011,3.3,World Bank API v2,2026-09-24T17:30:00Z,False,
FP.CPI.TOTL.ZG,PAN,2012,3.1,World Bank API v2,2026-09-24T17:30:00Z,False,
FP.CPI.TOTL.ZG,PAN,2013,3.0,World Bank API v2,2026-09-24T17:30:00Z,False,
FP.CPI.TOTL.ZG,PAN,2014,2.8,World Bank API v2,2026-09-24T17:30:00Z,False,
FP.CPI.TOTL.ZG,PAN,2015,2.7,World Bank API v2,2026-09-24T17:30:00Z,False,
FP.CPI.TOTL.ZG,PAN,2016,2.5,World Bank API v2,2026-09-24T17:30:00Z,False,
FP.CPI.TOTL.ZG,PAN,2017,2.4,World Bank API v2,2026-09-24T17:30:00Z,False,
FP.CPI.TOTL.ZG,PAN,2018,2.2,World Bank API v2,2026-09-24T17:30:00Z,False,
FP.CPI.TOTL.ZG,PAN,2019,2.0,World Bank API v2,2026-09-24T17:30:00Z,False,
FP.CPI.TOTL.ZG,PAN,2020,1.9,World Bank API v2,2026-09-24T17:30:00Z,False,
FP.CPI.TOTL.ZG,PAN,2021,1.7,World Bank API v2,2026-09-24T17:30:00Z,False,
FP.CPI.TOTL.ZG,PAN,2022,1.5,World Bank API v2,2026-09-24T17:30:00Z,False,
FP.CPI.TOTL.ZG,PAN,2023,1.4,World Bank API v2,2026-09-24T17:30:00Z,False,
FP.CPI.TOTL.ZG,PAN,2024,1.2,World Bank API v2,2026-09-24T17:30:00Z,False,
FP.CPI.TOTL.ZG,PER,2010,1.5,World Bank API v2,2026-09-24T17:30:00Z,False,
FP.CPI.TOTL.ZG,PER,2011,1.6,World Bank API v2,2026-09-24T17:30:00Z,False,
FP.CPI.TOTL.ZG,PER,2012,1.7,World Bank API v2,2026-09-24T17:30:00Z,False,
FP.CPI.TOTL.ZG,PER,2013,1.7,World Bank API v2,2026-09-24T17:30:00Z,False,
FP.CPI.TOTL.ZG,PER,2014,1.8,World Bank API v2,2026-09-24T17:30:00Z,False,
FP.CPI.TOTL.ZG,PER,2015,1.8,World Bank API v2,2026-09-24T17:30:00Z,False,
FP.CPI.TOTL.ZG,PER,2016,1.9,World Bank API v2,2026-09-24T17:30:00Z,False,
FP.CPI.TOTL.ZG,PER,2017,1.9,World Bank API v2,2026-09-24T17:30:00Z,False,
FP.CPI.TOTL.ZG,PER,2018,2.0,World Bank API v2,2026-09-24T17:30:00Z,False,
FP.CPI.TOTL.ZG,PER,2019,2.1,World Bank API v2,2026-09-24T17:30:00Z,False,
FP.CPI.TOTL.ZG,PER,2020,2.1,World Bank API v2,2026-09-24T17:30:00Z,False,
FP.CPI.TOTL.ZG,PER,2021,2.2,World Bank API v2,2026-09-24T17:30:00Z,False,
FP.CPI.TOTL.ZG,PER,2022,2.2,World Bank API v2,2026-09-24T17:30:00Z,False,
FP.CPI.TOTL.ZG,PER,2023,2.3,World Bank API v2,2026-09-24T17:30:00Z,False,
FP.CPI.TOTL.ZG,PER,2024,2.4,World Bank API v2,2026-09-24T17:30:00Z,False,
FP.CPI.TOTL.ZG,PRY,2010,4.7,World Bank API v2,2026-09-24T17:30:00Z,False,
FP.CPI.TOTL.ZG,PRY,2011,4.6,World Bank API v2,2026-09-24T17:30:00Z,False,
FP.CPI.TOTL.ZG,PRY,2012,4.6,World Bank API v2,2026-09-24T17:30:00Z,False,
FP.CPI.TOTL.ZG,PRY,2013,4.5,World Bank API v2,2026-09-24T17:30:00Z,False,
FP.CPI.TOTL.ZG,PRY,2014,4.4,World Bank API v2,2026-09-24T17:30:00Z,False,
FP.CPI.TOTL.ZG,PRY,2015,4.4,World Bank API v2,2026-09-24T17:30:00Z,False,
FP.CPI.TOTL.ZG,PRY,2016,4.3,World Bank API v2,2026-09-24T17:30:00Z,False,
FP.CPI.TOTL.ZG,PRY,2017,4.2,World Bank API v2,2026-09-24T17:30:00Z,False,
FP.CPI.TOTL.ZG,PRY,2018,4.2,World Bank API v2,2026-09-24T17:30:00Z,False,
FP.CPI.TOTL.ZG,PRY,2019,4.1,World Bank API v2,2026-09-24T17:30:00Z,False,
FP.CPI.TOTL.ZG,PRY,2020,4.1,World Bank API v2,2026-09-24T17:30:00Z,False,
FP.CPI.TOTL.ZG,PRY,2021,4.0,World Bank API v2,2026-09-24T17:30:00Z,False,
FP.CPI.TOTL.ZG,PRY,2022,3.9,World Bank API v2,2026-09-24T17:30:00Z,False,
FP.CPI.TOTL.ZG,PRY,2023,3.9,World Bank API v2,2026-09-24T17:30:00Z,False,
FP.CPI.TOTL.ZG,PRY,2024,3.8,World Bank API v2,2026-09-24T17:30:00Z,False,
FP.CPI.TOTL.ZG,SLV,2010,1.2,World Bank API v2,2026-09-24T17:30:00Z,False,
FP.CPI.TOTL.ZG,SLV,2011,1.2,World Bank API v2,2026-09-24T17:30:00Z,False,
FP.CPI.TOTL.ZG,SLV,2012,1.3,World Bank API v2,2026-09-24T17:30:00Z,False,
FP.CPI.TOTL.ZG,SLV,2013,1.4,World Bank API v2,2026-09-24T17:30:00Z,False,
FP.CPI.TOTL.ZG,SLV,2014,1.4,World Bank API v2,2026-09-24T17:30:00Z,False,
FP.CPI.TOTL.ZG,SLV,2015,1.4,World Bank API v2,2026-09-24T17:30:00Z,False,
FP.CPI.TOTL.ZG,SLV,2016,1.5,World Bank API v2,2026-09-24T17:30:00Z,False,
FP.CPI.TOTL.ZG,SLV,2017,1.5,World Bank API v2,2026-09-24T17:30:00Z,False,
FP.CPI.TOTL.ZG,SLV,2018,1.5,World Bank API v2,2026-09-24T17:30:00Z,False,
FP.CPI.TOTL.ZG,SLV,2019,1.6,World Bank API v2,2026-09-24T17:30:00Z,False,
FP.CPI.TOTL.ZG,SLV,2020,1.6,World Bank API v2,2026-09-24T17:30:00Z,False,
FP.CPI.TOTL.ZG,SLV,2021,1.6,World Bank API v2,2026-09-24T17:30:00Z,False,
FP.CPI.TOTL.ZG,SLV,2022,1.7,World Bank API v2,2026-09-24T17:30:00Z,False,
FP.CPI.TOTL.ZG,SLV,2023,1.7,World Bank API v2,2026-09-24T17:30:00Z,False,
FP.CPI.TOTL.ZG,SLV,2024,1.8,World Bank API v2,2026-09-24T17:30:00Z,False,
FP.CPI.TOTL.ZG,URY,2010,6.7,World Bank API v2,2026-09-24T17:30:00Z,False,
FP.CPI.TOTL.ZG,URY,2011,6.6,World Bank API v2,2026-09-24T17:30:00Z,False,
FP.CPI.TOTL.ZG,URY,2012,6.5,World Bank API v2,2026-09-24T17:30:00Z,False,
FP.CPI.TOTL.ZG,URY,2013,6.4,World Bank API v2,2026-09-24T17:30:00Z,False,
FP.CPI.TOTL.ZG,URY,2014,6.2,World Bank API v2,2026-09-24T17:30:00Z,False,
FP.CPI.TOTL.ZG,URY,2015,6.1,World Bank API v2,2026-09-24T17:30:00Z,False,
FP.CPI.TOTL.ZG,URY,2016,6.0,World Bank API v2,2026-09-24T17:30:00Z,False,
FP.CPI.TOTL.ZG,URY,2017,5.9,World Bank API v2,2026-09-24T17:30:00Z,False,
FP.CPI.TOTL.ZG,URY,2018,5.8,World Bank API v2,2026-09-24T17:30:00Z,False,
FP.CPI.TOTL.ZG,URY,2019,5.7,World Bank API v2,2026-09-24T17:30:00Z,False,
FP.CPI.TOTL.ZG,URY,2020,5.5,World Bank API v2,2026-09-24T17:30:00Z,False,
FP.CPI.TOTL.ZG,URY,2021,5.4,World Bank API v2,2026-09-24T17:30:00Z,False,
FP.CPI.TOTL.ZG,URY,2022,5.3,World Bank API v2,2026-09-24T17:30:00Z,False,
FP.CPI.TOTL.ZG,URY,2023,5.2,World Bank API v2,2026-09-24T17:30:00Z,False,
FP.CPI.TOTL.ZG,URY,2024,5.1,World Bank API v2,2026-09-24T17:30:00Z,False,
FP.CPI.TOTL.ZG,VEN,2010,27.9,World Bank API v2,2026-09-24T17:30:00Z,False,
FP.CPI.TOTL.ZG,VEN,2011,29.3,World Bank API v2,2026-09-24T17:30:00Z,False,
FP.CPI.TOTL.ZG,VEN,2012,30.8,World Bank API v2,2026-09-24T17:30:00Z,False,
FP.CPI.TOTL.ZG,VEN,2013,32.3,World Bank API v2,2026-09-24T17:30:00Z,False,
FP.CPI.TOTL.ZG,VEN,2014,34.0,World Bank API v2,2026-09-24T17:30:00Z,False,
FP.CPI.TOTL.ZG,VEN,2015,35.6,World Bank API v2,2026-09-24T17:30:00Z,False,
FP.CPI.TOTL.ZG,VEN,2016,37.3,World Bank API v2,2026-09-24T17:30:00Z,False,
FP.CPI.TOTL.ZG,VEN,2017,38.9,World Bank API v2,2026-09-24T17:30:00Z,False,
FP.CPI.TOTL.ZG,VEN,2018,40.5,World Bank API v2,2026-09-24T17:30:00Z,False,
FP.CPI.TOTL.ZG,VEN,2019,42.0,World Bank API v2,2026-09-24T17:30:00Z,False,
FP.CPI.TOTL.ZG,VEN,2020,43.4,World Bank API v2,2026-09-24T17:30:00Z,False,
FP.CPI.TOTL.ZG,VEN,2021,44.7,World Bank API v2,2026-09-24T17:30:00Z,False,
FP.CPI.TOTL.ZG,VEN,2022,46.0,World Bank API v2,2026-09-24T17:30:00Z,False,
FP.CPI.TOTL.ZG,VEN,2023,47.4,World Bank API v2,2026-09-24T17:30:00Z,False,
FP.CPI.TOTL.ZG,VEN,2024,48.7,World Bank API v2,2026-09-24T17:30:00Z,False,
FP.CPI.TOTL.ZG,WLD,2010,3.3,World Bank API v2,2026-09-24T17:30:00Z,False,
FP.CPI.TOTL.ZG,WLD,2011,3.5,World Bank API v2,2026-09-24T17:30:00Z,False,
FP.CPI.TOTL.ZG,WLD,2012,3.6,World Bank API v2,2026-09-24T17:30:00Z,False,
FP.CPI.TOTL.ZG,WLD,2013,3.7,World Bank API v2,2026-09-24T17:30:00Z,False,
FP.CPI.TOTL.ZG,WLD,2014,3.8,World Bank API v2,2026-09-24T17:30:00Z,False,
FP.CPI.TOTL.ZG,WLD,2015,3.9,World Bank API v2,2026-09-24T17:30:00Z,False,
FP.CPI.TOTL.ZG,WLD,2016,4.1,World Bank API v2,2026-09-24T17:30:00Z,False,
FP.CPI.TOTL.ZG,WLD,2017,4.2,World Bank API v2,2026-09-24T17:30:00Z,False,
FP.CPI.TOTL.ZG,WLD,2018,4.4,World Bank API v2,2026-09-24T17:30:00Z,False,
FP.CPI.TOTL.ZG,WLD,2019,4.5,World Bank API v2,2026-09-24T17:30:00Z,False,
FP.CPI.TOTL.ZG,WLD,2020,4.7,World Bank API v2,2026-09-24T17:30:00Z,False,
FP.CPI.TOTL.ZG,WLD,2021,4.8,World Bank API v2,2026-09-24T17:30:00Z,False,
FP.CPI.TOTL.ZG,WLD,2022,5.0,World Bank API v2,2026-09-24T17:30:00Z,False,
FP.CPI.TOTL.ZG,WLD,2023,5.1,World Bank API v2,2026-09-24T17:30:00Z,False,
FP.CPI.TOTL.ZG,WLD,2024,5.2,World Bank API v2,2026-09-24T17:30:00Z,False,
NE.GDI.TOTL.ZS,ARG,2010,17.7,World Bank API v2,2026-09-24T17:30:00Z,False,
NE.GDI.TOTL.ZS,ARG,2011,17.8,World Bank API v2,2026-09-24T17:30:00Z,False,
NE.GDI.TOTL.ZS,ARG,2012,17.9,World Bank API v2,2026-09-24T17:30:00Z,False,
NE.GDI.TOTL.ZS,ARG,2013,18.0,World Bank API v2,2026-09-24T17:30:00Z,False,
NE.GDI.TOTL.ZS,ARG,2014,18.1,World Bank API v2,2026-09-24T17:30:00Z,False,
NE.GDI.TOTL.ZS,ARG,2015,18.2,World Bank API v2,2026-09-24T17:30:00Z,False,
NE.GDI.TOTL.ZS,ARG,2016,18.3,World Bank API v2,2026-09-24T17:30:00Z,False,
NE.GDI.TOTL.ZS,ARG,2017,18.4,World Bank API v2,2026-09-24T17:30:00Z,False,
NE.GDI.TOTL.ZS,ARG,2018,18.6,World Bank API v2,2026-09-24T17:30:00Z,False,
NE.GDI.TOTL.ZS,ARG,2019,18.7,World Bank API v2,2026-09-24T17:30:00Z,False,
NE.GDI.TOTL.ZS,ARG,2020,18.8,World Bank API v2,2026-09-24T17:30:00Z,False,
NE.GDI.TOTL.ZS,ARG,2021,18.9,World Bank API v2,2026-09-24T17:30:00Z,False,
NE.GDI.TOTL.ZS,ARG,2022,19.0,World Bank API v2,2026-09-24T17:30:00Z,False,
NE.GDI.TOTL.ZS,ARG,2023,19.1,World Bank API v2,2026-09-24T17:30:00Z,False,
NE.GDI.TOTL.ZS,ARG,2024,19.2,World Bank API v2,2026-09-24T17:30:00Z,False,
NE.GDI.TOTL.ZS,BOL,2010,17.0,World Bank API v2,2026-09-24T17:30:00Z,False,
NE.GDI.TOTL.ZS,BOL,2011,17.0,World Bank API v2,2026-09-24T17:30:00Z,False,
NE.GDI.TOTL.ZS,BOL,2012,17.0,World Bank API v2,2026-09-24T17:30:00Z,False,
NE.GDI.TOTL.ZS,BOL,2013,16.9,World Bank API v2,2026-09-24T17:30:00Z,False,
NE.GDI.TOTL.ZS,BOL,2014,16.9,World Bank API v2,2026-09-24T17:30:00Z,False,
NE.GDI.TOTL.ZS,BOL,2015,16.9,World Bank API v2,2026-09-24T17:30:00Z,False,
NE.GDI.TOTL.ZS,BOL,2016,16.9,World Bank API v2,2026-09-24T17:30:00Z,False,
NE.GDI.TOTL.ZS,BOL,2017,16.9,World Bank API v2,2026-09-24T17:30:00Z,False,
NE.GDI.TOTL.ZS,BOL,2018,16.9,World Bank API v2,2026-09-24T17:30:00Z,False,
NE.GDI.TOTL.ZS,BOL,2019,16.9,World Bank API v2,2026-09-24T17:30:00Z,False,
NE.GDI.TOTL.ZS,BOL,2020,16.9,World Bank API v2,2026-09-24T17:30:00Z,False,
NE.GDI.TOTL.ZS,BOL,2021,16.9,World Bank API v2,2026-09-24T17:30:00Z,False,
NE.GDI.TOTL.ZS,BOL,2022,16.8,World Bank API v2,2026-09-24T17:30:00Z,False,
NE.GDI.TOTL.ZS,BOL,2023,16.8,World Bank API v2,2026-09-24T17:30:00Z,False,
NE.GDI.TOTL.ZS,BOL,2024,16.8,World Bank API v2,2026-09-24T17:30:00Z,False,
NE.GDI.TOTL.ZS,BRA,2010,21.9,World Bank API v2,2026-09-24T17:30:00Z,False,
NE.GDI.TOTL.ZS,BRA,2011,21.5,World Bank API v2,2026-09-24T17:30:00Z,False,
NE.GDI.TOTL.ZS,BRA,2012,21.2,World Bank API v2,2026-09-24T17:30:00Z,False,
NE.GDI.TOTL.ZS,BRA,2013,20.9,World Bank API v2,2026-09-24T17:30:00Z,False,
NE.GDI.TOTL.ZS,BRA,2014,20.5,World Bank API v2,2026-09-24T17:30:00Z,False,
NE.GDI.TOTL.ZS,BRA,2015,20.2,World Bank API v2,2026-09-24T17:30:00Z,False,
NE.GDI.TOTL.ZS,BRA,2016,19.8,World Bank API v2,2026-09-24T17:30:00Z,False,
NE.GDI.TOTL.ZS,BRA,2017,19.4,World Bank API v2,2026-09-24T17:30:00Z,False,
NE.GDI.TOTL.ZS,BRA,2018,19.1,World Bank API v2,2026-09-24T17:30:00Z,False,
NE.GDI.TOTL.ZS,BRA,2019,18.8,World Bank API v2,2026-09-24T17:30:00Z,False,
NE.GDI.TOTL.ZS,BRA,2020,18.5,World Bank API v2,2026-09-24T17:30:00Z,False,
NE.GDI.TOTL.ZS,BRA,2021,18.2,World Bank API v2,2026-09-24T17:30:00Z,False,
NE.GDI.TOTL.ZS,BRA,2022,17.9,World Bank API v2,2026-09-24T17:30:00Z,False,
NE.GDI.TOTL.ZS,BRA,2023,17.6,World Bank API v2,2026-09-24T17:30:00Z,False,
NE.GDI.TOTL.ZS,BRA,2024,17.3,World Bank API v2,2026-09-24T17:30:00Z,False,
NE.GDI.TOTL.ZS,CHL,2010,23.2,World Bank API v2,2026-09-24T17:30:00Z,False,
NE.GDI.TOTL.ZS,CHL,2011,23.3,World Bank API v2,2026-09-24T17:30:00Z,False,
NE.GDI.TOTL.ZS,CHL,2012,23.3,World Bank API v2,2026-09-24T17:30:00Z,False,
NE.GDI.TOTL.ZS,CHL,2013,23.4,World Bank API v2,2026-09-24T17:30:00Z,False,
NE.GDI.TOTL.ZS,CHL,2014,23.4,World Bank API v2,2026-09-24T17:30:00Z,False,
NE.GDI.TOTL.ZS,CHL,2015,23.4,World Bank API v2,2026-09-24T17:30:00Z,False,
NE.GDI.TOTL.ZS,CHL,2016,23.5,World Bank API v2,2026-09-24T17:30:00Z,False,
NE.GDI.TOTL.ZS,CHL,2017,23.5,World Bank API v2,2026-09-24T17:30:00Z,False,
NE.GDI.TOTL.ZS,CHL,2018,23.5,World Bank API v2,2026-09-24T17:30:00Z,False,
NE.GDI.TOTL.ZS,CHL,2019,23.6,World Bank API v2,2026-09-24T17:30:00Z,False,
NE.GDI.TOTL.ZS,CHL,2020,23.6,World Bank API v2,2026-09-24T17:30:00Z,False,
NE.GDI.TOTL.ZS,CHL,2021,23.6,World Bank API v2,2026-09-24T17:30:00Z,False,
NE.GDI.TOTL.ZS,CHL,2022,23.7,World Bank API v2,2026-09-24T17:30:00Z,False,
NE.GDI.TOTL.ZS,CHL,2023,23.7,World Bank API v2,2026-09-24T17:30:00Z,False,
NE.GDI.TOTL.ZS,CHL,2024,23.8,World Bank API v2,2026-09-24T17:30:00Z,False,
NE.GDI.TOTL.ZS,COL,2010,22.1,World Bank API v2,2026-09-24T17:30:00Z,False,
NE.GDI.TOTL.ZS,COL,2011,21.8,World Bank API v2,2026-09-24T17:30:00Z,False,
NE.GDI.TOTL.ZS,COL,2012,21.4,World Bank API v2,2026-09-24T17:30:00Z,False,
NE.GDI.TOTL.ZS,COL,2013,21.1,World Bank API v2,2026-09-24T17:30:00Z,False,
NE.GDI.TOTL.ZS,COL,2014,20.8,World Bank API v2,2026-09-24T17:30:00Z,False,
NE.GDI.TOTL.ZS,COL,2015,20.5,World Bank API v2,2026-09-24T17:30:00Z,False,
NE.GDI.TOTL.ZS,COL,2016,20.2,World Bank API v2,2026-09-24T17:30:00Z,False,
NE.GDI.TOTL.ZS,COL,2017,19.9,World Bank API v2,2026-09-24T17:30:00Z,False,
NE.GDI.TOTL.ZS,COL,2018,19.7,World Bank API v2,2026-09-24T17:30:00Z,False,
NE.GDI.TOTL.ZS,COL,2019,19.4,World Bank API v2,2026-09-24T17:30:00Z,False,
NE.GDI.TOTL.ZS,COL,2020,19.1,World Bank API v2,2026-09-24T17:30:00Z,False,
NE.GDI.TOTL.ZS,COL,2021,18.8,World Bank API v2,2026-09-24T17:30:00Z,False,
NE.GDI.TOTL.ZS,COL,2022,18.5,World Bank API v2,2026-09-24T17:30:00Z,False,
NE.GDI.TOTL.ZS,COL,2023,18.1,World Bank API v2,2026-09-24T17:30:00Z,False,
NE.GDI.TOTL.ZS,COL,2024,17.8,World Bank API v2,2026-09-24T17:30:00Z,False,
NE.GDI.TOTL.ZS,CRI,2010,20.4,World Bank API v2,2026-09-24T17:30:00Z,False,
NE.GDI.TOTL.ZS,CRI,2011,20.3,World Bank API v2,2026-09-24T17:30:00Z,False,
NE.GDI.TOTL.ZS,CRI,2012,20.1,World Bank API v2,2026-09-24T17:30:00Z,False,
NE.GDI.TOTL.ZS,CRI,2013,20.0,World Bank API v2,2026-09-24T17:30:00Z,False,
NE.GDI.TOTL.ZS,CRI,2014,19.9,World Bank API v2,2026-09-24T17:30:00Z,False,
NE.GDI.TOTL.ZS,CRI,2015,19.7,World Bank API v2,2026-09-24T17:30:00Z,False,
NE.GDI.TOTL.ZS,CRI,2016,19.6,World Bank API v2,2026-09-24T17:30:00Z,False,
NE.GDI.TOTL.ZS,CRI,2017,19.5,World Bank API v2,2026-09-24T17:30:00Z,False,
NE.GDI.TOTL.ZS,CRI,2018,19.4,World Bank API v2,2026-09-24T17:30:00Z,False,
NE.GDI.TOTL.ZS,CRI,2019,19.2,World Bank API v2,2026-09-24T17:30:00Z,False,
NE.GDI.TOTL.ZS,CRI,2020,19.1,World Bank API v2,2026-09-24T17:30:00Z,False,
NE.GDI.TOTL.ZS,CRI,2021,19.0,World Bank API v2,2026-09-24T17:30:00Z,False,
NE.GDI.TOTL.ZS,CRI,2022,18.9,World Bank API v2,2026-09-24T17:30:00Z,False,
NE.GDI.TOTL.ZS,CRI,2023,18.7,World Bank API v2,2026-09-24T17:30:00Z,False,
NE.GDI.TOTL.ZS,CRI,2024,18.6,World Bank API v2,2026-09-24T17:30:00Z,False,
NE.GDI.TOTL.ZS,CUB,2010,11.8,World Bank API v2,2026-09-24T17:30:00Z,False,
NE.GDI.TOTL.ZS,CUB,2011,11.9,World Bank API v2,2026-09-24T17:30:00Z,False,
NE.GDI.TOTL.ZS,CUB,2012,11.9,World Bank API v2,2026-09-24T17:30:00Z,False,
NE.GDI.TOTL.ZS,CUB,2013,11.9,World Bank API v2,2026-09-24T17:30:00Z,False,
NE.GDI.TOTL.ZS,CUB,2014,12.0,World Bank API v2,2026-09-24T17:30:00Z,False,
NE.GDI.TOTL.ZS,CUB,2015,12.0,World Bank API v2,2026-09-24T17:30:00Z,False,
NE.GDI.TOTL.ZS,CUB,2016,12.0,World Bank API v2,2026-09-24T17:30:00Z,False,
NE.GDI.TOTL.ZS,CUB,2017,12.1,World Bank API v2,2026-09-24T17:30:00Z,False,
NE.GDI.TOTL.ZS,CUB,2018,12.1,World Bank API v2,2026-09-24T17:30:00Z,False,
NE.GDI.TOTL.ZS,CUB,2019,12.2,World Bank API v2,2026-09-24T17:30:00Z,False,
NE.GDI.TOTL.ZS,CUB,2020,12.2,World Bank API v2,2026-09-24T17:30:00Z,False,
NE.GDI.TOTL.ZS,CUB,2021,12.3,World Bank API v2,2026-09-24T17:30:00Z,False,
NE.GDI.TOTL.ZS,CUB,2022,12.3,World Bank API v2,2026-09-24T17:30:00Z,False,
NE.GDI.TOTL.ZS,CUB,2023,12.4,World Bank API v2,2026-09-24T17:30:00Z,False,
NE.GDI.TOTL.ZS,CUB,2024,12.4,World Bank API v2,2026-09-24T17:30:00Z,False,
NE.GDI.TOTL.ZS,DOM,2010,25.4,World Bank API v2,2026-09-24T17:30:00Z,False,
NE.GDI.TOTL.ZS,DOM,2011,25.9,World Bank API v2,2026-09-24T17:30:00Z,False,
NE.GDI.TOTL.ZS,DOM,2012,26.4,World Bank API v2,2026-09-24T17:30:00Z,False,
NE.GDI.TOTL.ZS,DOM,2013,26.9,World Bank API v2,2026-09-24T17:30:00Z,False,
NE.GDI.TOTL.ZS,DOM,2014,27.3,World Bank API v2,2026-09-24T17:30:00Z,False,
NE.GDI.TOTL.ZS,DOM,2015,27.7,World Bank API v2,2026-09-24T17:30:00Z,False,
NE.GDI.TOTL.ZS,DOM,2016,28.1,World Bank API v2,2026-09-24T17:30:00Z,False,
NE.GDI.TOTL.ZS,DOM,2017,28.5,World Bank API v2,2026-09-24T17:30:00Z,False,
NE.GDI.TOTL.ZS,DOM,2018,28.9,World Bank API v2,2026-09-24T17:30:00Z,False,
NE.GDI.TOTL.ZS,DOM,2019,29.3,World Bank API v2,2026-09-24T17:30:00Z,False,
NE.GDI.TOTL.ZS,DOM,2020,29.7,World Bank API v2,2026-09-24T17:30:00Z,False,
NE.GDI.TOTL.ZS,DOM,2021,30.1,World Bank API v2,2026-09-24T17:30:00Z,False,
NE.GDI.TOTL.ZS,DOM,2022,30.6,World Bank API v2,2026-09-24T17:30:00Z,False,
NE.GDI.TOTL.ZS,DOM,2023,31.1,World Bank API v2,2026-09-24T17:30:00Z,False,
NE.GDI.TOTL.ZS,DOM,2024,31.6,World Bank API v2,2026-09-24T17:30:00Z,False,
NE.GDI.TOTL.ZS,ECU,2010,26.8,World Bank API v2,2026-09-24T17:30:00Z,False,
NE.GDI.TOTL.ZS,ECU,2011,26.4,World Bank API v2,2026-09-24T17:30:00Z,False,
NE.GDI.TOTL.ZS,ECU,2012,26.1,World Bank API v2,2026-09-24T17:30:00Z,False,
NE.GDI.TOTL.ZS,ECU,2013,25.8,World Bank API v2,2026-09-24T17:30:00Z,False,
NE.GDI.TOTL.ZS,ECU,2014,25.5,World Bank API v2,2026-09-24T17:30:00Z,False,
NE.GDI.TOTL.ZS,ECU,2015,25.2,World Bank API v2,2026-09-24T17:30:00Z,False,
NE.GDI.TOTL.ZS,ECU,2016,24.9,World Bank API v2,2026-09-24T17:30:00Z,False,
NE.GDI.TOTL.ZS,ECU,2017,24.6,World Bank API v2,2026-09-24T17:30:00Z,False,
NE.GDI.TOTL.ZS,ECU,2018,24.3,World Bank API v2,2026-09-24T17:30:00Z,False,
NE.GDI.TOTL.ZS,ECU,2019,24.0,World Bank API v2,2026-09-24T17:30:00Z,False,
NE.GDI.TOTL.ZS,ECU,2020,23.7,World Bank API v2,2026-09-24T17:30:00Z,False,
NE.GDI.TOTL.ZS,ECU,2021,23.4,World Bank API v2,2026-09-24T17:30:00Z,False,
NE.GDI.TOTL.ZS,ECU,2022,23.0,World Bank API v2,2026-09-24T17:30:00Z,False,
NE.GDI.TOTL.ZS,ECU,2023,22.7,World Bank API v2,2026-09-24T17:30:00Z,False,
NE.GDI.TOTL.ZS,ECU,2024,22.4,World Bank API v2,2026-09-24T17:30:00Z,False,
NE.GDI.TOTL.ZS,GTM,2010,14.8,World Bank API v2,2026-09-24T17:30:00Z,False,
NE.GDI.TOTL.ZS,GTM,2011,14.9,World Bank API v2,2026-09-24T17:30:00Z,False,
NE.GDI.TOTL.ZS,GTM,2012,15.0,World Bank API v2,2026-09-24T17:30:00Z,False,
NE.GDI.TOTL.ZS,GTM,2013,15.1,World Bank API v2,2026-09-24T17:30:00Z,False,
NE.GDI.TOTL.ZS,GTM,2014,15.2,World Bank API v2,2026-09-24T17:30:00Z,False,
NE.GDI.TOTL.ZS,GTM,2015,15.3,World Bank API v2,2026-09-24T17:30:00Z,False,
NE.GDI.TOTL.ZS,GTM,2016,15.4,World Bank API v2,2026-09-24T17:30:00Z,False,
NE.GDI.TOTL.ZS,GTM,2017,15.6,World Bank API v2,2026-09-24T17:30:00Z,False,
NE.GDI.TOTL.ZS,GTM,2018,15.7,World Bank API v2,2026-09-24T17:30:00Z,False,
NE.GDI.TOTL.ZS,GTM,2019,15.8,World Bank API v2,2026-09-24T17:30:00Z,False,
NE.GDI.TOTL.ZS,GTM,2020,16.0,World Bank API v2,2026-09-24T17:30:00Z,False,
NE.GDI.TOTL.ZS,GTM,2021,16.1,World Bank API v2,2026-09-24T17:30:00Z,False,
NE.GDI.TOTL.ZS,GTM,2022,16.2,World Bank API v2,2026-09-24T17:30:00Z,False,
NE.GDI.TOTL.ZS,GTM,2023,16.3,World Bank API v2,2026-09-24T17:30:00Z,False,
NE.GDI.TOTL.ZS,GTM,2024,16.4,World Bank API v2,2026-09-24T17:30:00Z,False,
NE.GDI.TOTL.ZS,HND,2010,22.5,World Bank API v2,2026-09-24T17:30:00Z,False,
NE.GDI.TOTL.ZS,HND,2011,22.6,World Bank API v2,2026-09-24T17:30:00Z,False,
NE.GDI.TOTL.ZS,HND,2012,22.8,World Bank API v2,2026-09-24T17:30:00Z,False,
NE.GDI.TOTL.ZS,HND,2013,22.9,World Bank API v2,2026-09-24T17:30:00Z,False,
NE.GDI.TOTL.ZS,HND,2014,23.1,World Bank API v2,2026-09-24T17:30:00Z,False,
NE.GDI.TOTL.ZS,HND,2015,23.3,World Bank API v2,2026-09-24T17:30:00Z,False,
NE.GDI.TOTL.ZS,HND,2016,23.5,World Bank API v2,2026-09-24T17:30:00Z,False,
NE.GDI.TOTL.ZS,HND,2017,23.7,World Bank API v2,2026-09-24T17:30:00Z,False,
NE.GDI.TOTL.ZS,HND,2018,23.9,World Bank API v2,2026-09-24T17:30:00Z,False,
NE.GDI.TOTL.ZS,HND,2019,24.0,World Bank API v2,2026-09-24T17:30:00Z,False,
NE.GDI.TOTL.ZS,HND,2020,24.2,World Bank API v2,2026-09-24T17:30:00Z,False,
NE.GDI.TOTL.ZS,HND,2021,24.3,World Bank API v2,2026-09-24T17:30:00Z,False,
NE.GDI.TOTL.ZS,HND,2022,24.5,World Bank API v2,2026-09-24T17:30:00Z,False,
NE.GDI.TOTL.ZS,HND,2023,24.6,World Bank API v2,2026-09-24T17:30:00Z,False,
NE.GDI.TOTL.ZS,HND,2024,24.8,World Bank API v2,2026-09-24T17:30:00Z,False,
NE.GDI.TOTL.ZS,HTI,2010,25.3,World Bank API v2,2026-09-24T17:30:00Z,False,
NE.GDI.TOTL.ZS,HTI,2011,24.8,World Bank API v2,2026-09-24T17:30:00Z,False,
NE.GDI.TOTL.ZS,HTI,2012,24.3,World Bank API v2,2026-09-24T17:30:00Z,False,
NE.GDI.TOTL.ZS,HTI,2013,23.9,World Bank API v2,2026-09-24T17:30:00Z,False,
NE.GDI.TOTL.ZS,HTI,2014,23.4,World Bank API v2,2026-09-24T17:30:00Z,False,
NE.GDI.TOTL.ZS,HTI,2015,22.9,World Bank API v2,2026-09-24T17:30:00Z,False,
NE.GDI.TOTL.ZS,HTI,2016,22.4,World Bank API v2,2026-09-24T17:30:00Z,False,
NE.GDI.TOTL.ZS,HTI,2017,21.9,World Bank API v2,2026-09-24T17:30:00Z,False,
NE.GDI.TOTL.ZS,HTI,2018,21.4,World Bank API v2,2026-09-24T17:30:00Z,False,
NE.GDI.TOTL.ZS,HTI,2019,20.8,World Bank API v2,2026-09-24T17:30:00Z,False,
NE.GDI.TOTL.ZS,HTI,2020,20.3,World Bank API v2,2026-09-24T17:30:00Z,False,
NE.GDI.TOTL.ZS,HTI,2021,19.7,World Bank API v2,2026-09-24T17:30:00Z,False,
NE.GDI.TOTL.ZS,HTI,2022,19.1,World Bank API v2,2026-09-24T17:30:00Z,False,
NE.GDI.TOTL.ZS,HTI,2023,18.6,World Bank API v2,2026-09-24T17:30:00Z,False,
NE.GDI.TOTL.ZS,HTI,2024,18.1,World Bank API v2,2026-09-24T17:30:00Z,False,
NE.GDI.TOTL.ZS,LATAM_AVG,2010,21.5,Promedio simple LATAM (n=20/20 países),2026-09-24T17:00:00Z,False,20
NE.GDI.TOTL.ZS,LATAM_AVG,2011,21.4,Promedio simple LATAM (n=20/20 países),2026-09-24T17:00:00Z,False,20
NE.GDI.TOTL.ZS,LATAM_AVG,2012,21.4,Promedio simple LATAM (n=20/20 países),2026-09-24T17:00:00Z,False,20
NE.GDI.TOTL.ZS,LATAM_AVG,2013,21.3,Promedio simple LATAM (n=20/20 países),2026-09-24T17:00:00Z,False,20
NE.GDI.TOTL.ZS,LATAM_AVG,2014,21.3,Promedio simple LATAM (n=20/20 países),2026-09-24T17:00:00Z,False,20
NE.GDI.TOTL.ZS,LATAM_AVG,2015,21.2,Promedio simple LATAM (n=20/20 países),2026-09-24T17:00:00Z,False,20
NE.GDI.TOTL.ZS,LATAM_AVG,2016,21.1,Promedio simple LATAM (n=20/20 países),2026-09-24T17:00:00Z,False,20
NE.GDI.TOTL.ZS,LATAM_AVG,2017,21.1,Promedio simple LATAM (n=20/20 países),2026-09-24T17:00:00Z,False,20
NE.GDI.TOTL.ZS,LATAM_AVG,2018,21.1,Promedio simple LATAM (n=20/20 países),2026-09-24T17:00:00Z,False,20
NE.GDI.TOTL.ZS,LATAM_AVG,2019,21.0,Promedio simple LATAM (n=20/20 países),2026-09-24T17:00:00Z,False,20
NE.GDI.TOTL.ZS,LATAM_AVG,2020,21.0,Promedio simple LATAM (n=20/20 países),2026-09-24T17:00:00Z,False,20
NE.GDI.TOTL.ZS,LATAM_AVG,2021,20.9,Promedio simple LATAM (n=20/20 países),2026-09-24T17:00:00Z,False,20
NE.GDI.TOTL.ZS,LATAM_AVG,2022,20.8,Promedio simple LATAM (n=20/20 países),2026-09-24T17:00:00Z,False,20
NE.GDI.TOTL.ZS,LATAM_AVG,2023,20.8,Promedio simple LATAM (n=20/20 países),2026-09-24T17:00:00Z,False,20
NE.GDI.TOTL.ZS,LATAM_AVG,2024,20.7,Promedio simple LATAM (n=20/20 países),2026-09-24T17:00:00Z,False,20
NE.GDI.TOTL.ZS,LCN,2010,21.4,World Bank API v2,2026-09-24T17:30:00Z,False,
NE.GDI.TOTL.ZS,LCN,2011,21.3,World Bank API v2,2026-09-24T17:30:00Z,False,
NE.GDI.TOTL.ZS,LCN,2012,21.2,World Bank API v2,2026-09-24T17:30:00Z,False,
NE.GDI.TOTL.ZS,LCN,2013,21.1,World Bank API v2,2026-09-24T17:30:00Z,False,
NE.GDI.TOTL.ZS,LCN,2014,21.1,World Bank API v2,2026-09-24T17:30:00Z,False,
NE.GDI.TOTL.ZS,LCN,2015,21.0,World Bank API v2,2026-09-24T17:30:00Z,False,
NE.GDI.TOTL.ZS,LCN,2016,20.9,World Bank API v2,2026-09-24T17:30:00Z,False,
NE.GDI.TOTL.ZS,LCN,2017,20.8,World Bank API v2,2026-09-24T17:30:00Z,False,
NE.GDI.TOTL.ZS,LCN,2018,20.7,World Bank API v2,2026-09-24T17:30:00Z,False,
NE.GDI.TOTL.ZS,LCN,2019,20.6,World Bank API v2,2026-09-24T17:30:00Z,False,
NE.GDI.TOTL.ZS,LCN,2020,20.5,World Bank API v2,2026-09-24T17:30:00Z,False,
NE.GDI.TOTL.ZS,LCN,2021,20.5,World Bank API v2,2026-09-24T17:30:00Z,False,
NE.GDI.TOTL.ZS,LCN,2022,20.4,World Bank API v2,2026-09-24T17:30:00Z,False,
NE.GDI.TOTL.ZS,LCN,2023,20.3,World Bank API v2,2026-09-24T17:30:00Z,False,
NE.GDI.TOTL.ZS,LCN,2024,20.2,World Bank API v2,2026-09-24T17:30:00Z,False,
NE.GDI.TOTL.ZS,MEX,2010,22.4,World Bank API v2,2026-09-24T17:30:00Z,False,
NE.GDI.TOTL.ZS,MEX,2011,22.5,World Bank API v2,2026-09-24T17:30:00Z,False,
NE.GDI.TOTL.ZS,MEX,2012,22.6,World Bank API v2,2026-09-24T17:30:00Z,False,
NE.GDI.TOTL.ZS,MEX,2013,22.7,World Bank API v2,2026-09-24T17:30:00Z,False,
NE.GDI.TOTL.ZS,MEX,2014,22.8,World Bank API v2,2026-09-24T17:30:00Z,False,
NE.GDI.TOTL.ZS,MEX,2015,23.0,World Bank API v2,2026-09-24T17:30:00Z,False,
NE.GDI.TOTL.ZS,MEX,2016,23.1,World Bank API v2,2026-09-24T17:30:00Z,False,
NE.GDI.TOTL.ZS,MEX,2017,23.2,World Bank API v2,2026-09-24T17:30:00Z,False,
NE.GDI.TOTL.ZS,MEX,2018,23.4,World Bank API v2,2026-09-24T17:30:00Z,False,
NE.GDI.TOTL.ZS,MEX,2019,23.5,World Bank API v2,2026-09-24T17:30:00Z,False,
NE.GDI.TOTL.ZS,MEX,2020,23.7,World Bank API v2,2026-09-24T17:30:00Z,False,
NE.GDI.TOTL.ZS,MEX,2021,23.8,World Bank API v2,2026-09-24T17:30:00Z,False,
NE.GDI.TOTL.ZS,MEX,2022,23.9,World Bank API v2,2026-09-24T17:30:00Z,False,
NE.GDI.TOTL.ZS,MEX,2023,24.0,World Bank API v2,2026-09-24T17:30:00Z,False,
NE.GDI.TOTL.ZS,MEX,2024,24.1,World Bank API v2,2026-09-24T17:30:00Z,False,
NE.GDI.TOTL.ZS,NIC,2010,24.2,World Bank API v2,2026-09-24T17:30:00Z,False,
NE.GDI.TOTL.ZS,NIC,2011,24.1,World Bank API v2,2026-09-24T17:30:00Z,False,
NE.GDI.TOTL.ZS,NIC,2012,24.0,World Bank API v2,2026-09-24T17:30:00Z,False,
NE.GDI.TOTL.ZS,NIC,2013,24.0,World Bank API v2,2026-09-24T17:30:00Z,False,
NE.GDI.TOTL.ZS,NIC,2014,23.9,World Bank API v2,2026-09-24T17:30:00Z,False,
NE.GDI.TOTL.ZS,NIC,2015,23.8,World Bank API v2,2026-09-24T17:30:00Z,False,
NE.GDI.TOTL.ZS,NIC,2016,23.7,World Bank API v2,2026-09-24T17:30:00Z,False,
NE.GDI.TOTL.ZS,NIC,2017,23.7,World Bank API v2,2026-09-24T17:30:00Z,False,
NE.GDI.TOTL.ZS,NIC,2018,23.6,World Bank API v2,2026-09-24T17:30:00Z,False,
NE.GDI.TOTL.ZS,NIC,2019,23.5,World Bank API v2,2026-09-24T17:30:00Z,False,
NE.GDI.TOTL.ZS,NIC,2020,23.4,World Bank API v2,2026-09-24T17:30:00Z,False,
NE.GDI.TOTL.ZS,NIC,2021,23.3,World Bank API v2,2026-09-24T17:30:00Z,False,
NE.GDI.TOTL.ZS,NIC,2022,23.3,World Bank API v2,2026-09-24T17:30:00Z,False,
NE.GDI.TOTL.ZS,NIC,2023,23.2,World Bank API v2,2026-09-24T17:30:00Z,False,
NE.GDI.TOTL.ZS,NIC,2024,23.1,World Bank API v2,2026-09-24T17:30:00Z,False,
NE.GDI.TOTL.ZS,OED,2010,20.8,World Bank API v2,2026-09-24T17:30:00Z,False,
NE.GDI.TOTL.ZS,OED,2011,21.0,World Bank API v2,2026-09-24T17:30:00Z,False,
NE.GDI.TOTL.ZS,OED,2012,21.1,World Bank API v2,2026-09-24T17:30:00Z,False,
NE.GDI.TOTL.ZS,OED,2013,21.2,World Bank API v2,2026-09-24T17:30:00Z,False,
NE.GDI.TOTL.ZS,OED,2014,21.3,World Bank API v2,2026-09-24T17:30:00Z,False,
NE.GDI.TOTL.ZS,OED,2015,21.4,World Bank API v2,2026-09-24T17:30:00Z,False,
NE.GDI.TOTL.ZS,OED,2016,21.5,World Bank API v2,2026-09-24T17:30:00Z,False,
NE.GDI.TOTL.ZS,OED,2017,21.6,World Bank API v2,2026-09-24T17:30:00Z,False,
NE.GDI.TOTL.ZS,OED,2018,21.7,World Bank API v2,2026-09-24T17:30:00Z,False,
NE.GDI.TOTL.ZS,OED,2019,21.8,World Bank API v2,2026-09-24T17:30:00Z,False,
NE.GDI.TOTL.ZS,OED,2020,21.9,World Bank API v2,2026-09-24T17:30:00Z,False,
NE.GDI.TOTL.ZS,OED,2021,22.0,World Bank API v2,2026-09-24T17:30:00Z,False,
NE.GDI.TOTL.ZS,OED,2022,22.2,World Bank API v2,2026-09-24T17:30:00Z,False,
NE.GDI.TOTL.ZS,OED,2023,22.3,World Bank API v2,2026-09-24T17:30:00Z,False,
NE.GDI.TOTL.ZS,OED,2024,22.4,World Bank API v2,2026-09-24T17:30:00Z,False,
NE.GDI.TOTL.ZS,PAN,2010,31.2,World Bank API v2,2026-09-24T17:30:00Z,False,
NE.GDI.TOTL.ZS,PAN,2011,31.4,World Bank API v2,2026-09-24T17:30:00Z,False,
NE.GDI.TOTL.ZS,PAN,2012,31.6,World Bank API v2,2026-09-24T17:30:00Z,False,
NE.GDI.TOTL.ZS,PAN,2013,31.8,World Bank API v2,2026-09-24T17:30:00Z,False,
NE.GDI.TOTL.ZS,PAN,2014,32.0,World Bank API v2,2026-09-24T17:30:00Z,False,
NE.GDI.TOTL.ZS,PAN,2015,32.2,World Bank API v2,2026-09-24T17:30:00Z,False,
NE.GDI.TOTL.ZS,PAN,2016,32.4,World Bank API v2,2026-09-24T17:30:00Z,False,
NE.GDI.TOTL.ZS,PAN,2017,32.5,World Bank API v2,2026-09-24T17:30:00Z,False,
NE.GDI.TOTL.ZS,PAN,2018,32.7,World Bank API v2,2026-09-24T17:30:00Z,False,
NE.GDI.TOTL.ZS,PAN,2019,32.8,World Bank API v2,2026-09-24T17:30:00Z,False,
NE.GDI.TOTL.ZS,PAN,2020,33.0,World Bank API v2,2026-09-24T17:30:00Z,False,
NE.GDI.TOTL.ZS,PAN,2021,33.2,World Bank API v2,2026-09-24T17:30:00Z,False,
NE.GDI.TOTL.ZS,PAN,2022,33.4,World Bank API v2,2026-09-24T17:30:00Z,False,
NE.GDI.TOTL.ZS,PAN,2023,33.6,World Bank API v2,2026-09-24T17:30:00Z,False,
NE.GDI.TOTL.ZS,PAN,2024,33.8,World Bank API v2,2026-09-24T17:30:00Z,False,
NE.GDI.TOTL.ZS,PER,2010,25.2,World Bank API v2,2026-09-24T17:30:00Z,False,
NE.GDI.TOTL.ZS,PER,2011,24.9,World Bank API v2,2026-09-24T17:30:00Z,False,
NE.GDI.TOTL.ZS,PER,2012,24.6,World Bank API v2,2026-09-24T17:30:00Z,False,
NE.GDI.TOTL.ZS,PER,2013,24.3,World Bank API v2,2026-09-24T17:30:00Z,False,
NE.GDI.TOTL.ZS,PER,2014,24.0,World Bank API v2,2026-09-24T17:30:00Z,False,
NE.GDI.TOTL.ZS,PER,2015,23.7,World Bank API v2,2026-09-24T17:30:00Z,False,
NE.GDI.TOTL.ZS,PER,2016,23.3,World Bank API v2,2026-09-24T17:30:00Z,False,
NE.GDI.TOTL.ZS,PER,2017,23.0,World Bank API v2,2026-09-24T17:30:00Z,False,
NE.GDI.TOTL.ZS,PER,2018,22.7,World Bank API v2,2026-09-24T17:30:00Z,False,
NE.GDI.TOTL.ZS,PER,2019,22.3,World Bank API v2,2026-09-24T17:30:00Z,False,
NE.GDI.TOTL.ZS,PER,2020,22.0,World Bank API v2,2026-09-24T17:30:00Z,False,
NE.GDI.TOTL.ZS,PER,2021,21.7,World Bank API v2,2026-09-24T17:30:00Z,False,
NE.GDI.TOTL.ZS,PER,2022,21.4,World Bank API v2,2026-09-24T17:30:00Z,False,
NE.GDI.TOTL.ZS,PER,2023,21.1,World Bank API v2,2026-09-24T17:30:00Z,False,
NE.GDI.TOTL.ZS,PER,2024,20.8,World Bank API v2,2026-09-24T17:30:00Z,False,
NE.GDI.TOTL.ZS,PRY,2010,21.4,World Bank API v2,2026-09-24T17:30:00Z,False,
NE.GDI.TOTL.ZS,PRY,2011,21.5,World Bank API v2,2026-09-24T17:30:00Z,False,
NE.GDI.TOTL.ZS,PRY,2012,21.5,World Bank API v2,2026-09-24T17:30:00Z,False,
NE.GDI.TOTL.ZS,PRY,2013,21.5,World Bank API v2,2026-09-24T17:30:00Z,False,
NE.GDI.TOTL.ZS,PRY,2014,21.5,World Bank API v2,2026-09-24T17:30:00Z,False,
NE.GDI.TOTL.ZS,PRY,2015,21.6,World Bank API v2,2026-09-24T17:30:00Z,False,
NE.GDI.TOTL.ZS,PRY,2016,21.6,World Bank API v2,2026-09-24T17:30:00Z,False,
NE.GDI.TOTL.ZS,PRY,2017,21.6,World Bank API v2,2026-09-24T17:30:00Z,False,
NE.GDI.TOTL.ZS,PRY,2018,21.7,World Bank API v2,2026-09-24T17:30:00Z,False,
NE.GDI.TOTL.ZS,PRY,2019,21.7,World Bank API v2,2026-09-24T17:30:00Z,False,
NE.GDI.TOTL.ZS,PRY,2020,21.8,World Bank API v2,2026-09-24T17:30:00Z,False,
NE.GDI.TOTL.ZS,PRY,2021,21.8,World Bank API v2,2026-09-24T17:30:00Z,False,
NE.GDI.TOTL.ZS,PRY,2022,21.9,World Bank API v2,2026-09-24T17:30:00Z,False,
NE.GDI.TOTL.ZS,PRY,2023,21.9,World Bank API v2,2026-09-24T17:30:00Z,False,
NE.GDI.TOTL.ZS,PRY,2024,21.9,World Bank API v2,2026-09-24T17:30:00Z,False,
NE.GDI.TOTL.ZS,SLV,2010,15.4,World Bank API v2,2026-09-24T17:30:00Z,False,
NE.GDI.TOTL.ZS,SLV,2011,15.7,World Bank API v2,2026-09-24T17:30:00Z,False,
NE.GDI.TOTL.ZS,SLV,2012,16.0,World Bank API v2,2026-09-24T17:30:00Z,False,
NE.GDI.TOTL.ZS,SLV,2013,16.3,World Bank API v2,2026-09-24T17:30:00Z,False,
NE.GDI.TOTL.ZS,SLV,2014,16.6,World Bank API v2,2026-09-24T17:30:00Z,False,
NE.GDI.TOTL.ZS,SLV,2015,16.9,World Bank API v2,2026-09-24T17:30:00Z,False,
NE.GDI.TOTL.ZS,SLV,2016,17.2,World Bank API v2,2026-09-24T17:30:00Z,False,
NE.GDI.TOTL.ZS,SLV,2017,17.6,World Bank API v2,2026-09-24T17:30:00Z,False,
NE.GDI.TOTL.ZS,SLV,2018,17.9,World Bank API v2,2026-09-24T17:30:00Z,False,
NE.GDI.TOTL.ZS,SLV,2019,18.3,World Bank API v2,2026-09-24T17:30:00Z,False,
NE.GDI.TOTL.ZS,SLV,2020,18.6,World Bank API v2,2026-09-24T17:30:00Z,False,
NE.GDI.TOTL.ZS,SLV,2021,19.0,World Bank API v2,2026-09-24T17:30:00Z,False,
NE.GDI.TOTL.ZS,SLV,2022,19.3,World Bank API v2,2026-09-24T17:30:00Z,False,
NE.GDI.TOTL.ZS,SLV,2023,19.5,World Bank API v2,2026-09-24T17:30:00Z,False,
NE.GDI.TOTL.ZS,SLV,2024,19.8,World Bank API v2,2026-09-24T17:30:00Z,False,
NE.GDI.TOTL.ZS,URY,2010,19.4,World Bank API v2,2026-09-24T17:30:00Z,False,
NE.GDI.TOTL.ZS,URY,2011,19.4,World Bank API v2,2026-09-24T17:30:00Z,False,
NE.GDI.TOTL.ZS,URY,2012,19.5,World Bank API v2,2026-09-24T17:30:00Z,False,
NE.GDI.TOTL.ZS,URY,2013,19.5,World Bank API v2,2026-09-24T17:30:00Z,False,
NE.GDI.TOTL.ZS,URY,2014,19.6,World Bank API v2,2026-09-24T17:30:00Z,False,
NE.GDI.TOTL.ZS,URY,2015,19.6,World Bank API v2,2026-09-24T17:30:00Z,False,
NE.GDI.TOTL.ZS,URY,2016,19.7,World Bank API v2,2026-09-24T17:30:00Z,False,
NE.GDI.TOTL.ZS,URY,2017,19.7,World Bank API v2,2026-09-24T17:30:00Z,False,
NE.GDI.TOTL.ZS,URY,2018,19.8,World Bank API v2,2026-09-24T17:30:00Z,False,
NE.GDI.TOTL.ZS,URY,2019,19.9,World Bank API v2,2026-09-24T17:30:00Z,False,
NE.GDI.TOTL.ZS,URY,2020,19.9,World Bank API v2,2026-09-24T17:30:00Z,False,
NE.GDI.TOTL.ZS,URY,2021,20.0,World Bank API v2,2026-09-24T17:30:00Z,False,
NE.GDI.TOTL.ZS,URY,2022,20.0,World Bank API v2,2026-09-24T17:30:00Z,False,
NE.GDI.TOTL.ZS,URY,2023,20.1,World Bank API v2,2026-09-24T17:30:00Z,False,
NE.GDI.TOTL.ZS,URY,2024,20.1,World Bank API v2,2026-09-24T17:30:00Z,False,
NE.GDI.TOTL.ZS,VEN,2010,22.0,World Bank API v2,2026-09-24T17:30:00Z,False,
NE.GDI.TOTL.ZS,VEN,2011,21.2,World Bank API v2,2026-09-24T17:30:00Z,False,
NE.GDI.TOTL.ZS,VEN,2012,20.4,World Bank API v2,2026-09-24T17:30:00Z,False,
NE.GDI.TOTL.ZS,VEN,2013,19.6,World Bank API v2,2026-09-24T17:30:00Z,False,
NE.GDI.TOTL.ZS,VEN,2014,18.8,World Bank API v2,2026-09-24T17:30:00Z,False,
NE.GDI.TOTL.ZS,VEN,2015,18.1,World Bank API v2,2026-09-24T17:30:00Z,False,
NE.GDI.TOTL.ZS,VEN,2016,17.4,World Bank API v2,2026-09-24T17:30:00Z,False,
NE.GDI.TOTL.ZS,VEN,2017,16.7,World Bank API v2,2026-09-24T17:30:00Z,False,
NE.GDI.TOTL.ZS,VEN,2018,16.0,World Bank API v2,2026-09-24T17:30:00Z,False,
NE.GDI.TOTL.ZS,VEN,2019,15.3,World Bank API v2,2026-09-24T17:30:00Z,False,
NE.GDI.TOTL.ZS,VEN,2020,14.6,World Bank API v2,2026-09-24T17:30:00Z,False,
NE.GDI.TOTL.ZS,VEN,2021,13.8,World Bank API v2,2026-09-24T17:30:00Z,False,
NE.GDI.TOTL.ZS,VEN,2022,13.1,World Bank API v2,2026-09-24T17:30:00Z,False,
NE.GDI.TOTL.ZS,VEN,2023,12.3,World Bank API v2,2026-09-24T17:30:00Z,False,
NE.GDI.TOTL.ZS,VEN,2024,11.4,World Bank API v2,2026-09-24T17:30:00Z,False,
NE.GDI.TOTL.ZS,WLD,2010,24.6,World Bank API v2,2026-09-24T17:30:00Z,False,
NE.GDI.TOTL.ZS,WLD,2011,24.7,World Bank API v2,2026-09-24T17:30:00Z,False,
NE.GDI.TOTL.ZS,WLD,2012,24.9,World Bank API v2,2026-09-24T17:30:00Z,False,
NE.GDI.TOTL.ZS,WLD,2013,25.0,World Bank API v2,2026-09-24T17:30:00Z,False,
NE.GDI.TOTL.ZS,WLD,2014,25.2,World Bank API v2,2026-09-24T17:30:00Z,False,
NE.GDI.TOTL.ZS,WLD,2015,25.4,World Bank API v2,2026-09-24T17:30:00Z,False,
NE.GDI.TOTL.ZS,WLD,2016,25.6,World Bank API v2,2026-09-24T17:30:00Z,False,
NE.GDI.TOTL.ZS,WLD,2017,25.7,World Bank API v2,2026-09-24T17:30:00Z,False,
NE.GDI.TOTL.ZS,WLD,2018,25.9,World Bank API v2,2026-09-24T17:30:00Z,False,
NE.GDI.TOTL.ZS,WLD,2019,26.1,World Bank API v2,2026-09-24T17:30:00Z,False,
NE.GDI.TOTL.ZS,WLD,2020,26.2,World Bank API v2,2026-09-24T17:30:00Z,False,
NE.GDI.TOTL.ZS,WLD,2021,26.4,World Bank API v2,2026-09-24T17:30:00Z,False,
NE.GDI.TOTL.ZS,WLD,2022,26.5,World Bank API v2,2026-09-24T17:30:00Z,False,
NE.GDI.TOTL.ZS,WLD,2023,26.6,World Bank API v2,2026-09-24T17:30:00Z,False,
NE.GDI.TOTL.ZS,WLD,2024,26.8,World Bank API v2,2026-09-24T17:30:00Z,False,
NY.GDP.PCAP.PP.KD,ARG,2010,23810.0,World Bank API v2,2026-09-24T17:30:00Z,False,
NY.GDP.PCAP.PP.KD,ARG,2011,23764.0,World Bank API v2,2026-09-24T17:30:00Z,False,
NY.GDP.PCAP.PP.KD,ARG,2012,23714.0,World Bank API v2,2026-09-24T17:30:00Z,False,
NY.GDP.PCAP.PP.KD,ARG,2013,23663.0,World Bank API v2,2026-09-24T17:30:00Z,False,
NY.GDP.PCAP.PP.KD,ARG,2014,23610.0,World Bank API v2,2026-09-24T17:30:00Z,False,
NY.GDP.PCAP.PP.KD,ARG,2015,23556.0,World Bank API v2,2026-09-24T17:30:00Z,False,
NY.GDP.PCAP.PP.KD,ARG,2016,23502.0,World Bank API v2,2026-09-24T17:30:00Z,False,
NY.GDP.PCAP.PP.KD,ARG,2017,23450.0,World Bank API v2,2026-09-24T17:30:00Z,False,
NY.GDP.PCAP.PP.KD,ARG,2018,23399.0,World Bank API v2,2026-09-24T17:30:00Z,False,
NY.GDP.PCAP.PP.KD,ARG,2019,23351.0,World Bank API v2,2026-09-24T17:30:00Z,False,
NY.GDP.PCAP.PP.KD,ARG,2020,21759.0,World Bank API v2,2026-09-24T17:30:00Z,False,
NY.GDP.PCAP.PP.KD,ARG,2021,23262.0,World Bank API v2,2026-09-24T17:30:00Z,False,
NY.GDP.PCAP.PP.KD,ARG,2022,23218.0,World Bank API v2,2026-09-24T17:30:00Z,False,
NY.GDP.PCAP.PP.KD,ARG,2023,23175.0,World Bank API v2,2026-09-24T17:30:00Z,False,
NY.GDP.PCAP.PP.KD,ARG,2024,23130.0,World Bank API v2,2026-09-24T17:30:00Z,False,
NY.GDP.PCAP.PP.KD,BOL,2010,7439.0,World Bank API v2,2026-09-24T17:30:00Z,False,
NY.GDP.PCAP.PP.KD,BOL,2011,7617.0,World Bank API v2,2026-09-24T17:30:00Z,False,
NY.GDP.PCAP.PP.KD,BOL,2012,7801.0,World Bank API v2,2026-09-24T17:30:00Z,False,
NY.GDP.PCAP.PP.KD,BOL,2013,7988.0,World Bank API v2,2026-09-24T17:30:00Z,False,
NY.GDP.PCAP.PP.KD,BOL,2014,8175.0,World Bank API v2,2026-09-24T17:30:00Z,False,
NY.GDP.PCAP.PP.KD,BOL,2015,8358.0,World Bank API v2,2026-09-24T17:30:00Z,False,
NY.GDP.PCAP.PP.KD,BOL,2016,8533.0,World Bank API v2,2026-09-24T17:30:00Z,False,
NY.GDP.PCAP.PP.KD,BOL,2017,8701.0,World Bank API v2,2026-09-24T17:30:00Z,False,
NY.GDP.PCAP.PP.KD,BOL,2018,8860.0,World Bank API v2,2026-09-24T17:30:00Z,False,
NY.GDP.PCAP.PP.KD,BOL,2019,9013.0,World Bank API v2,2026-09-24T17:30:00Z,False,
NY.GDP.PCAP.PP.KD,BOL,2020,8677.0,World Bank API v2,2026-09-24T17:30:00Z,False,
NY.GDP.PCAP.PP.KD,BOL,2021,9313.0,World Bank API v2,2026-09-24T17:30:00Z,False,
NY.GDP.PCAP.PP.KD,BOL,2022,9468.0,World Bank API v2,2026-09-24T17:30:00Z,False,
NY.GDP.PCAP.PP.KD,BOL,2023,9629.0,World Bank API v2,2026-09-24T17:30:00Z,False,
NY.GDP.PCAP.PP.KD,BOL,2024,9799.0,World Bank API v2,2026-09-24T17:30:00Z,False,
NY.GDP.PCAP.PP.KD,BRA,2010,18062.0,World Bank API v2,2026-09-25T07:23:37Z,False,
NY.GDP.PCAP.PP.KD,BRA,2011,18628.0,World Bank API v2,2026-09-25T07:23:37Z,False,
NY.GDP.PCAP.PP.KD,BRA,2012,18832.0,World Bank API v2,2026-09-25T07:23:37Z,False,
NY.GDP.PCAP.PP.KD,BRA,2013,19242.0,World Bank API v2,2026-09-25T07:23:37Z,False,
NY.GDP.PCAP.PP.KD,BRA,2014,19183.0,World Bank API v2,2026-09-25T07:23:37Z,False,
NY.GDP.PCAP.PP.KD,BRA,2015,18357.0,World Bank API v2,2026-09-25T07:23:37Z,False,
NY.GDP.PCAP.PP.KD,BRA,2016,17621.0,World Bank API v2,2026-09-25T07:23:37Z,False,
NY.GDP.PCAP.PP.KD,BRA,2017,17724.0,World Bank API v2,2026-09-25T07:23:37Z,False,
NY.GDP.PCAP.PP.KD,BRA,2018,17918.0,World Bank API v2,2026-09-25T07:23:37Z,False,
NY.GDP.PCAP.PP.KD,BRA,2019,18019.0,World Bank API v2,2026-09-25T07:23:37Z,False,
NY.GDP.PCAP.PP.KD,BRA,2020,17328.0,World Bank API v2,2026-09-25T07:23:37Z,False,
NY.GDP.PCAP.PP.KD,BRA,2021,18076.0,World Bank API v2,2026-09-25T07:23:37Z,False,
NY.GDP.PCAP.PP.KD,BRA,2022,18554.0,World Bank API v2,2026-09-25T07:23:37Z,False,
NY.GDP.PCAP.PP.KD,BRA,2023,19080.0,World Bank API v2,2026-09-25T07:23:37Z,False,
NY.GDP.PCAP.PP.KD,BRA,2024,19652.0,World Bank API v2,2026-09-25T07:23:37Z,False,
NY.GDP.PCAP.PP.KD,CHL,2010,24122.0,World Bank API v2,2026-09-25T07:23:37Z,False,
NY.GDP.PCAP.PP.KD,CHL,2011,25372.0,World Bank API v2,2026-09-25T07:23:37Z,False,
NY.GDP.PCAP.PP.KD,CHL,2012,26677.0,World Bank API v2,2026-09-25T07:23:37Z,False,
NY.GDP.PCAP.PP.KD,CHL,2013,27298.0,World Bank API v2,2026-09-25T07:23:37Z,False,
NY.GDP.PCAP.PP.KD,CHL,2014,27512.0,World Bank API v2,2026-09-25T07:23:37Z,False,
NY.GDP.PCAP.PP.KD,CHL,2015,27818.0,World Bank API v2,2026-09-25T07:23:37Z,False,
NY.GDP.PCAP.PP.KD,CHL,2016,27965.0,World Bank API v2,2026-09-25T07:23:37Z,False,
NY.GDP.PCAP.PP.KD,CHL,2017,27900.0,World Bank API v2,2026-09-25T07:23:37Z,False,
NY.GDP.PCAP.PP.KD,CHL,2018,28499.0,World Bank API v2,2026-09-25T07:23:37Z,False,
NY.GDP.PCAP.PP.KD,CHL,2019,28228.0,World Bank API v2,2026-09-25T07:23:37Z,False,
NY.GDP.PCAP.PP.KD,CHL,2020,26258.0,World Bank API v2,2026-09-25T07:23:37Z,False,
NY.GDP.PCAP.PP.KD,CHL,2021,29107.0,World Bank API v2,2026-09-25T07:23:37Z,False,
NY.GDP.PCAP.PP.KD,CHL,2022,29560.0,World Bank API v2,2026-09-25T07:23:37Z,False,
NY.GDP.PCAP.PP.KD,CHL,2023,29600.0,World Bank API v2,2026-09-25T07:23:37Z,False,
NY.GDP.PCAP.PP.KD,CHL,2024,30268.0,World Bank API v2,2026-09-25T07:23:37Z,False,
NY.GDP.PCAP.PP.KD,COL,2010,14037.0,World Bank API v2,2026-09-25T07:23:37Z,False,
NY.GDP.PCAP.PP.KD,COL,2011,14852.0,World Bank API v2,2026-09-25T07:23:37Z,False,
NY.GDP.PCAP.PP.KD,COL,2012,15279.0,World Bank API v2,2026-09-25T07:23:37Z,False,
NY.GDP.PCAP.PP.KD,COL,2013,15912.0,World Bank API v2,2026-09-25T07:23:37Z,False,
NY.GDP.PCAP.PP.KD,COL,2014,16480.0,World Bank API v2,2026-09-25T07:23:37Z,False,
NY.GDP.PCAP.PP.KD,COL,2015,16821.0,World Bank API v2,2026-09-25T07:23:37Z,False,
NY.GDP.PCAP.PP.KD,COL,2016,17003.0,World Bank API v2,2026-09-25T07:23:37Z,False,
NY.GDP.PCAP.PP.KD,COL,2017,16986.0,World Bank API v2,2026-09-25T07:23:37Z,False,
NY.GDP.PCAP.PP.KD,COL,2018,17104.0,World Bank API v2,2026-09-25T07:23:37Z,False,
NY.GDP.PCAP.PP.KD,COL,2019,17337.0,World Bank API v2,2026-09-25T07:23:37Z,False,
NY.GDP.PCAP.PP.KD,COL,2020,15861.0,World Bank API v2,2026-09-25T07:23:37Z,False,
NY.GDP.PCAP.PP.KD,COL,2021,17383.0,World Bank API v2,2026-09-25T07:23:37Z,False,
NY.GDP.PCAP.PP.KD,COL,2022,18459.0,World Bank API v2,2026-09-25T07:23:37Z,False,
NY.GDP.PCAP.PP.KD,COL,2023,18407.0,World Bank API v2,2026-09-25T07:23:37Z,False,
NY.GDP.PCAP.PP.KD,COL,2024,18482.0,World Bank API v2,2026-09-25T07:23:37Z,False,
NY.GDP.PCAP.PP.KD,CRI,2010,18670.0,World Bank API v2,2026-09-25T07:23:37Z,False,
NY.GDP.PCAP.PP.KD,CRI,2011,19264.0,World Bank API v2,2026-09-25T07:23:37Z,False,
NY.GDP.PCAP.PP.KD,CRI,2012,19971.0,World Bank API v2,2026-09-25T07:23:37Z,False,
NY.GDP.PCAP.PP.KD,CRI,2013,20242.0,World Bank API v2,2026-09-25T07:23:37Z,False,
NY.GDP.PCAP.PP.KD,CRI,2014,20735.0,World Bank API v2,2026-09-25T07:23:37Z,False,
NY.GDP.PCAP.PP.KD,CRI,2015,21265.0,World Bank API v2,2026-09-25T07:23:37Z,False,
NY.GDP.PCAP.PP.KD,CRI,2016,21936.0,World Bank API v2,2026-09-25T07:23:37Z,False,
NY.GDP.PCAP.PP.KD,CRI,2017,22634.0,World Bank API v2,2026-09-25T07:23:37Z,False,
NY.GDP.PCAP.PP.KD,CRI,2018,23070.0,World Bank API v2,2026-09-25T07:23:37Z,False,
NY.GDP.PCAP.PP.KD,CRI,2019,23497.0,World Bank API v2,2026-09-25T07:23:37Z,False,
NY.GDP.PCAP.PP.KD,CRI,2020,22368.0,World Bank API v2,2026-09-25T07:23:37Z,False,
NY.GDP.PCAP.PP.KD,CRI,2021,24084.0,World Bank API v2,2026-09-25T07:23:37Z,False,
NY.GDP.PCAP.PP.KD,CRI,2022,25290.0,World Bank API v2,2026-09-25T07:23:37Z,False,
NY.GDP.PCAP.PP.KD,CRI,2023,26379.0,World Bank API v2,2026-09-25T07:23:37Z,False,
NY.GDP.PCAP.PP.KD,CRI,2024,27325.0,World Bank API v2,2026-09-25T07:23:37Z,False,
NY.GDP.PCAP.PP.KD,CUB,2010,11203.0,World Bank API v2,2026-09-24T17:30:00Z,False,
NY.GDP.PCAP.PP.KD,CUB,2011,11282.0,World Bank API v2,2026-09-24T17:30:00Z,False,
NY.GDP.PCAP.PP.KD,CUB,2012,11363.0,World Bank API v2,2026-09-24T17:30:00Z,False,
NY.GDP.PCAP.PP.KD,CUB,2013,11447.0,World Bank API v2,2026-09-24T17:30:00Z,False,
NY.GDP.PCAP.PP.KD,CUB,2014,11535.0,World Bank API v2,2026-09-24T17:30:00Z,False,
NY.GDP.PCAP.PP.KD,CUB,2015,11627.0,World Bank API v2,2026-09-24T17:30:00Z,False,
NY.GDP.PCAP.PP.KD,CUB,2016,11723.0,World Bank API v2,2026-09-24T17:30:00Z,False,
NY.GDP.PCAP.PP.KD,CUB,2017,11822.0,World Bank API v2,2026-09-24T17:30:00Z,False,
NY.GDP.PCAP.PP.KD,CUB,2018,11921.0,World Bank API v2,2026-09-24T17:30:00Z,False,
NY.GDP.PCAP.PP.KD,CUB,2019,12019.0,World Bank API v2,2026-09-24T17:30:00Z,False,
NY.GDP.PCAP.PP.KD,CUB,2020,11386.0,World Bank API v2,2026-09-24T17:30:00Z,False,
NY.GDP.PCAP.PP.KD,CUB,2021,12205.0,World Bank API v2,2026-09-24T17:30:00Z,False,
NY.GDP.PCAP.PP.KD,CUB,2022,12291.0,World Bank API v2,2026-09-24T17:30:00Z,False,
NY.GDP.PCAP.PP.KD,CUB,2023,12373.0,World Bank API v2,2026-09-24T17:30:00Z,False,
NY.GDP.PCAP.PP.KD,CUB,2024,12453.0,World Bank API v2,2026-09-24T17:30:00Z,False,
NY.GDP.PCAP.PP.KD,DOM,2010,13706.0,World Bank API v2,2026-09-24T17:30:00Z,False,
NY.GDP.PCAP.PP.KD,DOM,2011,14357.0,World Bank API v2,2026-09-24T17:30:00Z,False,
NY.GDP.PCAP.PP.KD,DOM,2012,15019.0,World Bank API v2,2026-09-24T17:30:00Z,False,
NY.GDP.PCAP.PP.KD,DOM,2013,15706.0,World Bank API v2,2026-09-24T17:30:00Z,False,
NY.GDP.PCAP.PP.KD,DOM,2014,16427.0,World Bank API v2,2026-09-24T17:30:00Z,False,
NY.GDP.PCAP.PP.KD,DOM,2015,17185.0,World Bank API v2,2026-09-24T17:30:00Z,False,
NY.GDP.PCAP.PP.KD,DOM,2016,17974.0,World Bank API v2,2026-09-24T17:30:00Z,False,
NY.GDP.PCAP.PP.KD,DOM,2017,18784.0,World Bank API v2,2026-09-24T17:30:00Z,False,
NY.GDP.PCAP.PP.KD,DOM,2018,19599.0,World Bank API v2,2026-09-24T17:30:00Z,False,
NY.GDP.PCAP.PP.KD,DOM,2019,20402.0,World Bank API v2,2026-09-24T17:30:00Z,False,
NY.GDP.PCAP.PP.KD,DOM,2020,20292.0,World Bank API v2,2026-09-24T17:30:00Z,False,
NY.GDP.PCAP.PP.KD,DOM,2021,21925.0,World Bank API v2,2026-09-24T17:30:00Z,False,
NY.GDP.PCAP.PP.KD,DOM,2022,22633.0,World Bank API v2,2026-09-24T17:30:00Z,False,
NY.GDP.PCAP.PP.KD,DOM,2023,23310.0,World Bank API v2,2026-09-24T17:30:00Z,False,
NY.GDP.PCAP.PP.KD,DOM,2024,23966.0,World Bank API v2,2026-09-24T17:30:00Z,False,
NY.GDP.PCAP.PP.KD,ECU,2010,11396.0,World Bank API v2,2026-09-24T17:30:00Z,False,
NY.GDP.PCAP.PP.KD,ECU,2011,11515.0,World Bank API v2,2026-09-24T17:30:00Z,False,
NY.GDP.PCAP.PP.KD,ECU,2012,11640.0,World Bank API v2,2026-09-24T17:30:00Z,False,
NY.GDP.PCAP.PP.KD,ECU,2013,11772.0,World Bank API v2,2026-09-24T17:30:00Z,False,
NY.GDP.PCAP.PP.KD,ECU,2014,11908.0,World Bank API v2,2026-09-24T17:30:00Z,False,
NY.GDP.PCAP.PP.KD,ECU,2015,12047.0,World Bank API v2,2026-09-24T17:30:00Z,False,
NY.GDP.PCAP.PP.KD,ECU,2016,12187.0,World Bank API v2,2026-09-24T17:30:00Z,False,
NY.GDP.PCAP.PP.KD,ECU,2017,12324.0,World Bank API v2,2026-09-24T17:30:00Z,False,
NY.GDP.PCAP.PP.KD,ECU,2018,12456.0,World Bank API v2,2026-09-24T17:30:00Z,False,
NY.GDP.PCAP.PP.KD,ECU,2019,12583.0,World Bank API v2,2026-09-24T17:30:00Z,False,
NY.GDP.PCAP.PP.KD,ECU,2020,11960.0,World Bank API v2,2026-09-24T17:30:00Z,False,
NY.GDP.PCAP.PP.KD,ECU,2021,12818.0,World Bank API v2,2026-09-24T17:30:00Z,False,
NY.GDP.PCAP.PP.KD,ECU,2022,12930.0,World Bank API v2,2026-09-24T17:30:00Z,False,
NY.GDP.PCAP.PP.KD,ECU,2023,13042.0,World Bank API v2,2026-09-24T17:30:00Z,False,
NY.GDP.PCAP.PP.KD,ECU,2024,13156.0,World Bank API v2,2026-09-24T17:30:00Z,False,
NY.GDP.PCAP.PP.KD,GTM,2010,8946.0,World Bank API v2,2026-09-24T17:30:00Z,False,
NY.GDP.PCAP.PP.KD,GTM,2011,9104.0,World Bank API v2,2026-09-24T17:30:00Z,False,
NY.GDP.PCAP.PP.KD,GTM,2012,9264.0,World Bank API v2,2026-09-24T17:30:00Z,False,
NY.GDP.PCAP.PP.KD,GTM,2013,9430.0,World Bank API v2,2026-09-24T17:30:00Z,False,
NY.GDP.PCAP.PP.KD,GTM,2014,9604.0,World Bank API v2,2026-09-24T17:30:00Z,False,
NY.GDP.PCAP.PP.KD,GTM,2015,9787.0,World Bank API v2,2026-09-24T17:30:00Z,False,
NY.GDP.PCAP.PP.KD,GTM,2016,9978.0,World Bank API v2,2026-09-24T17:30:00Z,False,
NY.GDP.PCAP.PP.KD,GTM,2017,10174.0,World Bank API v2,2026-09-24T17:30:00Z,False,
NY.GDP.PCAP.PP.KD,GTM,2018,10371.0,World Bank API v2,2026-09-24T17:30:00Z,False,
NY.GDP.PCAP.PP.KD,GTM,2019,10565.0,World Bank API v2,2026-09-24T17:30:00Z,False,
NY.GDP.PCAP.PP.KD,GTM,2020,10172.0,World Bank API v2,2026-09-24T17:30:00Z,False,
NY.GDP.PCAP.PP.KD,GTM,2021,10933.0,World Bank API v2,2026-09-24T17:30:00Z,False,
NY.GDP.PCAP.PP.KD,GTM,2022,11104.0,World Bank API v2,2026-09-24T17:30:00Z,False,
NY.GDP.PCAP.PP.KD,GTM,2023,11268.0,World Bank API v2,2026-09-24T17:30:00Z,False,
NY.GDP.PCAP.PP.KD,GTM,2024,11426.0,World Bank API v2,2026-09-24T17:30:00Z,False,
NY.GDP.PCAP.PP.KD,HND,2010,5264.0,World Bank API v2,2026-09-24T17:30:00Z,False,
NY.GDP.PCAP.PP.KD,HND,2011,5359.0,World Bank API v2,2026-09-24T17:30:00Z,False,
NY.GDP.PCAP.PP.KD,HND,2012,5452.0,World Bank API v2,2026-09-24T17:30:00Z,False,
NY.GDP.PCAP.PP.KD,HND,2013,5543.0,World Bank API v2,2026-09-24T17:30:00Z,False,
NY.GDP.PCAP.PP.KD,HND,2014,5636.0,World Bank API v2,2026-09-24T17:30:00Z,False,
NY.GDP.PCAP.PP.KD,HND,2015,5731.0,World Bank API v2,2026-09-24T17:30:00Z,False,
NY.GDP.PCAP.PP.KD,HND,2016,5831.0,World Bank API v2,2026-09-24T17:30:00Z,False,
NY.GDP.PCAP.PP.KD,HND,2017,5936.0,World Bank API v2,2026-09-24T17:30:00Z,False,
NY.GDP.PCAP.PP.KD,HND,2018,6046.0,World Bank API v2,2026-09-24T17:30:00Z,False,
NY.GDP.PCAP.PP.KD,HND,2019,6159.0,World Bank API v2,2026-09-24T17:30:00Z,False,
NY.GDP.PCAP.PP.KD,HND,2020,5933.0,World Bank API v2,2026-09-24T17:30:00Z,False,
NY.GDP.PCAP.PP.KD,HND,2021,6387.0,World Bank API v2,2026-09-24T17:30:00Z,False,
NY.GDP.PCAP.PP.KD,HND,2022,6497.0,World Bank API v2,2026-09-24T17:30:00Z,False,
NY.GDP.PCAP.PP.KD,HND,2023,6603.0,World Bank API v2,2026-09-24T17:30:00Z,False,
NY.GDP.PCAP.PP.KD,HND,2024,6704.0,World Bank API v2,2026-09-24T17:30:00Z,False,
NY.GDP.PCAP.PP.KD,HTI,2010,3118.0,World Bank API v2,2026-09-24T17:30:00Z,False,
NY.GDP.PCAP.PP.KD,HTI,2011,3104.0,World Bank API v2,2026-09-24T17:30:00Z,False,
NY.GDP.PCAP.PP.KD,HTI,2012,3091.0,World Bank API v2,2026-09-24T17:30:00Z,False,
NY.GDP.PCAP.PP.KD,HTI,2013,3079.0,World Bank API v2,2026-09-24T17:30:00Z,False,
NY.GDP.PCAP.PP.KD,HTI,2014,3067.0,World Bank API v2,2026-09-24T17:30:00Z,False,
NY.GDP.PCAP.PP.KD,HTI,2015,3056.0,World Bank API v2,2026-09-24T17:30:00Z,False,
NY.GDP.PCAP.PP.KD,HTI,2016,3044.0,World Bank API v2,2026-09-24T17:30:00Z,False,
NY.GDP.PCAP.PP.KD,HTI,2017,3032.0,World Bank API v2,2026-09-24T17:30:00Z,False,
NY.GDP.PCAP.PP.KD,HTI,2018,3020.0,World Bank API v2,2026-09-24T17:30:00Z,False,
NY.GDP.PCAP.PP.KD,HTI,2019,3007.0,World Bank API v2,2026-09-24T17:30:00Z,False,
NY.GDP.PCAP.PP.KD,HTI,2020,2791.0,World Bank API v2,2026-09-24T17:30:00Z,False,
NY.GDP.PCAP.PP.KD,HTI,2021,2980.0,World Bank API v2,2026-09-24T17:30:00Z,False,
NY.GDP.PCAP.PP.KD,HTI,2022,2966.0,World Bank API v2,2026-09-24T17:30:00Z,False,
NY.GDP.PCAP.PP.KD,HTI,2023,2952.0,World Bank API v2,2026-09-24T17:30:00Z,False,
NY.GDP.PCAP.PP.KD,HTI,2024,2938.0,World Bank API v2,2026-09-24T17:30:00Z,False,
NY.GDP.PCAP.PP.KD,LATAM_AVG,2010,13888.0,Promedio simple LATAM (n=20/20 países),2026-09-24T17:00:00Z,False,20
NY.GDP.PCAP.PP.KD,LATAM_AVG,2011,14222.0,Promedio simple LATAM (n=20/20 países),2026-09-24T17:00:00Z,False,20
NY.GDP.PCAP.PP.KD,LATAM_AVG,2012,14533.0,Promedio simple LATAM (n=20/20 países),2026-09-24T17:00:00Z,False,20
NY.GDP.PCAP.PP.KD,LATAM_AVG,2013,14785.0,Promedio simple LATAM (n=20/20 países),2026-09-24T17:00:00Z,False,20
NY.GDP.PCAP.PP.KD,LATAM_AVG,2014,15021.0,Promedio simple LATAM (n=20/20 países),2026-09-24T17:00:00Z,False,20
NY.GDP.PCAP.PP.KD,LATAM_AVG,2015,15217.0,Promedio simple LATAM (n=20/20 países),2026-09-24T17:00:00Z,False,20
NY.GDP.PCAP.PP.KD,LATAM_AVG,2016,15399.0,Promedio simple LATAM (n=20/20 países),2026-09-24T17:00:00Z,False,20
NY.GDP.PCAP.PP.KD,LATAM_AVG,2017,15602.0,Promedio simple LATAM (n=20/20 países),2026-09-24T17:00:00Z,False,20
NY.GDP.PCAP.PP.KD,LATAM_AVG,2018,15834.0,Promedio simple LATAM (n=20/20 países),2026-09-24T17:00:00Z,False,20
NY.GDP.PCAP.PP.KD,LATAM_AVG,2019,15994.0,Promedio simple LATAM (n=20/20 países),2026-09-24T17:00:00Z,False,20
NY.GDP.PCAP.PP.KD,LATAM_AVG,2020,15183.0,Promedio simple LATAM (n=20/20 países),2026-09-24T17:00:00Z,False,20
NY.GDP.PCAP.PP.KD,LATAM_AVG,2021,16318.0,Promedio simple LATAM (n=20/20 países),2026-09-24T17:00:00Z,False,20
NY.GDP.PCAP.PP.KD,LATAM_AVG,2022,16654.0,Promedio simple LATAM (n=20/20 países),2026-09-24T17:00:00Z,False,20
NY.GDP.PCAP.PP.KD,LATAM_AVG,2023,16904.0,Promedio simple LATAM (n=20/20 países),2026-09-24T17:00:00Z,False,20
NY.GDP.PCAP.PP.KD,LATAM_AVG,2024,17172.0,Promedio simple LATAM (n=20/20 países),2026-09-24T17:00:00Z,False,20
NY.GDP.PCAP.PP.KD,LCN,2010,17551.0,World Bank API v2,2026-09-25T07:23:37Z,False,
NY.GDP.PCAP.PP.KD,LCN,2011,18151.0,World Bank API v2,2026-09-25T07:23:37Z,False,
NY.GDP.PCAP.PP.KD,LCN,2012,18434.0,World Bank API v2,2026-09-25T07:23:37Z,False,
NY.GDP.PCAP.PP.KD,LCN,2013,18767.0,World Bank API v2,2026-09-25T07:23:37Z,False,
NY.GDP.PCAP.PP.KD,LCN,2014,18852.0,World Bank API v2,2026-09-25T07:23:37Z,False,
NY.GDP.PCAP.PP.KD,LCN,2015,18763.0,World Bank API v2,2026-09-25T07:23:37Z,False,
NY.GDP.PCAP.PP.KD,LCN,2016,18551.0,World Bank API v2,2026-09-25T07:23:37Z,False,
NY.GDP.PCAP.PP.KD,LCN,2017,18745.0,World Bank API v2,2026-09-25T07:23:37Z,False,
NY.GDP.PCAP.PP.KD,LCN,2018,18894.0,World Bank API v2,2026-09-25T07:23:37Z,False,
NY.GDP.PCAP.PP.KD,LCN,2019,18883.0,World Bank API v2,2026-09-25T07:23:37Z,False,
NY.GDP.PCAP.PP.KD,LCN,2020,17509.0,World Bank API v2,2026-09-25T07:23:37Z,False,
NY.GDP.PCAP.PP.KD,LCN,2021,18696.0,World Bank API v2,2026-09-25T07:23:37Z,False,
NY.GDP.PCAP.PP.KD,LCN,2022,19355.0,World Bank API v2,2026-09-25T07:23:37Z,False,
NY.GDP.PCAP.PP.KD,LCN,2023,19652.0,World Bank API v2,2026-09-25T07:23:37Z,False,
NY.GDP.PCAP.PP.KD,LCN,2024,19954.0,World Bank API v2,2026-09-25T07:23:37Z,False,
NY.GDP.PCAP.PP.KD,MEX,2010,20058.0,World Bank API v2,2026-09-25T07:23:37Z,False,
NY.GDP.PCAP.PP.KD,MEX,2011,20458.0,World Bank API v2,2026-09-25T07:23:37Z,False,
NY.GDP.PCAP.PP.KD,MEX,2012,20899.0,World Bank API v2,2026-09-25T07:23:37Z,False,
NY.GDP.PCAP.PP.KD,MEX,2013,20805.0,World Bank API v2,2026-09-25T07:23:37Z,False,
NY.GDP.PCAP.PP.KD,MEX,2014,21070.0,World Bank API v2,2026-09-25T07:23:37Z,False,
NY.GDP.PCAP.PP.KD,MEX,2015,21409.0,World Bank API v2,2026-09-25T07:23:37Z,False,
NY.GDP.PCAP.PP.KD,MEX,2016,21578.0,World Bank API v2,2026-09-25T07:23:37Z,False,
NY.GDP.PCAP.PP.KD,MEX,2017,21778.0,World Bank API v2,2026-09-25T07:23:37Z,False,
NY.GDP.PCAP.PP.KD,MEX,2018,21998.0,World Bank API v2,2026-09-25T07:23:37Z,False,
NY.GDP.PCAP.PP.KD,MEX,2019,21704.0,World Bank API v2,2026-09-25T07:23:37Z,False,
NY.GDP.PCAP.PP.KD,MEX,2020,19728.0,World Bank API v2,2026-09-25T07:23:37Z,False,
NY.GDP.PCAP.PP.KD,MEX,2021,20783.0,World Bank API v2,2026-09-25T07:23:37Z,False,
NY.GDP.PCAP.PP.KD,MEX,2022,21392.0,World Bank API v2,2026-09-25T07:23:37Z,False,
NY.GDP.PCAP.PP.KD,MEX,2023,21865.0,World Bank API v2,2026-09-25T07:23:37Z,False,
NY.GDP.PCAP.PP.KD,MEX,2024,21970.0,World Bank API v2,2026-09-25T07:23:37Z,False,
NY.GDP.PCAP.PP.KD,NIC,2010,5425.0,World Bank API v2,2026-09-24T17:30:00Z,False,
NY.GDP.PCAP.PP.KD,NIC,2011,5543.0,World Bank API v2,2026-09-24T17:30:00Z,False,
NY.GDP.PCAP.PP.KD,NIC,2012,5663.0,World Bank API v2,2026-09-24T17:30:00Z,False,
NY.GDP.PCAP.PP.KD,NIC,2013,5787.0,World Bank API v2,2026-09-24T17:30:00Z,False,
NY.GDP.PCAP.PP.KD,NIC,2014,5918.0,World Bank API v2,2026-09-24T17:30:00Z,False,
NY.GDP.PCAP.PP.KD,NIC,2015,6055.0,World Bank API v2,2026-09-24T17:30:00Z,False,
NY.GDP.PCAP.PP.KD,NIC,2016,6198.0,World Bank API v2,2026-09-24T17:30:00Z,False,
NY.GDP.PCAP.PP.KD,NIC,2017,6345.0,World Bank API v2,2026-09-24T17:30:00Z,False,
NY.GDP.PCAP.PP.KD,NIC,2018,6493.0,World Bank API v2,2026-09-24T17:30:00Z,False,
NY.GDP.PCAP.PP.KD,NIC,2019,6639.0,World Bank API v2,2026-09-24T17:30:00Z,False,
NY.GDP.PCAP.PP.KD,NIC,2020,6428.0,World Bank API v2,2026-09-24T17:30:00Z,False,
NY.GDP.PCAP.PP.KD,NIC,2021,6915.0,World Bank API v2,2026-09-24T17:30:00Z,False,
NY.GDP.PCAP.PP.KD,NIC,2022,7043.0,World Bank API v2,2026-09-24T17:30:00Z,False,
NY.GDP.PCAP.PP.KD,NIC,2023,7166.0,World Bank API v2,2026-09-24T17:30:00Z,False,
NY.GDP.PCAP.PP.KD,NIC,2024,7285.0,World Bank API v2,2026-09-24T17:30:00Z,False,
NY.GDP.PCAP.PP.KD,OED,2010,42961.0,World Bank API v2,2026-09-24T17:30:00Z,False,
NY.GDP.PCAP.PP.KD,OED,2011,43616.0,World Bank API v2,2026-09-24T17:30:00Z,False,
NY.GDP.PCAP.PP.KD,OED,2012,44249.0,World Bank API v2,2026-09-24T17:30:00Z,False,
NY.GDP.PCAP.PP.KD,OED,2013,44873.0,World Bank API v2,2026-09-24T17:30:00Z,False,
NY.GDP.PCAP.PP.KD,OED,2014,45504.0,World Bank API v2,2026-09-24T17:30:00Z,False,
NY.GDP.PCAP.PP.KD,OED,2015,46156.0,World Bank API v2,2026-09-24T17:30:00Z,False,
NY.GDP.PCAP.PP.KD,OED,2016,46840.0,World Bank API v2,2026-09-24T17:30:00Z,False,
NY.GDP.PCAP.PP.KD,OED,2017,47559.0,World Bank API v2,2026-09-24T17:30:00Z,False,
NY.GDP.PCAP.PP.KD,OED,2018,48310.0,World Bank API v2,2026-09-24T17:30:00Z,False,
NY.GDP.PCAP.PP.KD,OED,2019,49083.0,World Bank API v2,2026-09-24T17:30:00Z,False,
NY.GDP.PCAP.PP.KD,OED,2020,47083.0,World Bank API v2,2026-09-24T17:30:00Z,False,
NY.GDP.PCAP.PP.KD,OED,2021,50639.0,World Bank API v2,2026-09-24T17:30:00Z,False,
NY.GDP.PCAP.PP.KD,OED,2022,51392.0,World Bank API v2,2026-09-24T17:30:00Z,False,
NY.GDP.PCAP.PP.KD,OED,2023,52114.0,World Bank API v2,2026-09-24T17:30:00Z,False,
NY.GDP.PCAP.PP.KD,OED,2024,52801.0,World Bank API v2,2026-09-24T17:30:00Z,False,
NY.GDP.PCAP.PP.KD,PAN,2010,21443.0,World Bank API v2,2026-09-24T17:30:00Z,False,
NY.GDP.PCAP.PP.KD,PAN,2011,22478.0,World Bank API v2,2026-09-24T17:30:00Z,False,
NY.GDP.PCAP.PP.KD,PAN,2012,23550.0,World Bank API v2,2026-09-24T17:30:00Z,False,
NY.GDP.PCAP.PP.KD,PAN,2013,24640.0,World Bank API v2,2026-09-24T17:30:00Z,False,
NY.GDP.PCAP.PP.KD,PAN,2014,25727.0,World Bank API v2,2026-09-24T17:30:00Z,False,
NY.GDP.PCAP.PP.KD,PAN,2015,26790.0,World Bank API v2,2026-09-24T17:30:00Z,False,
NY.GDP.PCAP.PP.KD,PAN,2016,27813.0,World Bank API v2,2026-09-24T17:30:00Z,False,
NY.GDP.PCAP.PP.KD,PAN,2017,28787.0,World Bank API v2,2026-09-24T17:30:00Z,False,
NY.GDP.PCAP.PP.KD,PAN,2018,29715.0,World Bank API v2,2026-09-24T17:30:00Z,False,
NY.GDP.PCAP.PP.KD,PAN,2019,30606.0,World Bank API v2,2026-09-24T17:30:00Z,False,
NY.GDP.PCAP.PP.KD,PAN,2020,30069.0,World Bank API v2,2026-09-24T17:30:00Z,False,
NY.GDP.PCAP.PP.KD,PAN,2021,32355.0,World Bank API v2,2026-09-24T17:30:00Z,False,
NY.GDP.PCAP.PP.KD,PAN,2022,33254.0,World Bank API v2,2026-09-24T17:30:00Z,False,
NY.GDP.PCAP.PP.KD,PAN,2023,34194.0,World Bank API v2,2026-09-24T17:30:00Z,False,
NY.GDP.PCAP.PP.KD,PAN,2024,35183.0,World Bank API v2,2026-09-24T17:30:00Z,False,
NY.GDP.PCAP.PP.KD,PER,2010,11871.0,World Bank API v2,2026-09-24T17:30:00Z,False,
NY.GDP.PCAP.PP.KD,PER,2011,12169.0,World Bank API v2,2026-09-24T17:30:00Z,False,
NY.GDP.PCAP.PP.KD,PER,2012,12465.0,World Bank API v2,2026-09-24T17:30:00Z,False,
NY.GDP.PCAP.PP.KD,PER,2013,12753.0,World Bank API v2,2026-09-24T17:30:00Z,False,
NY.GDP.PCAP.PP.KD,PER,2014,13029.0,World Bank API v2,2026-09-24T17:30:00Z,False,
NY.GDP.PCAP.PP.KD,PER,2015,13292.0,World Bank API v2,2026-09-24T17:30:00Z,False,
NY.GDP.PCAP.PP.KD,PER,2016,13542.0,World Bank API v2,2026-09-24T17:30:00Z,False,
NY.GDP.PCAP.PP.KD,PER,2017,13784.0,World Bank API v2,2026-09-24T17:30:00Z,False,
NY.GDP.PCAP.PP.KD,PER,2018,14022.0,World Bank API v2,2026-09-24T17:30:00Z,False,
NY.GDP.PCAP.PP.KD,PER,2019,14262.0,World Bank API v2,2026-09-24T17:30:00Z,False,
NY.GDP.PCAP.PP.KD,PER,2020,13737.0,World Bank API v2,2026-09-24T17:30:00Z,False,
NY.GDP.PCAP.PP.KD,PER,2021,14769.0,World Bank API v2,2026-09-24T17:30:00Z,False,
NY.GDP.PCAP.PP.KD,PER,2022,15042.0,World Bank API v2,2026-09-24T17:30:00Z,False,
NY.GDP.PCAP.PP.KD,PER,2023,15327.0,World Bank API v2,2026-09-24T17:30:00Z,False,
NY.GDP.PCAP.PP.KD,PER,2024,15621.0,World Bank API v2,2026-09-24T17:30:00Z,False,
NY.GDP.PCAP.PP.KD,PRY,2010,11178.0,World Bank API v2,2026-09-24T17:30:00Z,False,
NY.GDP.PCAP.PP.KD,PRY,2011,11488.0,World Bank API v2,2026-09-24T17:30:00Z,False,
NY.GDP.PCAP.PP.KD,PRY,2012,11813.0,World Bank API v2,2026-09-24T17:30:00Z,False,
NY.GDP.PCAP.PP.KD,PRY,2013,12155.0,World Bank API v2,2026-09-24T17:30:00Z,False,
NY.GDP.PCAP.PP.KD,PRY,2014,12510.0,World Bank API v2,2026-09-24T17:30:00Z,False,
NY.GDP.PCAP.PP.KD,PRY,2015,12872.0,World Bank API v2,2026-09-24T17:30:00Z,False,
NY.GDP.PCAP.PP.KD,PRY,2016,13236.0,World Bank API v2,2026-09-24T17:30:00Z,False,
NY.GDP.PCAP.PP.KD,PRY,2017,13592.0,World Bank API v2,2026-09-24T17:30:00Z,False,
NY.GDP.PCAP.PP.KD,PRY,2018,13937.0,World Bank API v2,2026-09-24T17:30:00Z,False,
NY.GDP.PCAP.PP.KD,PRY,2019,14265.0,World Bank API v2,2026-09-24T17:30:00Z,False,
NY.GDP.PCAP.PP.KD,PRY,2020,13847.0,World Bank API v2,2026-09-24T17:30:00Z,False,
NY.GDP.PCAP.PP.KD,PRY,2021,14877.0,World Bank API v2,2026-09-24T17:30:00Z,False,
NY.GDP.PCAP.PP.KD,PRY,2022,15169.0,World Bank API v2,2026-09-24T17:30:00Z,False,
NY.GDP.PCAP.PP.KD,PRY,2023,15460.0,World Bank API v2,2026-09-24T17:30:00Z,False,
NY.GDP.PCAP.PP.KD,PRY,2024,15758.0,World Bank API v2,2026-09-24T17:30:00Z,False,
NY.GDP.PCAP.PP.KD,SLV,2010,8463.0,World Bank API v2,2026-09-24T17:30:00Z,False,
NY.GDP.PCAP.PP.KD,SLV,2011,8674.0,World Bank API v2,2026-09-24T17:30:00Z,False,
NY.GDP.PCAP.PP.KD,SLV,2012,8874.0,World Bank API v2,2026-09-24T17:30:00Z,False,
NY.GDP.PCAP.PP.KD,SLV,2013,9065.0,World Bank API v2,2026-09-24T17:30:00Z,False,
NY.GDP.PCAP.PP.KD,SLV,2014,9249.0,World Bank API v2,2026-09-24T17:30:00Z,False,
NY.GDP.PCAP.PP.KD,SLV,2015,9429.0,World Bank API v2,2026-09-24T17:30:00Z,False,
NY.GDP.PCAP.PP.KD,SLV,2016,9610.0,World Bank API v2,2026-09-24T17:30:00Z,False,
NY.GDP.PCAP.PP.KD,SLV,2017,9797.0,World Bank API v2,2026-09-24T17:30:00Z,False,
NY.GDP.PCAP.PP.KD,SLV,2018,9992.0,World Bank API v2,2026-09-24T17:30:00Z,False,
NY.GDP.PCAP.PP.KD,SLV,2019,10197.0,World Bank API v2,2026-09-24T17:30:00Z,False,
NY.GDP.PCAP.PP.KD,SLV,2020,9865.0,World Bank API v2,2026-09-24T17:30:00Z,False,
NY.GDP.PCAP.PP.KD,SLV,2021,10634.0,World Bank API v2,2026-09-24T17:30:00Z,False,
NY.GDP.PCAP.PP.KD,SLV,2022,10860.0,World Bank API v2,2026-09-24T17:30:00Z,False,
NY.GDP.PCAP.PP.KD,SLV,2023,11084.0,World Bank API v2,2026-09-24T17:30:00Z,False,
NY.GDP.PCAP.PP.KD,SLV,2024,11303.0,World Bank API v2,2026-09-24T17:30:00Z,False,
NY.GDP.PCAP.PP.KD,URY,2010,21345.0,World Bank API v2,2026-09-24T17:30:00Z,False,
NY.GDP.PCAP.PP.KD,URY,2011,21868.0,World Bank API v2,2026-09-24T17:30:00Z,False,
NY.GDP.PCAP.PP.KD,URY,2012,22418.0,World Bank API v2,2026-09-24T17:30:00Z,False,
NY.GDP.PCAP.PP.KD,URY,2013,22994.0,World Bank API v2,2026-09-24T17:30:00Z,False,
NY.GDP.PCAP.PP.KD,URY,2014,23593.0,World Bank API v2,2026-09-24T17:30:00Z,False,
NY.GDP.PCAP.PP.KD,URY,2015,24205.0,World Bank API v2,2026-09-24T17:30:00Z,False,
NY.GDP.PCAP.PP.KD,URY,2016,24818.0,World Bank API v2,2026-09-24T17:30:00Z,False,
NY.GDP.PCAP.PP.KD,URY,2017,25420.0,World Bank API v2,2026-09-24T17:30:00Z,False,
NY.GDP.PCAP.PP.KD,URY,2018,26001.0,World Bank API v2,2026-09-24T17:30:00Z,False,
NY.GDP.PCAP.PP.KD,URY,2019,26556.0,World Bank API v2,2026-09-24T17:30:00Z,False,
NY.GDP.PCAP.PP.KD,URY,2020,25689.0,World Bank API v2,2026-09-24T17:30:00Z,False,
NY.GDP.PCAP.PP.KD,URY,2021,27589.0,World Bank API v2,2026-09-24T17:30:00Z,False,
NY.GDP.PCAP.PP.KD,URY,2022,28081.0,World Bank API v2,2026-09-24T17:30:00Z,False,
NY.GDP.PCAP.PP.KD,URY,2023,28572.0,World Bank API v2,2026-09-24T17:30:00Z,False,
NY.GDP.PCAP.PP.KD,URY,2024,29075.0,World Bank API v2,2026-09-24T17:30:00Z,False,
NY.GDP.PCAP.PP.KD,VEN,2010,18200.0,World Bank API v2,2026-09-24T17:30:00Z,False,
NY.GDP.PCAP.PP.KD,VEN,2011,17548.0,World Bank API v2,2026-09-24T17:30:00Z,False,
NY.GDP.PCAP.PP.KD,VEN,2012,16880.0,World Bank API v2,2026-09-24T17:30:00Z,False,
NY.GDP.PCAP.PP.KD,VEN,2013,16183.0,World Bank API v2,2026-09-24T17:30:00Z,False,
NY.GDP.PCAP.PP.KD,VEN,2014,15451.0,World Bank API v2,2026-09-24T17:30:00Z,False,
NY.GDP.PCAP.PP.KD,VEN,2015,14684.0,World Bank API v2,2026-09-24T17:30:00Z,False,
NY.GDP.PCAP.PP.KD,VEN,2016,13887.0,World Bank API v2,2026-09-24T17:30:00Z,False,
NY.GDP.PCAP.PP.KD,VEN,2017,13075.0,World Bank API v2,2026-09-24T17:30:00Z,False,
NY.GDP.PCAP.PP.KD,VEN,2018,12263.0,World Bank API v2,2026-09-24T17:30:00Z,False,
NY.GDP.PCAP.PP.KD,VEN,2019,11466.0,World Bank API v2,2026-09-24T17:30:00Z,False,
NY.GDP.PCAP.PP.KD,VEN,2020,9516.0,World Bank API v2,2026-09-24T17:30:00Z,False,
NY.GDP.PCAP.PP.KD,VEN,2021,9967.0,World Bank API v2,2026-09-24T17:30:00Z,False,
NY.GDP.PCAP.PP.KD,VEN,2022,9270.0,World Bank API v2,2026-09-24T17:30:00Z,False,
NY.GDP.PCAP.PP.KD,VEN,2023,8602.0,World Bank API v2,2026-09-24T17:30:00Z,False,
NY.GDP.PCAP.PP.KD,VEN,2024,7950.0,World Bank API v2,2026-09-24T17:30:00Z,False,
NY.GDP.PCAP.PP.KD,WLD,2010,16004.0,World Bank API v2,2026-09-24T17:30:00Z,False,
NY.GDP.PCAP.PP.KD,WLD,2011,16416.0,World Bank API v2,2026-09-24T17:30:00Z,False,
NY.GDP.PCAP.PP.KD,WLD,2012,16809.0,World Bank API v2,2026-09-24T17:30:00Z,False,
NY.GDP.PCAP.PP.KD,WLD,2013,17183.0,World Bank API v2,2026-09-24T17:30:00Z,False,
NY.GDP.PCAP.PP.KD,WLD,2014,17543.0,World Bank API v2,2026-09-24T17:30:00Z,False,
NY.GDP.PCAP.PP.KD,WLD,2015,17895.0,World Bank API v2,2026-09-24T17:30:00Z,False,
NY.GDP.PCAP.PP.KD,WLD,2016,18250.0,World Bank API v2,2026-09-24T17:30:00Z,False,
NY.GDP.PCAP.PP.KD,WLD,2017,18616.0,World Bank API v2,2026-09-24T17:30:00Z,False,
NY.GDP.PCAP.PP.KD,WLD,2018,18998.0,World Bank API v2,2026-09-24T17:30:00Z,False,
NY.GDP.PCAP.PP.KD,WLD,2019,19399.0,World Bank API v2,2026-09-24T17:30:00Z,False,
NY.GDP.PCAP.PP.KD,WLD,2020,18785.0,World Bank API v2,2026-09-24T17:30:00Z,False,
NY.GDP.PCAP.PP.KD,WLD,2021,20255.0,World Bank API v2,2026-09-24T17:30:00Z,False,
NY.GDP.PCAP.PP.KD,WLD,2022,20696.0,World Bank API v2,2026-09-24T17:30:00Z,False,
NY.GDP.PCAP.PP.KD,WLD,2023,21135.0,World Bank API v2,2026-09-24T17:30:00Z,False,
NY.GDP.PCAP.PP.KD,WLD,2024,21564.0,World Bank API v2,2026-09-24T17:30:00Z,False,
SE.SEC.NENR,ARG,2010,84.2,World Bank API v2,2026-09-24T17:30:00Z,False,
SE.SEC.NENR,ARG,2011,84.8,World Bank API v2,2026-09-24T17:30:00Z,False,
SE.SEC.NENR,ARG,2012,85.4,World Bank API v2,2026-09-24T17:30:00Z,False,
SE.SEC.NENR,ARG,2013,85.9,World Bank API v2,2026-09-24T17:30:00Z,False,
SE.SEC.NENR,ARG,2014,86.4,World Bank API v2,2026-09-24T17:30:00Z,False,
SE.SEC.NENR,ARG,2015,86.9,World Bank API v2,2026-09-24T17:30:00Z,False,
SE.SEC.NENR,ARG,2016,87.4,World Bank API v2,2026-09-24T17:30:00Z,False,
SE.SEC.NENR,ARG,2017,87.8,World Bank API v2,2026-09-24T17:30:00Z,False,
SE.SEC.NENR,ARG,2018,88.3,World Bank API v2,2026-09-24T17:30:00Z,False,
SE.SEC.NENR,ARG,2019,88.8,World Bank API v2,2026-09-24T17:30:00Z,False,
SE.SEC.NENR,ARG,2020,89.3,World Bank API v2,2026-09-24T17:30:00Z,False,
SE.SEC.NENR,ARG,2021,89.8,World Bank API v2,2026-09-24T17:30:00Z,False,
SE.SEC.NENR,ARG,2022,90.3,World Bank API v2,2026-09-24T17:30:00Z,False,
SE.SEC.NENR,ARG,2023,90.9,World Bank API v2,2026-09-24T17:30:00Z,False,
SE.SEC.NENR,ARG,2024,91.5,World Bank API v2,2026-09-24T17:30:00Z,False,
SE.SEC.NENR,BOL,2010,75.2,World Bank API v2,2026-09-24T17:30:00Z,False,
SE.SEC.NENR,BOL,2011,75.7,World Bank API v2,2026-09-24T17:30:00Z,False,
SE.SEC.NENR,BOL,2012,76.2,World Bank API v2,2026-09-24T17:30:00Z,False,
SE.SEC.NENR,BOL,2013,76.7,World Bank API v2,2026-09-24T17:30:00Z,False,
SE.SEC.NENR,BOL,2014,77.2,World Bank API v2,2026-09-24T17:30:00Z,False,
SE.SEC.NENR,BOL,2015,77.6,World Bank API v2,2026-09-24T17:30:00Z,False,
SE.SEC.NENR,BOL,2016,78.0,World Bank API v2,2026-09-24T17:30:00Z,False,
SE.SEC.NENR,BOL,2017,78.4,World Bank API v2,2026-09-24T17:30:00Z,False,
SE.SEC.NENR,BOL,2018,78.8,World Bank API v2,2026-09-24T17:30:00Z,False,
SE.SEC.NENR,BOL,2019,79.2,World Bank API v2,2026-09-24T17:30:00Z,False,
SE.SEC.NENR,BOL,2020,79.7,World Bank API v2,2026-09-24T17:30:00Z,False,
SE.SEC.NENR,BOL,2021,80.1,World Bank API v2,2026-09-24T17:30:00Z,False,
SE.SEC.NENR,BOL,2022,80.6,World Bank API v2,2026-09-24T17:30:00Z,False,
SE.SEC.NENR,BOL,2023,81.1,World Bank API v2,2026-09-24T17:30:00Z,False,
SE.SEC.NENR,BOL,2024,81.6,World Bank API v2,2026-09-24T17:30:00Z,False,
SE.SEC.NENR,BRA,2010,79.2,World Bank API v2,2026-09-24T17:30:00Z,False,
SE.SEC.NENR,BRA,2011,79.7,World Bank API v2,2026-09-24T17:30:00Z,False,
SE.SEC.NENR,BRA,2012,80.2,World Bank API v2,2026-09-24T17:30:00Z,False,
SE.SEC.NENR,BRA,2013,80.7,World Bank API v2,2026-09-24T17:30:00Z,False,
SE.SEC.NENR,BRA,2014,81.1,World Bank API v2,2026-09-24T17:30:00Z,False,
SE.SEC.NENR,BRA,2015,81.5,World Bank API v2,2026-09-24T17:30:00Z,False,
SE.SEC.NENR,BRA,2016,81.9,World Bank API v2,2026-09-24T17:30:00Z,False,
SE.SEC.NENR,BRA,2017,82.3,World Bank API v2,2026-09-24T17:30:00Z,False,
SE.SEC.NENR,BRA,2018,82.7,World Bank API v2,2026-09-24T17:30:00Z,False,
SE.SEC.NENR,BRA,2019,83.1,World Bank API v2,2026-09-24T17:30:00Z,False,
SE.SEC.NENR,BRA,2020,83.5,World Bank API v2,2026-09-24T17:30:00Z,False,
SE.SEC.NENR,BRA,2021,83.9,World Bank API v2,2026-09-24T17:30:00Z,False,
SE.SEC.NENR,BRA,2022,84.4,World Bank API v2,2026-09-24T17:30:00Z,False,
SE.SEC.NENR,BRA,2023,84.9,World Bank API v2,2026-09-24T17:30:00Z,False,
SE.SEC.NENR,BRA,2024,85.4,World Bank API v2,2026-09-24T17:30:00Z,False,
SE.SEC.NENR,CHL,2010,86.6,World Bank API v2,2026-09-24T17:30:00Z,False,
SE.SEC.NENR,CHL,2011,87.0,World Bank API v2,2026-09-24T17:30:00Z,False,
SE.SEC.NENR,CHL,2012,87.4,World Bank API v2,2026-09-24T17:30:00Z,False,
SE.SEC.NENR,CHL,2013,87.8,World Bank API v2,2026-09-24T17:30:00Z,False,
SE.SEC.NENR,CHL,2014,88.2,World Bank API v2,2026-09-24T17:30:00Z,False,
SE.SEC.NENR,CHL,2015,88.6,World Bank API v2,2026-09-24T17:30:00Z,False,
SE.SEC.NENR,CHL,2016,89.1,World Bank API v2,2026-09-24T17:30:00Z,False,
SE.SEC.NENR,CHL,2017,89.5,World Bank API v2,2026-09-24T17:30:00Z,False,
SE.SEC.NENR,CHL,2018,90.0,World Bank API v2,2026-09-24T17:30:00Z,False,
SE.SEC.NENR,CHL,2019,90.5,World Bank API v2,2026-09-24T17:30:00Z,False,
SE.SEC.NENR,CHL,2020,91.0,World Bank API v2,2026-09-24T17:30:00Z,False,
SE.SEC.NENR,CHL,2021,91.5,World Bank API v2,2026-09-24T17:30:00Z,False,
SE.SEC.NENR,CHL,2022,92.0,World Bank API v2,2026-09-24T17:30:00Z,False,
SE.SEC.NENR,CHL,2023,92.5,World Bank API v2,2026-09-24T17:30:00Z,False,
SE.SEC.NENR,CHL,2024,92.9,World Bank API v2,2026-09-24T17:30:00Z,False,
SE.SEC.NENR,COL,2010,76.5,World Bank API v2,2026-09-24T17:30:00Z,False,
SE.SEC.NENR,COL,2011,77.0,World Bank API v2,2026-09-24T17:30:00Z,False,
SE.SEC.NENR,COL,2012,77.4,World Bank API v2,2026-09-24T17:30:00Z,False,
SE.SEC.NENR,COL,2013,77.8,World Bank API v2,2026-09-24T17:30:00Z,False,
SE.SEC.NENR,COL,2014,78.3,World Bank API v2,2026-09-24T17:30:00Z,False,
SE.SEC.NENR,COL,2015,78.7,World Bank API v2,2026-09-24T17:30:00Z,False,
SE.SEC.NENR,COL,2016,79.2,World Bank API v2,2026-09-24T17:30:00Z,False,
SE.SEC.NENR,COL,2017,79.7,World Bank API v2,2026-09-24T17:30:00Z,False,
SE.SEC.NENR,COL,2018,80.2,World Bank API v2,2026-09-24T17:30:00Z,False,
SE.SEC.NENR,COL,2019,80.7,World Bank API v2,2026-09-24T17:30:00Z,False,
SE.SEC.NENR,COL,2020,81.3,World Bank API v2,2026-09-24T17:30:00Z,False,
SE.SEC.NENR,COL,2021,81.8,World Bank API v2,2026-09-24T17:30:00Z,False,
SE.SEC.NENR,COL,2022,82.4,World Bank API v2,2026-09-24T17:30:00Z,False,
SE.SEC.NENR,COL,2023,82.9,World Bank API v2,2026-09-24T17:30:00Z,False,
SE.SEC.NENR,COL,2024,83.3,World Bank API v2,2026-09-24T17:30:00Z,False,
SE.SEC.NENR,CRI,2010,75.0,World Bank API v2,2026-09-24T17:30:00Z,False,
SE.SEC.NENR,CRI,2011,75.9,World Bank API v2,2026-09-24T17:30:00Z,False,
SE.SEC.NENR,CRI,2012,76.8,World Bank API v2,2026-09-24T17:30:00Z,False,
SE.SEC.NENR,CRI,2013,77.6,World Bank API v2,2026-09-24T17:30:00Z,False,
SE.SEC.NENR,CRI,2014,78.3,World Bank API v2,2026-09-24T17:30:00Z,False,
SE.SEC.NENR,CRI,2015,79.1,World Bank API v2,2026-09-24T17:30:00Z,False,
SE.SEC.NENR,CRI,2016,79.9,World Bank API v2,2026-09-24T17:30:00Z,False,
SE.SEC.NENR,CRI,2017,80.7,World Bank API v2,2026-09-24T17:30:00Z,False,
SE.SEC.NENR,CRI,2018,81.5,World Bank API v2,2026-09-24T17:30:00Z,False,
SE.SEC.NENR,CRI,2019,82.4,World Bank API v2,2026-09-24T17:30:00Z,False,
SE.SEC.NENR,CRI,2020,83.3,World Bank API v2,2026-09-24T17:30:00Z,False,
SE.SEC.NENR,CRI,2021,84.2,World Bank API v2,2026-09-24T17:30:00Z,False,
SE.SEC.NENR,CRI,2022,85.2,World Bank API v2,2026-09-24T17:30:00Z,False,
SE.SEC.NENR,CRI,2023,86.2,World Bank API v2,2026-09-24T17:30:00Z,False,
SE.SEC.NENR,CRI,2024,87.1,World Bank API v2,2026-09-24T17:30:00Z,False,
SE.SEC.NENR,CUB,2010,87.4,World Bank API v2,2026-09-24T17:30:00Z,False,
SE.SEC.NENR,CUB,2011,87.5,World Bank API v2,2026-09-24T17:30:00Z,False,
SE.SEC.NENR,CUB,2012,87.6,World Bank API v2,2026-09-24T17:30:00Z,False,
SE.SEC.NENR,CUB,2013,87.8,World Bank API v2,2026-09-24T17:30:00Z,False,
SE.SEC.NENR,CUB,2014,87.9,World Bank API v2,2026-09-24T17:30:00Z,False,
SE.SEC.NENR,CUB,2015,88.0,World Bank API v2,2026-09-24T17:30:00Z,False,
SE.SEC.NENR,CUB,2016,88.1,World Bank API v2,2026-09-24T17:30:00Z,False,
SE.SEC.NENR,CUB,2017,88.2,World Bank API v2,2026-09-24T17:30:00Z,False,
SE.SEC.NENR,CUB,2018,88.2,World Bank API v2,2026-09-24T17:30:00Z,False,
SE.SEC.NENR,CUB,2019,88.3,World Bank API v2,2026-09-24T17:30:00Z,False,
SE.SEC.NENR,CUB,2020,88.4,World Bank API v2,2026-09-24T17:30:00Z,False,
SE.SEC.NENR,CUB,2021,88.5,World Bank API v2,2026-09-24T17:30:00Z,False,
SE.SEC.NENR,CUB,2022,88.7,World Bank API v2,2026-09-24T17:30:00Z,False,
SE.SEC.NENR,CUB,2023,88.8,World Bank API v2,2026-09-24T17:30:00Z,False,
SE.SEC.NENR,CUB,2024,88.9,World Bank API v2,2026-09-24T17:30:00Z,False,
SE.SEC.NENR,DOM,2010,64.1,World Bank API v2,2026-09-24T17:30:00Z,False,
SE.SEC.NENR,DOM,2011,65.0,World Bank API v2,2026-09-24T17:30:00Z,False,
SE.SEC.NENR,DOM,2012,65.8,World Bank API v2,2026-09-24T17:30:00Z,False,
SE.SEC.NENR,DOM,2013,66.7,World Bank API v2,2026-09-24T17:30:00Z,False,
SE.SEC.NENR,DOM,2014,67.4,World Bank API v2,2026-09-24T17:30:00Z,False,
SE.SEC.NENR,DOM,2015,68.2,World Bank API v2,2026-09-24T17:30:00Z,False,
SE.SEC.NENR,DOM,2016,68.9,World Bank API v2,2026-09-24T17:30:00Z,False,
SE.SEC.NENR,DOM,2017,69.6,World Bank API v2,2026-09-24T17:30:00Z,False,
SE.SEC.NENR,DOM,2018,70.2,World Bank API v2,2026-09-24T17:30:00Z,False,
SE.SEC.NENR,DOM,2019,70.9,World Bank API v2,2026-09-24T17:30:00Z,False,
SE.SEC.NENR,DOM,2020,71.6,World Bank API v2,2026-09-24T17:30:00Z,False,
SE.SEC.NENR,DOM,2021,72.3,World Bank API v2,2026-09-24T17:30:00Z,False,
SE.SEC.NENR,DOM,2022,73.1,World Bank API v2,2026-09-24T17:30:00Z,False,
SE.SEC.NENR,DOM,2023,73.9,World Bank API v2,2026-09-24T17:30:00Z,False,
SE.SEC.NENR,DOM,2024,74.7,World Bank API v2,2026-09-24T17:30:00Z,False,
SE.SEC.NENR,ECU,2010,74.0,World Bank API v2,2026-09-24T17:30:00Z,False,
SE.SEC.NENR,ECU,2011,74.8,World Bank API v2,2026-09-24T17:30:00Z,False,
SE.SEC.NENR,ECU,2012,75.5,World Bank API v2,2026-09-24T17:30:00Z,False,
SE.SEC.NENR,ECU,2013,76.3,World Bank API v2,2026-09-24T17:30:00Z,False,
SE.SEC.NENR,ECU,2014,77.1,World Bank API v2,2026-09-24T17:30:00Z,False,
SE.SEC.NENR,ECU,2015,78.0,World Bank API v2,2026-09-24T17:30:00Z,False,
SE.SEC.NENR,ECU,2016,78.8,World Bank API v2,2026-09-24T17:30:00Z,False,
SE.SEC.NENR,ECU,2017,79.7,World Bank API v2,2026-09-24T17:30:00Z,False,
SE.SEC.NENR,ECU,2018,80.5,World Bank API v2,2026-09-24T17:30:00Z,False,
SE.SEC.NENR,ECU,2019,81.2,World Bank API v2,2026-09-24T17:30:00Z,False,
SE.SEC.NENR,ECU,2020,81.9,World Bank API v2,2026-09-24T17:30:00Z,False,
SE.SEC.NENR,ECU,2021,82.6,World Bank API v2,2026-09-24T17:30:00Z,False,
SE.SEC.NENR,ECU,2022,83.3,World Bank API v2,2026-09-24T17:30:00Z,False,
SE.SEC.NENR,ECU,2023,84.0,World Bank API v2,2026-09-24T17:30:00Z,False,
SE.SEC.NENR,ECU,2024,84.6,World Bank API v2,2026-09-24T17:30:00Z,False,
SE.SEC.NENR,GTM,2010,44.8,World Bank API v2,2026-09-24T17:30:00Z,False,
SE.SEC.NENR,GTM,2011,45.2,World Bank API v2,2026-09-24T17:30:00Z,False,
SE.SEC.NENR,GTM,2012,45.6,World Bank API v2,2026-09-24T17:30:00Z,False,
SE.SEC.NENR,GTM,2013,46.0,World Bank API v2,2026-09-24T17:30:00Z,False,
SE.SEC.NENR,GTM,2014,46.5,World Bank API v2,2026-09-24T17:30:00Z,False,
SE.SEC.NENR,GTM,2015,47.0,World Bank API v2,2026-09-24T17:30:00Z,False,
SE.SEC.NENR,GTM,2016,47.5,World Bank API v2,2026-09-24T17:30:00Z,False,
SE.SEC.NENR,GTM,2017,48.0,World Bank API v2,2026-09-24T17:30:00Z,False,
SE.SEC.NENR,GTM,2018,48.5,World Bank API v2,2026-09-24T17:30:00Z,False,
SE.SEC.NENR,GTM,2019,49.0,World Bank API v2,2026-09-24T17:30:00Z,False,
SE.SEC.NENR,GTM,2020,49.5,World Bank API v2,2026-09-24T17:30:00Z,False,
SE.SEC.NENR,GTM,2021,50.0,World Bank API v2,2026-09-24T17:30:00Z,False,
SE.SEC.NENR,GTM,2022,50.4,World Bank API v2,2026-09-24T17:30:00Z,False,
SE.SEC.NENR,GTM,2023,50.8,World Bank API v2,2026-09-24T17:30:00Z,False,
SE.SEC.NENR,GTM,2024,51.2,World Bank API v2,2026-09-24T17:30:00Z,False,
SE.SEC.NENR,HND,2010,46.3,World Bank API v2,2026-09-24T17:30:00Z,False,
SE.SEC.NENR,HND,2011,46.8,World Bank API v2,2026-09-24T17:30:00Z,False,
SE.SEC.NENR,HND,2012,47.2,World Bank API v2,2026-09-24T17:30:00Z,False,
SE.SEC.NENR,HND,2013,47.6,World Bank API v2,2026-09-24T17:30:00Z,False,
SE.SEC.NENR,HND,2014,48.0,World Bank API v2,2026-09-24T17:30:00Z,False,
SE.SEC.NENR,HND,2015,48.4,World Bank API v2,2026-09-24T17:30:00Z,False,
SE.SEC.NENR,HND,2016,48.9,World Bank API v2,2026-09-24T17:30:00Z,False,
SE.SEC.NENR,HND,2017,49.4,World Bank API v2,2026-09-24T17:30:00Z,False,
SE.SEC.NENR,HND,2018,49.9,World Bank API v2,2026-09-24T17:30:00Z,False,
SE.SEC.NENR,HND,2019,50.4,World Bank API v2,2026-09-24T17:30:00Z,False,
SE.SEC.NENR,HND,2020,50.9,World Bank API v2,2026-09-24T17:30:00Z,False,
SE.SEC.NENR,HND,2021,51.5,World Bank API v2,2026-09-24T17:30:00Z,False,
SE.SEC.NENR,HND,2022,52.0,World Bank API v2,2026-09-24T17:30:00Z,False,
SE.SEC.NENR,HND,2023,52.5,World Bank API v2,2026-09-24T17:30:00Z,False,
SE.SEC.NENR,HND,2024,52.9,World Bank API v2,2026-09-24T17:30:00Z,False,
SE.SEC.NENR,HTI,2010,42.0,World Bank API v2,2026-09-24T17:30:00Z,False,
SE.SEC.NENR,HTI,2011,42.5,World Bank API v2,2026-09-24T17:30:00Z,False,
SE.SEC.NENR,HTI,2012,43.0,World Bank API v2,2026-09-24T17:30:00Z,False,
SE.SEC.NENR,HTI,2013,43.5,World Bank API v2,2026-09-24T17:30:00Z,False,
SE.SEC.NENR,HTI,2014,44.0,World Bank API v2,2026-09-24T17:30:00Z,False,
SE.SEC.NENR,HTI,2015,44.4,World Bank API v2,2026-09-24T17:30:00Z,False,
SE.SEC.NENR,HTI,2016,44.8,World Bank API v2,2026-09-24T17:30:00Z,False,
SE.SEC.NENR,HTI,2017,45.2,World Bank API v2,2026-09-24T17:30:00Z,False,
SE.SEC.NENR,HTI,2018,45.7,World Bank API v2,2026-09-24T17:30:00Z,False,
SE.SEC.NENR,HTI,2019,46.1,World Bank API v2,2026-09-24T17:30:00Z,False,
SE.SEC.NENR,HTI,2020,46.5,World Bank API v2,2026-09-24T17:30:00Z,False,
SE.SEC.NENR,HTI,2021,47.0,World Bank API v2,2026-09-24T17:30:00Z,False,
SE.SEC.NENR,HTI,2022,47.5,World Bank API v2,2026-09-24T17:30:00Z,False,
SE.SEC.NENR,HTI,2023,48.0,World Bank API v2,2026-09-24T17:30:00Z,False,
SE.SEC.NENR,HTI,2024,48.5,World Bank API v2,2026-09-24T17:30:00Z,False,
SE.SEC.NENR,LATAM_AVG,2010,69.3,Promedio simple LATAM (n=20/20 países),2026-09-24T17:00:00Z,False,20
SE.SEC.NENR,LATAM_AVG,2011,69.9,Promedio simple LATAM (n=20/20 países),2026-09-24T17:00:00Z,False,20
SE.SEC.NENR,LATAM_AVG,2012,70.4,Promedio simple LATAM (n=20/20 países),2026-09-24T17:00:00Z,False,20
SE.SEC.NENR,LATAM_AVG,2013,71.0,Promedio simple LATAM (n=20/20 países),2026-09-24T17:00:00Z,False,20
SE.SEC.NENR,LATAM_AVG,2014,71.5,Promedio simple LATAM (n=20/20 países),2026-09-24T17:00:00Z,False,20
SE.SEC.NENR,LATAM_AVG,2015,72.0,Promedio simple LATAM (n=20/20 países),2026-09-24T17:00:00Z,False,20
SE.SEC.NENR,LATAM_AVG,2016,72.5,Promedio simple LATAM (n=20/20 países),2026-09-24T17:00:00Z,False,20
SE.SEC.NENR,LATAM_AVG,2017,73.0,Promedio simple LATAM (n=20/20 países),2026-09-24T17:00:00Z,False,20
SE.SEC.NENR,LATAM_AVG,2018,73.6,Promedio simple LATAM (n=20/20 países),2026-09-24T17:00:00Z,False,20
SE.SEC.NENR,LATAM_AVG,2019,74.1,Promedio simple LATAM (n=20/20 países),2026-09-24T17:00:00Z,False,20
SE.SEC.NENR,LATAM_AVG,2020,74.6,Promedio simple LATAM (n=20/20 países),2026-09-24T17:00:00Z,False,20
SE.SEC.NENR,LATAM_AVG,2021,75.1,Promedio simple LATAM (n=20/20 países),2026-09-24T17:00:00Z,False,20
SE.SEC.NENR,LATAM_AVG,2022,75.7,Promedio simple LATAM (n=20/20 países),2026-09-24T17:00:00Z,False,20
SE.SEC.NENR,LATAM_AVG,2023,76.2,Promedio simple LATAM (n=20/20 países),2026-09-24T17:00:00Z,False,20
SE.SEC.NENR,LATAM_AVG,2024,76.8,Promedio simple LATAM (n=20/20 países),2026-09-24T17:00:00Z,False,20
SE.SEC.NENR,LCN,2010,74.4,World Bank API v2,2026-09-24T17:30:00Z,False,
SE.SEC.NENR,LCN,2011,74.9,World Bank API v2,2026-09-24T17:30:00Z,False,
SE.SEC.NENR,LCN,2012,75.5,World Bank API v2,2026-09-24T17:30:00Z,False,
SE.SEC.NENR,LCN,2013,76.1,World Bank API v2,2026-09-24T17:30:00Z,False,
SE.SEC.NENR,LCN,2014,76.7,World Bank API v2,2026-09-24T17:30:00Z,False,
SE.SEC.NENR,LCN,2015,77.3,World Bank API v2,2026-09-24T17:30:00Z,False,
SE.SEC.NENR,LCN,2016,77.9,World Bank API v2,2026-09-24T17:30:00Z,False,
SE.SEC.NENR,LCN,2017,78.6,World Bank API v2,2026-09-24T17:30:00Z,False,
SE.SEC.NENR,LCN,2018,79.2,World Bank API v2,2026-09-24T17:30:00Z,False,
SE.SEC.NENR,LCN,2019,79.7,World Bank API v2,2026-09-24T17:30:00Z,False,
SE.SEC.NENR,LCN,2020,80.3,World Bank API v2,2026-09-24T17:30:00Z,False,
SE.SEC.NENR,LCN,2021,80.8,World Bank API v2,2026-09-24T17:30:00Z,False,
SE.SEC.NENR,LCN,2022,81.3,World Bank API v2,2026-09-24T17:30:00Z,False,
SE.SEC.NENR,LCN,2023,81.8,World Bank API v2,2026-09-24T17:30:00Z,False,
SE.SEC.NENR,LCN,2024,82.3,World Bank API v2,2026-09-24T17:30:00Z,False,
SE.SEC.NENR,MEX,2010,72.7,World Bank API v2,2026-09-24T17:30:00Z,False,
SE.SEC.NENR,MEX,2011,73.3,World Bank API v2,2026-09-24T17:30:00Z,False,
SE.SEC.NENR,MEX,2012,74.0,World Bank API v2,2026-09-24T17:30:00Z,False,
SE.SEC.NENR,MEX,2013,74.7,World Bank API v2,2026-09-24T17:30:00Z,False,
SE.SEC.NENR,MEX,2014,75.5,World Bank API v2,2026-09-24T17:30:00Z,False,
SE.SEC.NENR,MEX,2015,76.3,World Bank API v2,2026-09-24T17:30:00Z,False,
SE.SEC.NENR,MEX,2016,77.1,World Bank API v2,2026-09-24T17:30:00Z,False,
SE.SEC.NENR,MEX,2017,77.8,World Bank API v2,2026-09-24T17:30:00Z,False,
SE.SEC.NENR,MEX,2018,78.6,World Bank API v2,2026-09-24T17:30:00Z,False,
SE.SEC.NENR,MEX,2019,79.3,World Bank API v2,2026-09-24T17:30:00Z,False,
SE.SEC.NENR,MEX,2020,80.0,World Bank API v2,2026-09-24T17:30:00Z,False,
SE.SEC.NENR,MEX,2021,80.6,World Bank API v2,2026-09-24T17:30:00Z,False,
SE.SEC.NENR,MEX,2022,81.2,World Bank API v2,2026-09-24T17:30:00Z,False,
SE.SEC.NENR,MEX,2023,81.8,World Bank API v2,2026-09-24T17:30:00Z,False,
SE.SEC.NENR,MEX,2024,82.5,World Bank API v2,2026-09-24T17:30:00Z,False,
SE.SEC.NENR,NIC,2010,54.0,World Bank API v2,2026-09-24T17:30:00Z,False,
SE.SEC.NENR,NIC,2011,54.7,World Bank API v2,2026-09-24T17:30:00Z,False,
SE.SEC.NENR,NIC,2012,55.3,World Bank API v2,2026-09-24T17:30:00Z,False,
SE.SEC.NENR,NIC,2013,56.0,World Bank API v2,2026-09-24T17:30:00Z,False,
SE.SEC.NENR,NIC,2014,56.6,World Bank API v2,2026-09-24T17:30:00Z,False,
SE.SEC.NENR,NIC,2015,57.3,World Bank API v2,2026-09-24T17:30:00Z,False,
SE.SEC.NENR,NIC,2016,57.9,World Bank API v2,2026-09-24T17:30:00Z,False,
SE.SEC.NENR,NIC,2017,58.5,World Bank API v2,2026-09-24T17:30:00Z,False,
SE.SEC.NENR,NIC,2018,59.0,World Bank API v2,2026-09-24T17:30:00Z,False,
SE.SEC.NENR,NIC,2019,59.5,World Bank API v2,2026-09-24T17:30:00Z,False,
SE.SEC.NENR,NIC,2020,60.0,World Bank API v2,2026-09-24T17:30:00Z,False,
SE.SEC.NENR,NIC,2021,60.6,World Bank API v2,2026-09-24T17:30:00Z,False,
SE.SEC.NENR,NIC,2022,61.1,World Bank API v2,2026-09-24T17:30:00Z,False,
SE.SEC.NENR,NIC,2023,61.7,World Bank API v2,2026-09-24T17:30:00Z,False,
SE.SEC.NENR,NIC,2024,62.2,World Bank API v2,2026-09-24T17:30:00Z,False,
SE.SEC.NENR,OED,2010,90.1,World Bank API v2,2026-09-24T17:30:00Z,False,
SE.SEC.NENR,OED,2011,90.4,World Bank API v2,2026-09-24T17:30:00Z,False,
SE.SEC.NENR,OED,2012,90.7,World Bank API v2,2026-09-24T17:30:00Z,False,
SE.SEC.NENR,OED,2013,91.0,World Bank API v2,2026-09-24T17:30:00Z,False,
SE.SEC.NENR,OED,2014,91.4,World Bank API v2,2026-09-24T17:30:00Z,False,
SE.SEC.NENR,OED,2015,91.7,World Bank API v2,2026-09-24T17:30:00Z,False,
SE.SEC.NENR,OED,2016,92.0,World Bank API v2,2026-09-24T17:30:00Z,False,
SE.SEC.NENR,OED,2017,92.2,World Bank API v2,2026-09-24T17:30:00Z,False,
SE.SEC.NENR,OED,2018,92.5,World Bank API v2,2026-09-24T17:30:00Z,False,
SE.SEC.NENR,OED,2019,92.7,World Bank API v2,2026-09-24T17:30:00Z,False,
SE.SEC.NENR,OED,2020,93.0,World Bank API v2,2026-09-24T17:30:00Z,False,
SE.SEC.NENR,OED,2021,93.2,World Bank API v2,2026-09-24T17:30:00Z,False,
SE.SEC.NENR,OED,2022,93.5,World Bank API v2,2026-09-24T17:30:00Z,False,
SE.SEC.NENR,OED,2023,93.7,World Bank API v2,2026-09-24T17:30:00Z,False,
SE.SEC.NENR,OED,2024,94.0,World Bank API v2,2026-09-24T17:30:00Z,False,
SE.SEC.NENR,PAN,2010,69.4,World Bank API v2,2026-09-24T17:30:00Z,False,
SE.SEC.NENR,PAN,2011,70.2,World Bank API v2,2026-09-24T17:30:00Z,False,
SE.SEC.NENR,PAN,2012,71.0,World Bank API v2,2026-09-24T17:30:00Z,False,
SE.SEC.NENR,PAN,2013,71.8,World Bank API v2,2026-09-24T17:30:00Z,False,
SE.SEC.NENR,PAN,2014,72.5,World Bank API v2,2026-09-24T17:30:00Z,False,
SE.SEC.NENR,PAN,2015,73.2,World Bank API v2,2026-09-24T17:30:00Z,False,
SE.SEC.NENR,PAN,2016,73.9,World Bank API v2,2026-09-24T17:30:00Z,False,
SE.SEC.NENR,PAN,2017,74.5,World Bank API v2,2026-09-24T17:30:00Z,False,
SE.SEC.NENR,PAN,2018,75.1,World Bank API v2,2026-09-24T17:30:00Z,False,
SE.SEC.NENR,PAN,2019,75.8,World Bank API v2,2026-09-24T17:30:00Z,False,
SE.SEC.NENR,PAN,2020,76.4,World Bank API v2,2026-09-24T17:30:00Z,False,
SE.SEC.NENR,PAN,2021,77.1,World Bank API v2,2026-09-24T17:30:00Z,False,
SE.SEC.NENR,PAN,2022,77.8,World Bank API v2,2026-09-24T17:30:00Z,False,
SE.SEC.NENR,PAN,2023,78.6,World Bank API v2,2026-09-24T17:30:00Z,False,
SE.SEC.NENR,PAN,2024,79.3,World Bank API v2,2026-09-24T17:30:00Z,False,
SE.SEC.NENR,PER,2010,78.5,World Bank API v2,2026-09-24T17:30:00Z,False,
SE.SEC.NENR,PER,2011,79.3,World Bank API v2,2026-09-24T17:30:00Z,False,
SE.SEC.NENR,PER,2012,80.0,World Bank API v2,2026-09-24T17:30:00Z,False,
SE.SEC.NENR,PER,2013,80.8,World Bank API v2,2026-09-24T17:30:00Z,False,
SE.SEC.NENR,PER,2014,81.5,World Bank API v2,2026-09-24T17:30:00Z,False,
SE.SEC.NENR,PER,2015,82.1,World Bank API v2,2026-09-24T17:30:00Z,False,
SE.SEC.NENR,PER,2016,82.7,World Bank API v2,2026-09-24T17:30:00Z,False,
SE.SEC.NENR,PER,2017,83.3,World Bank API v2,2026-09-24T17:30:00Z,False,
SE.SEC.NENR,PER,2018,84.0,World Bank API v2,2026-09-24T17:30:00Z,False,
SE.SEC.NENR,PER,2019,84.6,World Bank API v2,2026-09-24T17:30:00Z,False,
SE.SEC.NENR,PER,2020,85.2,World Bank API v2,2026-09-24T17:30:00Z,False,
SE.SEC.NENR,PER,2021,85.9,World Bank API v2,2026-09-24T17:30:00Z,False,
SE.SEC.NENR,PER,2022,86.7,World Bank API v2,2026-09-24T17:30:00Z,False,
SE.SEC.NENR,PER,2023,87.4,World Bank API v2,2026-09-24T17:30:00Z,False,
SE.SEC.NENR,PER,2024,88.2,World Bank API v2,2026-09-24T17:30:00Z,False,
SE.SEC.NENR,PRY,2010,66.4,World Bank API v2,2026-09-24T17:30:00Z,False,
SE.SEC.NENR,PRY,2011,67.1,World Bank API v2,2026-09-24T17:30:00Z,False,
SE.SEC.NENR,PRY,2012,67.8,World Bank API v2,2026-09-24T17:30:00Z,False,
SE.SEC.NENR,PRY,2013,68.4,World Bank API v2,2026-09-24T17:30:00Z,False,
SE.SEC.NENR,PRY,2014,69.1,World Bank API v2,2026-09-24T17:30:00Z,False,
SE.SEC.NENR,PRY,2015,69.7,World Bank API v2,2026-09-24T17:30:00Z,False,
SE.SEC.NENR,PRY,2016,70.3,World Bank API v2,2026-09-24T17:30:00Z,False,
SE.SEC.NENR,PRY,2017,70.8,World Bank API v2,2026-09-24T17:30:00Z,False,
SE.SEC.NENR,PRY,2018,71.4,World Bank API v2,2026-09-24T17:30:00Z,False,
SE.SEC.NENR,PRY,2019,72.0,World Bank API v2,2026-09-24T17:30:00Z,False,
SE.SEC.NENR,PRY,2020,72.5,World Bank API v2,2026-09-24T17:30:00Z,False,
SE.SEC.NENR,PRY,2021,73.1,World Bank API v2,2026-09-24T17:30:00Z,False,
SE.SEC.NENR,PRY,2022,73.8,World Bank API v2,2026-09-24T17:30:00Z,False,
SE.SEC.NENR,PRY,2023,74.5,World Bank API v2,2026-09-24T17:30:00Z,False,
SE.SEC.NENR,PRY,2024,75.2,World Bank API v2,2026-09-24T17:30:00Z,False,
SE.SEC.NENR,SLV,2010,61.4,World Bank API v2,2026-09-24T17:30:00Z,False,
SE.SEC.NENR,SLV,2011,61.8,World Bank API v2,2026-09-24T17:30:00Z,False,
SE.SEC.NENR,SLV,2012,62.2,World Bank API v2,2026-09-24T17:30:00Z,False,
SE.SEC.NENR,SLV,2013,62.6,World Bank API v2,2026-09-24T17:30:00Z,False,
SE.SEC.NENR,SLV,2014,63.1,World Bank API v2,2026-09-24T17:30:00Z,False,
SE.SEC.NENR,SLV,2015,63.6,World Bank API v2,2026-09-24T17:30:00Z,False,
SE.SEC.NENR,SLV,2016,64.1,World Bank API v2,2026-09-24T17:30:00Z,False,
SE.SEC.NENR,SLV,2017,64.6,World Bank API v2,2026-09-24T17:30:00Z,False,
SE.SEC.NENR,SLV,2018,65.1,World Bank API v2,2026-09-24T17:30:00Z,False,
SE.SEC.NENR,SLV,2019,65.6,World Bank API v2,2026-09-24T17:30:00Z,False,
SE.SEC.NENR,SLV,2020,66.1,World Bank API v2,2026-09-24T17:30:00Z,False,
SE.SEC.NENR,SLV,2021,66.6,World Bank API v2,2026-09-24T17:30:00Z,False,
SE.SEC.NENR,SLV,2022,67.0,World Bank API v2,2026-09-24T17:30:00Z,False,
SE.SEC.NENR,SLV,2023,67.4,World Bank API v2,2026-09-24T17:30:00Z,False,
SE.SEC.NENR,SLV,2024,67.8,World Bank API v2,2026-09-24T17:30:00Z,False,
SE.SEC.NENR,URY,2010,77.0,World Bank API v2,2026-09-24T17:30:00Z,False,
SE.SEC.NENR,URY,2011,77.9,World Bank API v2,2026-09-24T17:30:00Z,False,
SE.SEC.NENR,URY,2012,78.8,World Bank API v2,2026-09-24T17:30:00Z,False,
SE.SEC.NENR,URY,2013,79.7,World Bank API v2,2026-09-24T17:30:00Z,False,
SE.SEC.NENR,URY,2014,80.5,World Bank API v2,2026-09-24T17:30:00Z,False,
SE.SEC.NENR,URY,2015,81.3,World Bank API v2,2026-09-24T17:30:00Z,False,
SE.SEC.NENR,URY,2016,82.1,World Bank API v2,2026-09-24T17:30:00Z,False,
SE.SEC.NENR,URY,2017,82.9,World Bank API v2,2026-09-24T17:30:00Z,False,
SE.SEC.NENR,URY,2018,83.8,World Bank API v2,2026-09-24T17:30:00Z,False,
SE.SEC.NENR,URY,2019,84.7,World Bank API v2,2026-09-24T17:30:00Z,False,
SE.SEC.NENR,URY,2020,85.6,World Bank API v2,2026-09-24T17:30:00Z,False,
SE.SEC.NENR,URY,2021,86.6,World Bank API v2,2026-09-24T17:30:00Z,False,
SE.SEC.NENR,URY,2022,87.6,World Bank API v2,2026-09-24T17:30:00Z,False,
SE.SEC.NENR,URY,2023,88.6,World Bank API v2,2026-09-24T17:30:00Z,False,
SE.SEC.NENR,URY,2024,89.6,World Bank API v2,2026-09-24T17:30:00Z,False,
SE.SEC.NENR,VEN,2010,71.5,World Bank API v2,2026-09-24T17:30:00Z,False,
SE.SEC.NENR,VEN,2011,71.2,World Bank API v2,2026-09-24T17:30:00Z,False,
SE.SEC.NENR,VEN,2012,71.0,World Bank API v2,2026-09-24T17:30:00Z,False,
SE.SEC.NENR,VEN,2013,70.8,World Bank API v2,2026-09-24T17:30:00Z,False,
SE.SEC.NENR,VEN,2014,70.6,World Bank API v2,2026-09-24T17:30:00Z,False,
SE.SEC.NENR,VEN,2015,70.4,World Bank API v2,2026-09-24T17:30:00Z,False,
SE.SEC.NENR,VEN,2016,70.1,World Bank API v2,2026-09-24T17:30:00Z,False,
SE.SEC.NENR,VEN,2017,69.9,World Bank API v2,2026-09-24T17:30:00Z,False,
SE.SEC.NENR,VEN,2018,69.6,World Bank API v2,2026-09-24T17:30:00Z,False,
SE.SEC.NENR,VEN,2019,69.4,World Bank API v2,2026-09-24T17:30:00Z,False,
SE.SEC.NENR,VEN,2020,69.1,World Bank API v2,2026-09-24T17:30:00Z,False,
SE.SEC.NENR,VEN,2021,68.9,World Bank API v2,2026-09-24T17:30:00Z,False,
SE.SEC.NENR,VEN,2022,68.6,World Bank API v2,2026-09-24T17:30:00Z,False,
SE.SEC.NENR,VEN,2023,68.4,World Bank API v2,2026-09-24T17:30:00Z,False,
SE.SEC.NENR,VEN,2024,68.2,World Bank API v2,2026-09-24T17:30:00Z,False,
SE.SEC.NENR,WLD,2010,66.2,World Bank API v2,2026-09-24T17:30:00Z,False,
SE.SEC.NENR,WLD,2011,66.6,World Bank API v2,2026-09-24T17:30:00Z,False,
SE.SEC.NENR,WLD,2012,67.0,World Bank API v2,2026-09-24T17:30:00Z,False,
SE.SEC.NENR,WLD,2013,67.5,World Bank API v2,2026-09-24T17:30:00Z,False,
SE.SEC.NENR,WLD,2014,67.9,World Bank API v2,2026-09-24T17:30:00Z,False,
SE.SEC.NENR,WLD,2015,68.4,World Bank API v2,2026-09-24T17:30:00Z,False,
SE.SEC.NENR,WLD,2016,69.0,World Bank API v2,2026-09-24T17:30:00Z,False,
SE.SEC.NENR,WLD,2017,69.5,World Bank API v2,2026-09-24T17:30:00Z,False,
SE.SEC.NENR,WLD,2018,70.0,World Bank API v2,2026-09-24T17:30:00Z,False,
SE.SEC.NENR,WLD,2019,70.5,World Bank API v2,2026-09-24T17:30:00Z,False,
SE.SEC.NENR,WLD,2020,71.0,World Bank API v2,2026-09-24T17:30:00Z,False,
SE.SEC.NENR,WLD,2021,71.5,World Bank API v2,2026-09-24T17:30:00Z,False,
SE.SEC.NENR,WLD,2022,72.0,World Bank API v2,2026-09-24T17:30:00Z,False,
SE.SEC.NENR,WLD,2023,72.4,World Bank API v2,2026-09-24T17:30:00Z,False,
SE.SEC.NENR,WLD,2024,72.8,World Bank API v2,2026-09-24T17:30:00Z,False,
SH.XPD.CHEX.PP.CD,ARG,2010,1664.0,World Bank API v2,2026-09-24T17:30:00Z,False,
SH.XPD.CHEX.PP.CD,ARG,2011,1719.0,World Bank API v2,2026-09-24T17:30:00Z,False,
SH.XPD.CHEX.PP.CD,ARG,2012,1772.0,World Bank API v2,2026-09-24T17:30:00Z,False,
SH.XPD.CHEX.PP.CD,ARG,2013,1825.0,World Bank API v2,2026-09-24T17:30:00Z,False,
SH.XPD.CHEX.PP.CD,ARG,2014,1878.0,World Bank API v2,2026-09-24T17:30:00Z,False,
SH.XPD.CHEX.PP.CD,ARG,2015,1933.0,World Bank API v2,2026-09-24T17:30:00Z,False,
SH.XPD.CHEX.PP.CD,ARG,2016,1991.0,World Bank API v2,2026-09-24T17:30:00Z,False,
SH.XPD.CHEX.PP.CD,ARG,2017,2051.0,World Bank API v2,2026-09-24T17:30:00Z,False,
SH.XPD.CHEX.PP.CD,ARG,2018,2115.0,World Bank API v2,2026-09-24T17:30:00Z,False,
SH.XPD.CHEX.PP.CD,ARG,2019,2180.0,World Bank API v2,2026-09-24T17:30:00Z,False,
SH.XPD.CHEX.PP.CD,ARG,2020,2246.0,World Bank API v2,2026-09-24T17:30:00Z,False,
SH.XPD.CHEX.PP.CD,ARG,2021,2311.0,World Bank API v2,2026-09-24T17:30:00Z,False,
SH.XPD.CHEX.PP.CD,ARG,2022,2375.0,World Bank API v2,2026-09-24T17:30:00Z,False,
SH.XPD.CHEX.PP.CD,ARG,2023,2436.0,World Bank API v2,2026-09-24T17:30:00Z,False,
SH.XPD.CHEX.PP.CD,ARG,2024,2494.0,World Bank API v2,2026-09-24T17:30:00Z,False,
SH.XPD.CHEX.PP.CD,BOL,2010,345.0,World Bank API v2,2026-09-24T17:30:00Z,False,
SH.XPD.CHEX.PP.CD,BOL,2011,371.0,World Bank API v2,2026-09-24T17:30:00Z,False,
SH.XPD.CHEX.PP.CD,BOL,2012,396.0,World Bank API v2,2026-09-24T17:30:00Z,False,
SH.XPD.CHEX.PP.CD,BOL,2013,420.0,World Bank API v2,2026-09-24T17:30:00Z,False,
SH.XPD.CHEX.PP.CD,BOL,2014,442.0,World Bank API v2,2026-09-24T17:30:00Z,False,
SH.XPD.CHEX.PP.CD,BOL,2015,464.0,World Bank API v2,2026-09-24T17:30:00Z,False,
SH.XPD.CHEX.PP.CD,BOL,2016,487.0,World Bank API v2,2026-09-24T17:30:00Z,False,
SH.XPD.CHEX.PP.CD,BOL,2017,510.0,World Bank API v2,2026-09-24T17:30:00Z,False,
SH.XPD.CHEX.PP.CD,BOL,2018,534.0,World Bank API v2,2026-09-24T17:30:00Z,False,
SH.XPD.CHEX.PP.CD,BOL,2019,559.0,World Bank API v2,2026-09-24T17:30:00Z,False,
SH.XPD.CHEX.PP.CD,BOL,2020,585.0,World Bank API v2,2026-09-24T17:30:00Z,False,
SH.XPD.CHEX.PP.CD,BOL,2021,613.0,World Bank API v2,2026-09-24T17:30:00Z,False,
SH.XPD.CHEX.PP.CD,BOL,2022,641.0,World Bank API v2,2026-09-24T17:30:00Z,False,
SH.XPD.CHEX.PP.CD,BOL,2023,668.0,World Bank API v2,2026-09-24T17:30:00Z,False,
SH.XPD.CHEX.PP.CD,BOL,2024,695.0,World Bank API v2,2026-09-24T17:30:00Z,False,
SH.XPD.CHEX.PP.CD,BRA,2010,1201.0,World Bank API v2,2026-09-24T17:30:00Z,False,
SH.XPD.CHEX.PP.CD,BRA,2011,1247.0,World Bank API v2,2026-09-24T17:30:00Z,False,
SH.XPD.CHEX.PP.CD,BRA,2012,1295.0,World Bank API v2,2026-09-24T17:30:00Z,False,
SH.XPD.CHEX.PP.CD,BRA,2013,1346.0,World Bank API v2,2026-09-24T17:30:00Z,False,
SH.XPD.CHEX.PP.CD,BRA,2014,1399.0,World Bank API v2,2026-09-24T17:30:00Z,False,
SH.XPD.CHEX.PP.CD,BRA,2015,1452.0,World Bank API v2,2026-09-24T17:30:00Z,False,
SH.XPD.CHEX.PP.CD,BRA,2016,1506.0,World Bank API v2,2026-09-24T17:30:00Z,False,
SH.XPD.CHEX.PP.CD,BRA,2017,1559.0,World Bank API v2,2026-09-24T17:30:00Z,False,
SH.XPD.CHEX.PP.CD,BRA,2018,1610.0,World Bank API v2,2026-09-24T17:30:00Z,False,
SH.XPD.CHEX.PP.CD,BRA,2019,1659.0,World Bank API v2,2026-09-24T17:30:00Z,False,
SH.XPD.CHEX.PP.CD,BRA,2020,1706.0,World Bank API v2,2026-09-24T17:30:00Z,False,
SH.XPD.CHEX.PP.CD,BRA,2021,1750.0,World Bank API v2,2026-09-24T17:30:00Z,False,
SH.XPD.CHEX.PP.CD,BRA,2022,1793.0,World Bank API v2,2026-09-24T17:30:00Z,False,
SH.XPD.CHEX.PP.CD,BRA,2023,1837.0,World Bank API v2,2026-09-24T17:30:00Z,False,
SH.XPD.CHEX.PP.CD,BRA,2024,1881.0,World Bank API v2,2026-09-24T17:30:00Z,False,
SH.XPD.CHEX.PP.CD,CHL,2010,1394.0,World Bank API v2,2026-09-24T17:30:00Z,False,
SH.XPD.CHEX.PP.CD,CHL,2011,1508.0,World Bank API v2,2026-09-24T17:30:00Z,False,
SH.XPD.CHEX.PP.CD,CHL,2012,1627.0,World Bank API v2,2026-09-24T17:30:00Z,False,
SH.XPD.CHEX.PP.CD,CHL,2013,1747.0,World Bank API v2,2026-09-24T17:30:00Z,False,
SH.XPD.CHEX.PP.CD,CHL,2014,1868.0,World Bank API v2,2026-09-24T17:30:00Z,False,
SH.XPD.CHEX.PP.CD,CHL,2015,1985.0,World Bank API v2,2026-09-24T17:30:00Z,False,
SH.XPD.CHEX.PP.CD,CHL,2016,2098.0,World Bank API v2,2026-09-24T17:30:00Z,False,
SH.XPD.CHEX.PP.CD,CHL,2017,2206.0,World Bank API v2,2026-09-24T17:30:00Z,False,
SH.XPD.CHEX.PP.CD,CHL,2018,2309.0,World Bank API v2,2026-09-24T17:30:00Z,False,
SH.XPD.CHEX.PP.CD,CHL,2019,2407.0,World Bank API v2,2026-09-24T17:30:00Z,False,
SH.XPD.CHEX.PP.CD,CHL,2020,2504.0,World Bank API v2,2026-09-24T17:30:00Z,False,
SH.XPD.CHEX.PP.CD,CHL,2021,2601.0,World Bank API v2,2026-09-24T17:30:00Z,False,
SH.XPD.CHEX.PP.CD,CHL,2022,2700.0,World Bank API v2,2026-09-24T17:30:00Z,False,
SH.XPD.CHEX.PP.CD,CHL,2023,2804.0,World Bank API v2,2026-09-24T17:30:00Z,False,
SH.XPD.CHEX.PP.CD,CHL,2024,2914.0,World Bank API v2,2026-09-24T17:30:00Z,False,
SH.XPD.CHEX.PP.CD,COL,2010,876.0,World Bank API v2,2026-09-24T17:30:00Z,False,
SH.XPD.CHEX.PP.CD,COL,2011,936.0,World Bank API v2,2026-09-24T17:30:00Z,False,
SH.XPD.CHEX.PP.CD,COL,2012,998.0,World Bank API v2,2026-09-24T17:30:00Z,False,
SH.XPD.CHEX.PP.CD,COL,2013,1060.0,World Bank API v2,2026-09-24T17:30:00Z,False,
SH.XPD.CHEX.PP.CD,COL,2014,1123.0,World Bank API v2,2026-09-24T17:30:00Z,False,
SH.XPD.CHEX.PP.CD,COL,2015,1184.0,World Bank API v2,2026-09-24T17:30:00Z,False,
SH.XPD.CHEX.PP.CD,COL,2016,1243.0,World Bank API v2,2026-09-24T17:30:00Z,False,
SH.XPD.CHEX.PP.CD,COL,2017,1299.0,World Bank API v2,2026-09-24T17:30:00Z,False,
SH.XPD.CHEX.PP.CD,COL,2018,1352.0,World Bank API v2,2026-09-24T17:30:00Z,False,
SH.XPD.CHEX.PP.CD,COL,2019,1403.0,World Bank API v2,2026-09-24T17:30:00Z,False,
SH.XPD.CHEX.PP.CD,COL,2020,1453.0,World Bank API v2,2026-09-24T17:30:00Z,False,
SH.XPD.CHEX.PP.CD,COL,2021,1504.0,World Bank API v2,2026-09-24T17:30:00Z,False,
SH.XPD.CHEX.PP.CD,COL,2022,1555.0,World Bank API v2,2026-09-24T17:30:00Z,False,
SH.XPD.CHEX.PP.CD,COL,2023,1610.0,World Bank API v2,2026-09-24T17:30:00Z,False,
SH.XPD.CHEX.PP.CD,COL,2024,1666.0,World Bank API v2,2026-09-24T17:30:00Z,False,
SH.XPD.CHEX.PP.CD,CRI,2010,1268.0,World Bank API v2,2026-09-24T17:30:00Z,False,
SH.XPD.CHEX.PP.CD,CRI,2011,1329.0,World Bank API v2,2026-09-24T17:30:00Z,False,
SH.XPD.CHEX.PP.CD,CRI,2012,1394.0,World Bank API v2,2026-09-24T17:30:00Z,False,
SH.XPD.CHEX.PP.CD,CRI,2013,1462.0,World Bank API v2,2026-09-24T17:30:00Z,False,
SH.XPD.CHEX.PP.CD,CRI,2014,1532.0,World Bank API v2,2026-09-24T17:30:00Z,False,
SH.XPD.CHEX.PP.CD,CRI,2015,1604.0,World Bank API v2,2026-09-24T17:30:00Z,False,
SH.XPD.CHEX.PP.CD,CRI,2016,1677.0,World Bank API v2,2026-09-24T17:30:00Z,False,
SH.XPD.CHEX.PP.CD,CRI,2017,1747.0,World Bank API v2,2026-09-24T17:30:00Z,False,
SH.XPD.CHEX.PP.CD,CRI,2018,1816.0,World Bank API v2,2026-09-24T17:30:00Z,False,
SH.XPD.CHEX.PP.CD,CRI,2019,1881.0,World Bank API v2,2026-09-24T17:30:00Z,False,
SH.XPD.CHEX.PP.CD,CRI,2020,1943.0,World Bank API v2,2026-09-24T17:30:00Z,False,
SH.XPD.CHEX.PP.CD,CRI,2021,2003.0,World Bank API v2,2026-09-24T17:30:00Z,False,
SH.XPD.CHEX.PP.CD,CRI,2022,2061.0,World Bank API v2,2026-09-24T17:30:00Z,False,
SH.XPD.CHEX.PP.CD,CRI,2023,2118.0,World Bank API v2,2026-09-24T17:30:00Z,False,
SH.XPD.CHEX.PP.CD,CRI,2024,2178.0,World Bank API v2,2026-09-24T17:30:00Z,False,
SH.XPD.CHEX.PP.CD,CUB,2010,1522.0,World Bank API v2,2026-09-24T17:30:00Z,False,
SH.XPD.CHEX.PP.CD,CUB,2011,1568.0,World Bank API v2,2026-09-24T17:30:00Z,False,
SH.XPD.CHEX.PP.CD,CUB,2012,1614.0,World Bank API v2,2026-09-24T17:30:00Z,False,
SH.XPD.CHEX.PP.CD,CUB,2013,1662.0,World Bank API v2,2026-09-24T17:30:00Z,False,
SH.XPD.CHEX.PP.CD,CUB,2014,1713.0,World Bank API v2,2026-09-24T17:30:00Z,False,
SH.XPD.CHEX.PP.CD,CUB,2015,1766.0,World Bank API v2,2026-09-24T17:30:00Z,False,
SH.XPD.CHEX.PP.CD,CUB,2016,1821.0,World Bank API v2,2026-09-24T17:30:00Z,False,
SH.XPD.CHEX.PP.CD,CUB,2017,1878.0,World Bank API v2,2026-09-24T17:30:00Z,False,
SH.XPD.CHEX.PP.CD,CUB,2018,1935.0,World Bank API v2,2026-09-24T17:30:00Z,False,
SH.XPD.CHEX.PP.CD,CUB,2019,1992.0,World Bank API v2,2026-09-24T17:30:00Z,False,
SH.XPD.CHEX.PP.CD,CUB,2020,2046.0,World Bank API v2,2026-09-24T17:30:00Z,False,
SH.XPD.CHEX.PP.CD,CUB,2021,2099.0,World Bank API v2,2026-09-24T17:30:00Z,False,
SH.XPD.CHEX.PP.CD,CUB,2022,2148.0,World Bank API v2,2026-09-24T17:30:00Z,False,
SH.XPD.CHEX.PP.CD,CUB,2023,2196.0,World Bank API v2,2026-09-24T17:30:00Z,False,
SH.XPD.CHEX.PP.CD,CUB,2024,2242.0,World Bank API v2,2026-09-24T17:30:00Z,False,
SH.XPD.CHEX.PP.CD,DOM,2010,620.0,World Bank API v2,2026-09-24T17:30:00Z,False,
SH.XPD.CHEX.PP.CD,DOM,2011,677.0,World Bank API v2,2026-09-24T17:30:00Z,False,
SH.XPD.CHEX.PP.CD,DOM,2012,733.0,World Bank API v2,2026-09-24T17:30:00Z,False,
SH.XPD.CHEX.PP.CD,DOM,2013,787.0,World Bank API v2,2026-09-24T17:30:00Z,False,
SH.XPD.CHEX.PP.CD,DOM,2014,838.0,World Bank API v2,2026-09-24T17:30:00Z,False,
SH.XPD.CHEX.PP.CD,DOM,2015,887.0,World Bank API v2,2026-09-24T17:30:00Z,False,
SH.XPD.CHEX.PP.CD,DOM,2016,934.0,World Bank API v2,2026-09-24T17:30:00Z,False,
SH.XPD.CHEX.PP.CD,DOM,2017,980.0,World Bank API v2,2026-09-24T17:30:00Z,False,
SH.XPD.CHEX.PP.CD,DOM,2018,1026.0,World Bank API v2,2026-09-24T17:30:00Z,False,
SH.XPD.CHEX.PP.CD,DOM,2019,1073.0,World Bank API v2,2026-09-24T17:30:00Z,False,
SH.XPD.CHEX.PP.CD,DOM,2020,1122.0,World Bank API v2,2026-09-24T17:30:00Z,False,
SH.XPD.CHEX.PP.CD,DOM,2021,1173.0,World Bank API v2,2026-09-24T17:30:00Z,False,
SH.XPD.CHEX.PP.CD,DOM,2022,1227.0,World Bank API v2,2026-09-24T17:30:00Z,False,
SH.XPD.CHEX.PP.CD,DOM,2023,1283.0,World Bank API v2,2026-09-24T17:30:00Z,False,
SH.XPD.CHEX.PP.CD,DOM,2024,1340.0,World Bank API v2,2026-09-24T17:30:00Z,False,
SH.XPD.CHEX.PP.CD,ECU,2010,680.0,World Bank API v2,2026-09-24T17:30:00Z,False,
SH.XPD.CHEX.PP.CD,ECU,2011,716.0,World Bank API v2,2026-09-24T17:30:00Z,False,
SH.XPD.CHEX.PP.CD,ECU,2012,752.0,World Bank API v2,2026-09-24T17:30:00Z,False,
SH.XPD.CHEX.PP.CD,ECU,2013,787.0,World Bank API v2,2026-09-24T17:30:00Z,False,
SH.XPD.CHEX.PP.CD,ECU,2014,820.0,World Bank API v2,2026-09-24T17:30:00Z,False,
SH.XPD.CHEX.PP.CD,ECU,2015,851.0,World Bank API v2,2026-09-24T17:30:00Z,False,
SH.XPD.CHEX.PP.CD,ECU,2016,881.0,World Bank API v2,2026-09-24T17:30:00Z,False,
SH.XPD.CHEX.PP.CD,ECU,2017,910.0,World Bank API v2,2026-09-24T17:30:00Z,False,
SH.XPD.CHEX.PP.CD,ECU,2018,939.0,World Bank API v2,2026-09-24T17:30:00Z,False,
SH.XPD.CHEX.PP.CD,ECU,2019,969.0,World Bank API v2,2026-09-24T17:30:00Z,False,
SH.XPD.CHEX.PP.CD,ECU,2020,1000.0,World Bank API v2,2026-09-24T17:30:00Z,False,
SH.XPD.CHEX.PP.CD,ECU,2021,1033.0,World Bank API v2,2026-09-24T17:30:00Z,False,
SH.XPD.CHEX.PP.CD,ECU,2022,1068.0,World Bank API v2,2026-09-24T17:30:00Z,False,
SH.XPD.CHEX.PP.CD,ECU,2023,1104.0,World Bank API v2,2026-09-24T17:30:00Z,False,
SH.XPD.CHEX.PP.CD,ECU,2024,1140.0,World Bank API v2,2026-09-24T17:30:00Z,False,
SH.XPD.CHEX.PP.CD,GTM,2010,451.0,World Bank API v2,2026-09-24T17:30:00Z,False,
SH.XPD.CHEX.PP.CD,GTM,2011,469.0,World Bank API v2,2026-09-24T17:30:00Z,False,
SH.XPD.CHEX.PP.CD,GTM,2012,488.0,World Bank API v2,2026-09-24T17:30:00Z,False,
SH.XPD.CHEX.PP.CD,GTM,2013,507.0,World Bank API v2,2026-09-24T17:30:00Z,False,
SH.XPD.CHEX.PP.CD,GTM,2014,528.0,World Bank API v2,2026-09-24T17:30:00Z,False,
SH.XPD.CHEX.PP.CD,GTM,2015,549.0,World Bank API v2,2026-09-24T17:30:00Z,False,
SH.XPD.CHEX.PP.CD,GTM,2016,571.0,World Bank API v2,2026-09-24T17:30:00Z,False,
SH.XPD.CHEX.PP.CD,GTM,2017,594.0,World Bank API v2,2026-09-24T17:30:00Z,False,
SH.XPD.CHEX.PP.CD,GTM,2018,617.0,World Bank API v2,2026-09-24T17:30:00Z,False,
SH.XPD.CHEX.PP.CD,GTM,2019,640.0,World Bank API v2,2026-09-24T17:30:00Z,False,
SH.XPD.CHEX.PP.CD,GTM,2020,662.0,World Bank API v2,2026-09-24T17:30:00Z,False,
SH.XPD.CHEX.PP.CD,GTM,2021,683.0,World Bank API v2,2026-09-24T17:30:00Z,False,
SH.XPD.CHEX.PP.CD,GTM,2022,703.0,World Bank API v2,2026-09-24T17:30:00Z,False,
SH.XPD.CHEX.PP.CD,GTM,2023,722.0,World Bank API v2,2026-09-24T17:30:00Z,False,
SH.XPD.CHEX.PP.CD,GTM,2024,741.0,World Bank API v2,2026-09-24T17:30:00Z,False,
SH.XPD.CHEX.PP.CD,HND,2010,360.0,World Bank API v2,2026-09-24T17:30:00Z,False,
SH.XPD.CHEX.PP.CD,HND,2011,377.0,World Bank API v2,2026-09-24T17:30:00Z,False,
SH.XPD.CHEX.PP.CD,HND,2012,395.0,World Bank API v2,2026-09-24T17:30:00Z,False,
SH.XPD.CHEX.PP.CD,HND,2013,411.0,World Bank API v2,2026-09-24T17:30:00Z,False,
SH.XPD.CHEX.PP.CD,HND,2014,427.0,World Bank API v2,2026-09-24T17:30:00Z,False,
SH.XPD.CHEX.PP.CD,HND,2015,442.0,World Bank API v2,2026-09-24T17:30:00Z,False,
SH.XPD.CHEX.PP.CD,HND,2016,456.0,World Bank API v2,2026-09-24T17:30:00Z,False,
SH.XPD.CHEX.PP.CD,HND,2017,470.0,World Bank API v2,2026-09-24T17:30:00Z,False,
SH.XPD.CHEX.PP.CD,HND,2018,484.0,World Bank API v2,2026-09-24T17:30:00Z,False,
SH.XPD.CHEX.PP.CD,HND,2019,498.0,World Bank API v2,2026-09-24T17:30:00Z,False,
SH.XPD.CHEX.PP.CD,HND,2020,513.0,World Bank API v2,2026-09-24T17:30:00Z,False,
SH.XPD.CHEX.PP.CD,HND,2021,529.0,World Bank API v2,2026-09-24T17:30:00Z,False,
SH.XPD.CHEX.PP.CD,HND,2022,545.0,World Bank API v2,2026-09-24T17:30:00Z,False,
SH.XPD.CHEX.PP.CD,HND,2023,563.0,World Bank API v2,2026-09-24T17:30:00Z,False,
SH.XPD.CHEX.PP.CD,HND,2024,580.0,World Bank API v2,2026-09-24T17:30:00Z,False,
SH.XPD.CHEX.PP.CD,HTI,2010,140.0,World Bank API v2,2026-09-24T17:30:00Z,False,
SH.XPD.CHEX.PP.CD,HTI,2011,141.0,World Bank API v2,2026-09-24T17:30:00Z,False,
SH.XPD.CHEX.PP.CD,HTI,2012,143.0,World Bank API v2,2026-09-24T17:30:00Z,False,
SH.XPD.CHEX.PP.CD,HTI,2013,145.0,World Bank API v2,2026-09-24T17:30:00Z,False,
SH.XPD.CHEX.PP.CD,HTI,2014,147.0,World Bank API v2,2026-09-24T17:30:00Z,False,
SH.XPD.CHEX.PP.CD,HTI,2015,149.0,World Bank API v2,2026-09-24T17:30:00Z,False,
SH.XPD.CHEX.PP.CD,HTI,2016,151.0,World Bank API v2,2026-09-24T17:30:00Z,False,
SH.XPD.CHEX.PP.CD,HTI,2017,153.0,World Bank API v2,2026-09-24T17:30:00Z,False,
SH.XPD.CHEX.PP.CD,HTI,2018,155.0,World Bank API v2,2026-09-24T17:30:00Z,False,
SH.XPD.CHEX.PP.CD,HTI,2019,156.0,World Bank API v2,2026-09-24T17:30:00Z,False,
SH.XPD.CHEX.PP.CD,HTI,2020,158.0,World Bank API v2,2026-09-24T17:30:00Z,False,
SH.XPD.CHEX.PP.CD,HTI,2021,159.0,World Bank API v2,2026-09-24T17:30:00Z,False,
SH.XPD.CHEX.PP.CD,HTI,2022,161.0,World Bank API v2,2026-09-24T17:30:00Z,False,
SH.XPD.CHEX.PP.CD,HTI,2023,163.0,World Bank API v2,2026-09-24T17:30:00Z,False,
SH.XPD.CHEX.PP.CD,HTI,2024,165.0,World Bank API v2,2026-09-24T17:30:00Z,False,
SH.XPD.CHEX.PP.CD,LATAM_AVG,2010,868.0,Promedio simple LATAM (n=20/20 países),2026-09-24T17:00:00Z,False,20
SH.XPD.CHEX.PP.CD,LATAM_AVG,2011,910.0,Promedio simple LATAM (n=20/20 países),2026-09-24T17:00:00Z,False,20
SH.XPD.CHEX.PP.CD,LATAM_AVG,2012,954.0,Promedio simple LATAM (n=20/20 países),2026-09-24T17:00:00Z,False,20
SH.XPD.CHEX.PP.CD,LATAM_AVG,2013,998.0,Promedio simple LATAM (n=20/20 países),2026-09-24T17:00:00Z,False,20
SH.XPD.CHEX.PP.CD,LATAM_AVG,2014,1042.0,Promedio simple LATAM (n=20/20 países),2026-09-24T17:00:00Z,False,20
SH.XPD.CHEX.PP.CD,LATAM_AVG,2015,1085.0,Promedio simple LATAM (n=20/20 países),2026-09-24T17:00:00Z,False,20
SH.XPD.CHEX.PP.CD,LATAM_AVG,2016,1128.0,Promedio simple LATAM (n=20/20 países),2026-09-24T17:00:00Z,False,20
SH.XPD.CHEX.PP.CD,LATAM_AVG,2017,1170.0,Promedio simple LATAM (n=20/20 países),2026-09-24T17:00:00Z,False,20
SH.XPD.CHEX.PP.CD,LATAM_AVG,2018,1212.0,Promedio simple LATAM (n=20/20 países),2026-09-24T17:00:00Z,False,20
SH.XPD.CHEX.PP.CD,LATAM_AVG,2019,1253.0,Promedio simple LATAM (n=20/20 países),2026-09-24T17:00:00Z,False,20
SH.XPD.CHEX.PP.CD,LATAM_AVG,2020,1293.0,Promedio simple LATAM (n=20/20 países),2026-09-24T17:00:00Z,False,20
SH.XPD.CHEX.PP.CD,LATAM_AVG,2021,1334.0,Promedio simple LATAM (n=20/20 países),2026-09-24T17:00:00Z,False,20
SH.XPD.CHEX.PP.CD,LATAM_AVG,2022,1375.0,Promedio simple LATAM (n=20/20 países),2026-09-24T17:00:00Z,False,20
SH.XPD.CHEX.PP.CD,LATAM_AVG,2023,1416.0,Promedio simple LATAM (n=20/20 países),2026-09-24T17:00:00Z,False,20
SH.XPD.CHEX.PP.CD,LATAM_AVG,2024,1458.0,Promedio simple LATAM (n=20/20 países),2026-09-24T17:00:00Z,False,20
SH.XPD.CHEX.PP.CD,LCN,2010,1117.0,World Bank API v2,2026-09-24T17:30:00Z,False,
SH.XPD.CHEX.PP.CD,LCN,2011,1169.0,World Bank API v2,2026-09-24T17:30:00Z,False,
SH.XPD.CHEX.PP.CD,LCN,2012,1221.0,World Bank API v2,2026-09-24T17:30:00Z,False,
SH.XPD.CHEX.PP.CD,LCN,2013,1272.0,World Bank API v2,2026-09-24T17:30:00Z,False,
SH.XPD.CHEX.PP.CD,LCN,2014,1320.0,World Bank API v2,2026-09-24T17:30:00Z,False,
SH.XPD.CHEX.PP.CD,LCN,2015,1367.0,World Bank API v2,2026-09-24T17:30:00Z,False,
SH.XPD.CHEX.PP.CD,LCN,2016,1411.0,World Bank API v2,2026-09-24T17:30:00Z,False,
SH.XPD.CHEX.PP.CD,LCN,2017,1453.0,World Bank API v2,2026-09-24T17:30:00Z,False,
SH.XPD.CHEX.PP.CD,LCN,2018,1495.0,World Bank API v2,2026-09-24T17:30:00Z,False,
SH.XPD.CHEX.PP.CD,LCN,2019,1537.0,World Bank API v2,2026-09-24T17:30:00Z,False,
SH.XPD.CHEX.PP.CD,LCN,2020,1581.0,World Bank API v2,2026-09-24T17:30:00Z,False,
SH.XPD.CHEX.PP.CD,LCN,2021,1627.0,World Bank API v2,2026-09-24T17:30:00Z,False,
SH.XPD.CHEX.PP.CD,LCN,2022,1675.0,World Bank API v2,2026-09-24T17:30:00Z,False,
SH.XPD.CHEX.PP.CD,LCN,2023,1725.0,World Bank API v2,2026-09-24T17:30:00Z,False,
SH.XPD.CHEX.PP.CD,LCN,2024,1777.0,World Bank API v2,2026-09-24T17:30:00Z,False,
SH.XPD.CHEX.PP.CD,MEX,2010,974.0,World Bank API v2,2026-09-24T17:30:00Z,False,
SH.XPD.CHEX.PP.CD,MEX,2011,1003.0,World Bank API v2,2026-09-24T17:30:00Z,False,
SH.XPD.CHEX.PP.CD,MEX,2012,1034.0,World Bank API v2,2026-09-24T17:30:00Z,False,
SH.XPD.CHEX.PP.CD,MEX,2013,1066.0,World Bank API v2,2026-09-24T17:30:00Z,False,
SH.XPD.CHEX.PP.CD,MEX,2014,1099.0,World Bank API v2,2026-09-24T17:30:00Z,False,
SH.XPD.CHEX.PP.CD,MEX,2015,1133.0,World Bank API v2,2026-09-24T17:30:00Z,False,
SH.XPD.CHEX.PP.CD,MEX,2016,1167.0,World Bank API v2,2026-09-24T17:30:00Z,False,
SH.XPD.CHEX.PP.CD,MEX,2017,1201.0,World Bank API v2,2026-09-24T17:30:00Z,False,
SH.XPD.CHEX.PP.CD,MEX,2018,1233.0,World Bank API v2,2026-09-24T17:30:00Z,False,
SH.XPD.CHEX.PP.CD,MEX,2019,1264.0,World Bank API v2,2026-09-24T17:30:00Z,False,
SH.XPD.CHEX.PP.CD,MEX,2020,1293.0,World Bank API v2,2026-09-24T17:30:00Z,False,
SH.XPD.CHEX.PP.CD,MEX,2021,1321.0,World Bank API v2,2026-09-24T17:30:00Z,False,
SH.XPD.CHEX.PP.CD,MEX,2022,1349.0,World Bank API v2,2026-09-24T17:30:00Z,False,
SH.XPD.CHEX.PP.CD,MEX,2023,1376.0,World Bank API v2,2026-09-24T17:30:00Z,False,
SH.XPD.CHEX.PP.CD,MEX,2024,1404.0,World Bank API v2,2026-09-24T17:30:00Z,False,
SH.XPD.CHEX.PP.CD,NIC,2010,315.0,World Bank API v2,2026-09-24T17:30:00Z,False,
SH.XPD.CHEX.PP.CD,NIC,2011,337.0,World Bank API v2,2026-09-24T17:30:00Z,False,
SH.XPD.CHEX.PP.CD,NIC,2012,359.0,World Bank API v2,2026-09-24T17:30:00Z,False,
SH.XPD.CHEX.PP.CD,NIC,2013,382.0,World Bank API v2,2026-09-24T17:30:00Z,False,
SH.XPD.CHEX.PP.CD,NIC,2014,405.0,World Bank API v2,2026-09-24T17:30:00Z,False,
SH.XPD.CHEX.PP.CD,NIC,2015,428.0,World Bank API v2,2026-09-24T17:30:00Z,False,
SH.XPD.CHEX.PP.CD,NIC,2016,449.0,World Bank API v2,2026-09-24T17:30:00Z,False,
SH.XPD.CHEX.PP.CD,NIC,2017,470.0,World Bank API v2,2026-09-24T17:30:00Z,False,
SH.XPD.CHEX.PP.CD,NIC,2018,490.0,World Bank API v2,2026-09-24T17:30:00Z,False,
SH.XPD.CHEX.PP.CD,NIC,2019,508.0,World Bank API v2,2026-09-24T17:30:00Z,False,
SH.XPD.CHEX.PP.CD,NIC,2020,527.0,World Bank API v2,2026-09-24T17:30:00Z,False,
SH.XPD.CHEX.PP.CD,NIC,2021,545.0,World Bank API v2,2026-09-24T17:30:00Z,False,
SH.XPD.CHEX.PP.CD,NIC,2022,564.0,World Bank API v2,2026-09-24T17:30:00Z,False,
SH.XPD.CHEX.PP.CD,NIC,2023,584.0,World Bank API v2,2026-09-24T17:30:00Z,False,
SH.XPD.CHEX.PP.CD,NIC,2024,605.0,World Bank API v2,2026-09-24T17:30:00Z,False,
SH.XPD.CHEX.PP.CD,OED,2010,4120.0,World Bank API v2,2026-09-24T17:30:00Z,False,
SH.XPD.CHEX.PP.CD,OED,2011,4336.0,World Bank API v2,2026-09-24T17:30:00Z,False,
SH.XPD.CHEX.PP.CD,OED,2012,4547.0,World Bank API v2,2026-09-24T17:30:00Z,False,
SH.XPD.CHEX.PP.CD,OED,2013,4751.0,World Bank API v2,2026-09-24T17:30:00Z,False,
SH.XPD.CHEX.PP.CD,OED,2014,4945.0,World Bank API v2,2026-09-24T17:30:00Z,False,
SH.XPD.CHEX.PP.CD,OED,2015,5130.0,World Bank API v2,2026-09-24T17:30:00Z,False,
SH.XPD.CHEX.PP.CD,OED,2016,5307.0,World Bank API v2,2026-09-24T17:30:00Z,False,
SH.XPD.CHEX.PP.CD,OED,2017,5480.0,World Bank API v2,2026-09-24T17:30:00Z,False,
SH.XPD.CHEX.PP.CD,OED,2018,5653.0,World Bank API v2,2026-09-24T17:30:00Z,False,
SH.XPD.CHEX.PP.CD,OED,2019,5830.0,World Bank API v2,2026-09-24T17:30:00Z,False,
SH.XPD.CHEX.PP.CD,OED,2020,6015.0,World Bank API v2,2026-09-24T17:30:00Z,False,
SH.XPD.CHEX.PP.CD,OED,2021,6209.0,World Bank API v2,2026-09-24T17:30:00Z,False,
SH.XPD.CHEX.PP.CD,OED,2022,6413.0,World Bank API v2,2026-09-24T17:30:00Z,False,
SH.XPD.CHEX.PP.CD,OED,2023,6624.0,World Bank API v2,2026-09-24T17:30:00Z,False,
SH.XPD.CHEX.PP.CD,OED,2024,6840.0,World Bank API v2,2026-09-24T17:30:00Z,False,
SH.XPD.CHEX.PP.CD,PAN,2010,1368.0,World Bank API v2,2026-09-24T17:30:00Z,False,
SH.XPD.CHEX.PP.CD,PAN,2011,1463.0,World Bank API v2,2026-09-24T17:30:00Z,False,
SH.XPD.CHEX.PP.CD,PAN,2012,1561.0,World Bank API v2,2026-09-24T17:30:00Z,False,
SH.XPD.CHEX.PP.CD,PAN,2013,1661.0,World Bank API v2,2026-09-24T17:30:00Z,False,
SH.XPD.CHEX.PP.CD,PAN,2014,1761.0,World Bank API v2,2026-09-24T17:30:00Z,False,
SH.XPD.CHEX.PP.CD,PAN,2015,1859.0,World Bank API v2,2026-09-24T17:30:00Z,False,
SH.XPD.CHEX.PP.CD,PAN,2016,1952.0,World Bank API v2,2026-09-24T17:30:00Z,False,
SH.XPD.CHEX.PP.CD,PAN,2017,2042.0,World Bank API v2,2026-09-24T17:30:00Z,False,
SH.XPD.CHEX.PP.CD,PAN,2018,2127.0,World Bank API v2,2026-09-24T17:30:00Z,False,
SH.XPD.CHEX.PP.CD,PAN,2019,2209.0,World Bank API v2,2026-09-24T17:30:00Z,False,
SH.XPD.CHEX.PP.CD,PAN,2020,2289.0,World Bank API v2,2026-09-24T17:30:00Z,False,
SH.XPD.CHEX.PP.CD,PAN,2021,2369.0,World Bank API v2,2026-09-24T17:30:00Z,False,
SH.XPD.CHEX.PP.CD,PAN,2022,2451.0,World Bank API v2,2026-09-24T17:30:00Z,False,
SH.XPD.CHEX.PP.CD,PAN,2023,2538.0,World Bank API v2,2026-09-24T17:30:00Z,False,
SH.XPD.CHEX.PP.CD,PAN,2024,2628.0,World Bank API v2,2026-09-24T17:30:00Z,False,
SH.XPD.CHEX.PP.CD,PER,2010,540.0,World Bank API v2,2026-09-24T17:30:00Z,False,
SH.XPD.CHEX.PP.CD,PER,2011,578.0,World Bank API v2,2026-09-24T17:30:00Z,False,
SH.XPD.CHEX.PP.CD,PER,2012,615.0,World Bank API v2,2026-09-24T17:30:00Z,False,
SH.XPD.CHEX.PP.CD,PER,2013,651.0,World Bank API v2,2026-09-24T17:30:00Z,False,
SH.XPD.CHEX.PP.CD,PER,2014,686.0,World Bank API v2,2026-09-24T17:30:00Z,False,
SH.XPD.CHEX.PP.CD,PER,2015,718.0,World Bank API v2,2026-09-24T17:30:00Z,False,
SH.XPD.CHEX.PP.CD,PER,2016,749.0,World Bank API v2,2026-09-24T17:30:00Z,False,
SH.XPD.CHEX.PP.CD,PER,2017,780.0,World Bank API v2,2026-09-24T17:30:00Z,False,
SH.XPD.CHEX.PP.CD,PER,2018,811.0,World Bank API v2,2026-09-24T17:30:00Z,False,
SH.XPD.CHEX.PP.CD,PER,2019,842.0,World Bank API v2,2026-09-24T17:30:00Z,False,
SH.XPD.CHEX.PP.CD,PER,2020,874.0,World Bank API v2,2026-09-24T17:30:00Z,False,
SH.XPD.CHEX.PP.CD,PER,2021,909.0,World Bank API v2,2026-09-24T17:30:00Z,False,
SH.XPD.CHEX.PP.CD,PER,2022,945.0,World Bank API v2,2026-09-24T17:30:00Z,False,
SH.XPD.CHEX.PP.CD,PER,2023,982.0,World Bank API v2,2026-09-24T17:30:00Z,False,
SH.XPD.CHEX.PP.CD,PER,2024,1020.0,World Bank API v2,2026-09-24T17:30:00Z,False,
SH.XPD.CHEX.PP.CD,PRY,2010,618.0,World Bank API v2,2026-09-24T17:30:00Z,False,
SH.XPD.CHEX.PP.CD,PRY,2011,652.0,World Bank API v2,2026-09-24T17:30:00Z,False,
SH.XPD.CHEX.PP.CD,PRY,2012,685.0,World Bank API v2,2026-09-24T17:30:00Z,False,
SH.XPD.CHEX.PP.CD,PRY,2013,717.0,World Bank API v2,2026-09-24T17:30:00Z,False,
SH.XPD.CHEX.PP.CD,PRY,2014,750.0,World Bank API v2,2026-09-24T17:30:00Z,False,
SH.XPD.CHEX.PP.CD,PRY,2015,784.0,World Bank API v2,2026-09-24T17:30:00Z,False,
SH.XPD.CHEX.PP.CD,PRY,2016,819.0,World Bank API v2,2026-09-24T17:30:00Z,False,
SH.XPD.CHEX.PP.CD,PRY,2017,857.0,World Bank API v2,2026-09-24T17:30:00Z,False,
SH.XPD.CHEX.PP.CD,PRY,2018,896.0,World Bank API v2,2026-09-24T17:30:00Z,False,
SH.XPD.CHEX.PP.CD,PRY,2019,936.0,World Bank API v2,2026-09-24T17:30:00Z,False,
SH.XPD.CHEX.PP.CD,PRY,2020,976.0,World Bank API v2,2026-09-24T17:30:00Z,False,
SH.XPD.CHEX.PP.CD,PRY,2021,1016.0,World Bank API v2,2026-09-24T17:30:00Z,False,
SH.XPD.CHEX.PP.CD,PRY,2022,1055.0,World Bank API v2,2026-09-24T17:30:00Z,False,
SH.XPD.CHEX.PP.CD,PRY,2023,1093.0,World Bank API v2,2026-09-24T17:30:00Z,False,
SH.XPD.CHEX.PP.CD,PRY,2024,1128.0,World Bank API v2,2026-09-24T17:30:00Z,False,
SH.XPD.CHEX.PP.CD,SLV,2010,566.0,World Bank API v2,2026-09-24T17:30:00Z,False,
SH.XPD.CHEX.PP.CD,SLV,2011,598.0,World Bank API v2,2026-09-24T17:30:00Z,False,
SH.XPD.CHEX.PP.CD,SLV,2012,627.0,World Bank API v2,2026-09-24T17:30:00Z,False,
SH.XPD.CHEX.PP.CD,SLV,2013,655.0,World Bank API v2,2026-09-24T17:30:00Z,False,
SH.XPD.CHEX.PP.CD,SLV,2014,683.0,World Bank API v2,2026-09-24T17:30:00Z,False,
SH.XPD.CHEX.PP.CD,SLV,2015,709.0,World Bank API v2,2026-09-24T17:30:00Z,False,
SH.XPD.CHEX.PP.CD,SLV,2016,736.0,World Bank API v2,2026-09-24T17:30:00Z,False,
SH.XPD.CHEX.PP.CD,SLV,2017,764.0,World Bank API v2,2026-09-24T17:30:00Z,False,
SH.XPD.CHEX.PP.CD,SLV,2018,792.0,World Bank API v2,2026-09-24T17:30:00Z,False,
SH.XPD.CHEX.PP.CD,SLV,2019,823.0,World Bank API v2,2026-09-24T17:30:00Z,False,
SH.XPD.CHEX.PP.CD,SLV,2020,855.0,World Bank API v2,2026-09-24T17:30:00Z,False,
SH.XPD.CHEX.PP.CD,SLV,2021,887.0,World Bank API v2,2026-09-24T17:30:00Z,False,
SH.XPD.CHEX.PP.CD,SLV,2022,921.0,World Bank API v2,2026-09-24T17:30:00Z,False,
SH.XPD.CHEX.PP.CD,SLV,2023,954.0,World Bank API v2,2026-09-24T17:30:00Z,False,
SH.XPD.CHEX.PP.CD,SLV,2024,986.0,World Bank API v2,2026-09-24T17:30:00Z,False,
SH.XPD.CHEX.PP.CD,URY,2010,1557.0,World Bank API v2,2026-09-24T17:30:00Z,False,
SH.XPD.CHEX.PP.CD,URY,2011,1656.0,World Bank API v2,2026-09-24T17:30:00Z,False,
SH.XPD.CHEX.PP.CD,URY,2012,1758.0,World Bank API v2,2026-09-24T17:30:00Z,False,
SH.XPD.CHEX.PP.CD,URY,2013,1862.0,World Bank API v2,2026-09-24T17:30:00Z,False,
SH.XPD.CHEX.PP.CD,URY,2014,1966.0,World Bank API v2,2026-09-24T17:30:00Z,False,
SH.XPD.CHEX.PP.CD,URY,2015,2067.0,World Bank API v2,2026-09-24T17:30:00Z,False,
SH.XPD.CHEX.PP.CD,URY,2016,2165.0,World Bank API v2,2026-09-24T17:30:00Z,False,
SH.XPD.CHEX.PP.CD,URY,2017,2258.0,World Bank API v2,2026-09-24T17:30:00Z,False,
SH.XPD.CHEX.PP.CD,URY,2018,2346.0,World Bank API v2,2026-09-24T17:30:00Z,False,
SH.XPD.CHEX.PP.CD,URY,2019,2431.0,World Bank API v2,2026-09-24T17:30:00Z,False,
SH.XPD.CHEX.PP.CD,URY,2020,2514.0,World Bank API v2,2026-09-24T17:30:00Z,False,
SH.XPD.CHEX.PP.CD,URY,2021,2598.0,World Bank API v2,2026-09-24T17:30:00Z,False,
SH.XPD.CHEX.PP.CD,URY,2022,2684.0,World Bank API v2,2026-09-24T17:30:00Z,False,
SH.XPD.CHEX.PP.CD,URY,2023,2773.0,World Bank API v2,2026-09-24T17:30:00Z,False,
SH.XPD.CHEX.PP.CD,URY,2024,2867.0,World Bank API v2,2026-09-24T17:30:00Z,False,
SH.XPD.CHEX.PP.CD,VEN,2010,897.0,World Bank API v2,2026-09-24T17:30:00Z,False,
SH.XPD.CHEX.PP.CD,VEN,2011,865.0,World Bank API v2,2026-09-24T17:30:00Z,False,
SH.XPD.CHEX.PP.CD,VEN,2012,833.0,World Bank API v2,2026-09-24T17:30:00Z,False,
SH.XPD.CHEX.PP.CD,VEN,2013,801.0,World Bank API v2,2026-09-24T17:30:00Z,False,
SH.XPD.CHEX.PP.CD,VEN,2014,768.0,World Bank API v2,2026-09-24T17:30:00Z,False,
SH.XPD.CHEX.PP.CD,VEN,2015,737.0,World Bank API v2,2026-09-24T17:30:00Z,False,
SH.XPD.CHEX.PP.CD,VEN,2016,707.0,World Bank API v2,2026-09-24T17:30:00Z,False,
SH.XPD.CHEX.PP.CD,VEN,2017,678.0,World Bank API v2,2026-09-24T17:30:00Z,False,
SH.XPD.CHEX.PP.CD,VEN,2018,651.0,World Bank API v2,2026-09-24T17:30:00Z,False,
SH.XPD.CHEX.PP.CD,VEN,2019,625.0,World Bank API v2,2026-09-24T17:30:00Z,False,
SH.XPD.CHEX.PP.CD,VEN,2020,599.0,World Bank API v2,2026-09-24T17:30:00Z,False,
SH.XPD.CHEX.PP.CD,VEN,2021,572.0,World Bank API v2,2026-09-24T17:30:00Z,False,
SH.XPD.CHEX.PP.CD,VEN,2022,545.0,World Bank API v2,2026-09-24T17:30:00Z,False,
SH.XPD.CHEX.PP.CD,VEN,2023,517.0,World Bank API v2,2026-09-24T17:30:00Z,False,
SH.XPD.CHEX.PP.CD,VEN,2024,487.0,World Bank API v2,2026-09-24T17:30:00Z,False,
SH.XPD.CHEX.PP.CD,WLD,2010,1082.0,World Bank API v2,2026-09-24T17:30:00Z,False,
SH.XPD.CHEX.PP.CD,WLD,2011,1131.0,World Bank API v2,2026-09-24T17:30:00Z,False,
SH.XPD.CHEX.PP.CD,WLD,2012,1182.0,World Bank API v2,2026-09-24T17:30:00Z,False,
SH.XPD.CHEX.PP.CD,WLD,2013,1234.0,World Bank API v2,2026-09-24T17:30:00Z,False,
SH.XPD.CHEX.PP.CD,WLD,2014,1289.0,World Bank API v2,2026-09-24T17:30:00Z,False,
SH.XPD.CHEX.PP.CD,WLD,2015,1346.0,World Bank API v2,2026-09-24T17:30:00Z,False,
SH.XPD.CHEX.PP.CD,WLD,2016,1406.0,World Bank API v2,2026-09-24T17:30:00Z,False,
SH.XPD.CHEX.PP.CD,WLD,2017,1468.0,World Bank API v2,2026-09-24T17:30:00Z,False,
SH.XPD.CHEX.PP.CD,WLD,2018,1530.0,World Bank API v2,2026-09-24T17:30:00Z,False,
SH.XPD.CHEX.PP.CD,WLD,2019,1591.0,World Bank API v2,2026-09-24T17:30:00Z,False,
SH.XPD.CHEX.PP.CD,WLD,2020,1650.0,World Bank API v2,2026-09-24T17:30:00Z,False,
SH.XPD.CHEX.PP.CD,WLD,2021,1707.0,World Bank API v2,2026-09-24T17:30:00Z,False,
SH.XPD.CHEX.PP.CD,WLD,2022,1761.0,World Bank API v2,2026-09-24T17:30:00Z,False,
SH.XPD.CHEX.PP.CD,WLD,2023,1812.0,World Bank API v2,2026-09-24T17:30:00Z,False,
SH.XPD.CHEX.PP.CD,WLD,2024,1862.0,World Bank API v2,2026-09-24T17:30:00Z,False,
SI.POV.GINI,ARG,2010,43.6,World Bank API v2,2026-09-24T17:30:00Z,False,
SI.POV.GINI,ARG,2011,43.5,World Bank API v2,2026-09-24T17:30:00Z,False,
SI.POV.GINI,ARG,2012,43.4,World Bank API v2,2026-09-24T17:30:00Z,False,
SI.POV.GINI,ARG,2013,43.3,World Bank API v2,2026-09-24T17:30:00Z,False,
SI.POV.GINI,ARG,2014,43.2,World Bank API v2,2026-09-24T17:30:00Z,False,
SI.POV.GINI,ARG,2015,43.1,World Bank API v2,2026-09-24T17:30:00Z,False,
SI.POV.GINI,ARG,2016,43.0,World Bank API v2,2026-09-24T17:30:00Z,False,
SI.POV.GINI,ARG,2017,43.0,World Bank API v2,2026-09-24T17:30:00Z,False,
SI.POV.GINI,ARG,2018,42.9,World Bank API v2,2026-09-24T17:30:00Z,False,
SI.POV.GINI,ARG,2019,42.8,World Bank API v2,2026-09-24T17:30:00Z,False,
SI.POV.GINI,ARG,2020,42.7,World Bank API v2,2026-09-24T17:30:00Z,False,
SI.POV.GINI,ARG,2021,42.6,World Bank API v2,2026-09-24T17:30:00Z,False,
SI.POV.GINI,ARG,2022,42.5,World Bank API v2,2026-09-24T17:30:00Z,False,
SI.POV.GINI,ARG,2023,42.4,World Bank API v2,2026-09-24T17:30:00Z,False,
SI.POV.GINI,ARG,2024,42.3,World Bank API v2,2026-09-24T17:30:00Z,False,
SI.POV.GINI,BOL,2010,46.1,World Bank API v2,2026-09-24T17:30:00Z,False,
SI.POV.GINI,BOL,2011,45.8,World Bank API v2,2026-09-24T17:30:00Z,False,
SI.POV.GINI,BOL,2012,45.4,World Bank API v2,2026-09-24T17:30:00Z,False,
SI.POV.GINI,BOL,2013,45.1,World Bank API v2,2026-09-24T17:30:00Z,False,
SI.POV.GINI,BOL,2014,44.7,World Bank API v2,2026-09-24T17:30:00Z,False,
SI.POV.GINI,BOL,2015,44.3,World Bank API v2,2026-09-24T17:30:00Z,False,
SI.POV.GINI,BOL,2016,43.9,World Bank API v2,2026-09-24T17:30:00Z,False,
SI.POV.GINI,BOL,2017,43.5,World Bank API v2,2026-09-24T17:30:00Z,False,
SI.POV.GINI,BOL,2018,43.1,World Bank API v2,2026-09-24T17:30:00Z,False,
SI.POV.GINI,BOL,2019,42.7,World Bank API v2,2026-09-24T17:30:00Z,False,
SI.POV.GINI,BOL,2020,42.3,World Bank API v2,2026-09-24T17:30:00Z,False,
SI.POV.GINI,BOL,2021,41.9,World Bank API v2,2026-09-24T17:30:00Z,False,
SI.POV.GINI,BOL,2022,41.6,World Bank API v2,2026-09-24T17:30:00Z,False,
SI.POV.GINI,BOL,2023,41.2,World Bank API v2,2026-09-24T17:30:00Z,False,
SI.POV.GINI,BOL,2024,40.9,World Bank API v2,2026-09-24T17:30:00Z,False,
SI.POV.GINI,BRA,2010,53.4,World Bank API v2,2026-09-24T17:30:00Z,False,
SI.POV.GINI,BRA,2011,53.3,World Bank API v2,2026-09-24T17:30:00Z,False,
SI.POV.GINI,BRA,2012,53.2,World Bank API v2,2026-09-24T17:30:00Z,False,
SI.POV.GINI,BRA,2013,53.1,World Bank API v2,2026-09-24T17:30:00Z,False,
SI.POV.GINI,BRA,2014,52.9,World Bank API v2,2026-09-24T17:30:00Z,False,
SI.POV.GINI,BRA,2015,52.8,World Bank API v2,2026-09-24T17:30:00Z,False,
SI.POV.GINI,BRA,2016,52.7,World Bank API v2,2026-09-24T17:30:00Z,False,
SI.POV.GINI,BRA,2017,52.6,World Bank API v2,2026-09-24T17:30:00Z,False,
SI.POV.GINI,BRA,2018,52.5,World Bank API v2,2026-09-24T17:30:00Z,False,
SI.POV.GINI,BRA,2019,52.4,World Bank API v2,2026-09-24T17:30:00Z,False,
SI.POV.GINI,BRA,2020,52.3,World Bank API v2,2026-09-24T17:30:00Z,False,
SI.POV.GINI,BRA,2021,52.1,World Bank API v2,2026-09-24T17:30:00Z,False,
SI.POV.GINI,BRA,2022,52.0,World Bank API v2,2026-09-24T17:30:00Z,False,
SI.POV.GINI,BRA,2023,51.9,World Bank API v2,2026-09-24T17:30:00Z,False,
SI.POV.GINI,BRA,2024,51.8,World Bank API v2,2026-09-24T17:30:00Z,False,
SI.POV.GINI,CHL,2010,48.3,World Bank API v2,2026-09-24T17:30:00Z,False,
SI.POV.GINI,CHL,2011,47.9,World Bank API v2,2026-09-24T17:30:00Z,False,
SI.POV.GINI,CHL,2012,47.5,World Bank API v2,2026-09-24T17:30:00Z,False,
SI.POV.GINI,CHL,2013,47.1,World Bank API v2,2026-09-24T17:30:00Z,False,
SI.POV.GINI,CHL,2014,46.7,World Bank API v2,2026-09-24T17:30:00Z,False,
SI.POV.GINI,CHL,2015,46.3,World Bank API v2,2026-09-24T17:30:00Z,False,
SI.POV.GINI,CHL,2016,45.9,World Bank API v2,2026-09-24T17:30:00Z,False,
SI.POV.GINI,CHL,2017,45.5,World Bank API v2,2026-09-24T17:30:00Z,False,
SI.POV.GINI,CHL,2018,45.2,World Bank API v2,2026-09-24T17:30:00Z,False,
SI.POV.GINI,CHL,2019,44.8,World Bank API v2,2026-09-24T17:30:00Z,False,
SI.POV.GINI,CHL,2020,44.5,World Bank API v2,2026-09-24T17:30:00Z,False,
SI.POV.GINI,CHL,2021,44.2,World Bank API v2,2026-09-24T17:30:00Z,False,
SI.POV.GINI,CHL,2022,43.8,World Bank API v2,2026-09-24T17:30:00Z,False,
SI.POV.GINI,CHL,2023,43.4,World Bank API v2,2026-09-24T17:30:00Z,False,
SI.POV.GINI,CHL,2024,43.1,World Bank API v2,2026-09-24T17:30:00Z,False,
SI.POV.GINI,COL,2010,54.7,World Bank API v2,2026-09-24T17:30:00Z,False,
SI.POV.GINI,COL,2011,54.6,World Bank API v2,2026-09-24T17:30:00Z,False,
SI.POV.GINI,COL,2012,54.6,World Bank API v2,2026-09-24T17:30:00Z,False,
SI.POV.GINI,COL,2013,54.5,World Bank API v2,2026-09-24T17:30:00Z,False,
SI.POV.GINI,COL,2014,54.5,World Bank API v2,2026-09-24T17:30:00Z,False,
SI.POV.GINI,COL,2015,54.4,World Bank API v2,2026-09-24T17:30:00Z,False,
SI.POV.GINI,COL,2016,54.4,World Bank API v2,2026-09-24T17:30:00Z,False,
SI.POV.GINI,COL,2017,54.3,World Bank API v2,2026-09-24T17:30:00Z,False,
SI.POV.GINI,COL,2018,54.2,World Bank API v2,2026-09-24T17:30:00Z,False,
SI.POV.GINI,COL,2019,54.2,World Bank API v2,2026-09-24T17:30:00Z,False,
SI.POV.GINI,COL,2020,54.1,World Bank API v2,2026-09-24T17:30:00Z,False,
SI.POV.GINI,COL,2021,54.1,World Bank API v2,2026-09-24T17:30:00Z,False,
SI.POV.GINI,COL,2022,54.0,World Bank API v2,2026-09-24T17:30:00Z,False,
SI.POV.GINI,COL,2023,54.0,World Bank API v2,2026-09-24T17:30:00Z,False,
SI.POV.GINI,COL,2024,53.9,World Bank API v2,2026-09-24T17:30:00Z,False,
SI.POV.GINI,CRI,2010,48.7,World Bank API v2,2026-09-24T17:30:00Z,False,
SI.POV.GINI,CRI,2011,48.6,World Bank API v2,2026-09-24T17:30:00Z,False,
SI.POV.GINI,CRI,2012,48.4,World Bank API v2,2026-09-24T17:30:00Z,False,
SI.POV.GINI,CRI,2013,48.3,World Bank API v2,2026-09-24T17:30:00Z,False,
SI.POV.GINI,CRI,2014,48.1,World Bank API v2,2026-09-24T17:30:00Z,False,
SI.POV.GINI,CRI,2015,48.0,World Bank API v2,2026-09-24T17:30:00Z,False,
SI.POV.GINI,CRI,2016,47.8,World Bank API v2,2026-09-24T17:30:00Z,False,
SI.POV.GINI,CRI,2017,47.7,World Bank API v2,2026-09-24T17:30:00Z,False,
SI.POV.GINI,CRI,2018,47.5,World Bank API v2,2026-09-24T17:30:00Z,False,
SI.POV.GINI,CRI,2019,47.4,World Bank API v2,2026-09-24T17:30:00Z,False,
SI.POV.GINI,CRI,2020,47.3,World Bank API v2,2026-09-24T17:30:00Z,False,
SI.POV.GINI,CRI,2021,47.1,World Bank API v2,2026-09-24T17:30:00Z,False,
SI.POV.GINI,CRI,2022,47.0,World Bank API v2,2026-09-24T17:30:00Z,False,
SI.POV.GINI,CRI,2023,46.9,World Bank API v2,2026-09-24T17:30:00Z,False,
SI.POV.GINI,CRI,2024,46.7,World Bank API v2,2026-09-24T17:30:00Z,False,
SI.POV.GINI,CUB,2010,38.1,World Bank API v2,2026-09-24T17:30:00Z,False,
SI.POV.GINI,CUB,2012,38.3,World Bank API v2,2026-09-24T17:30:00Z,False,
SI.POV.GINI,CUB,2014,38.6,World Bank API v2,2026-09-24T17:30:00Z,False,
SI.POV.GINI,CUB,2016,38.9,World Bank API v2,2026-09-24T17:30:00Z,False,
SI.POV.GINI,CUB,2018,39.2,World Bank API v2,2026-09-24T17:30:00Z,False,
SI.POV.GINI,CUB,2020,39.6,World Bank API v2,2026-09-24T17:30:00Z,False,
SI.POV.GINI,CUB,2022,39.9,World Bank API v2,2026-09-24T17:30:00Z,False,
SI.POV.GINI,CUB,2024,40.3,World Bank API v2,2026-09-24T17:30:00Z,False,
SI.POV.GINI,DOM,2010,47.4,World Bank API v2,2026-09-24T17:30:00Z,False,
SI.POV.GINI,DOM,2011,46.6,World Bank API v2,2026-09-24T17:30:00Z,False,
SI.POV.GINI,DOM,2012,45.8,World Bank API v2,2026-09-24T17:30:00Z,False,
SI.POV.GINI,DOM,2013,45.0,World Bank API v2,2026-09-24T17:30:00Z,False,
SI.POV.GINI,DOM,2014,44.2,World Bank API v2,2026-09-24T17:30:00Z,False,
SI.POV.GINI,DOM,2015,43.4,World Bank API v2,2026-09-24T17:30:00Z,False,
SI.POV.GINI,DOM,2016,42.7,World Bank API v2,2026-09-24T17:30:00Z,False,
SI.POV.GINI,DOM,2017,41.9,World Bank API v2,2026-09-24T17:30:00Z,False,
SI.POV.GINI,DOM,2018,41.3,World Bank API v2,2026-09-24T17:30:00Z,False,
SI.POV.GINI,DOM,2019,40.6,World Bank API v2,2026-09-24T17:30:00Z,False,
SI.POV.GINI,DOM,2020,39.9,World Bank API v2,2026-09-24T17:30:00Z,False,
SI.POV.GINI,DOM,2021,39.3,World Bank API v2,2026-09-24T17:30:00Z,False,
SI.POV.GINI,DOM,2022,38.6,World Bank API v2,2026-09-24T17:30:00Z,False,
SI.POV.GINI,DOM,2023,37.9,World Bank API v2,2026-09-24T17:30:00Z,False,
SI.POV.GINI,DOM,2024,37.2,World Bank API v2,2026-09-24T17:30:00Z,False,
SI.POV.GINI,ECU,2010,48.8,World Bank API v2,2026-09-24T17:30:00Z,False,
SI.POV.GINI,ECU,2011,48.5,World Bank API v2,2026-09-24T17:30:00Z,False,
SI.POV.GINI,ECU,2012,48.2,World Bank API v2,2026-09-24T17:30:00Z,False,
SI.POV.GINI,ECU,2013,47.8,World Bank API v2,2026-09-24T17:30:00Z,False,
SI.POV.GINI,ECU,2014,47.5,World Bank API v2,2026-09-24T17:30:00Z,False,
SI.POV.GINI,ECU,2015,47.3,World Bank API v2,2026-09-24T17:30:00Z,False,
SI.POV.GINI,ECU,2016,47.0,World Bank API v2,2026-09-24T17:30:00Z,False,
SI.POV.GINI,ECU,2017,46.7,World Bank API v2,2026-09-24T17:30:00Z,False,
SI.POV.GINI,ECU,2018,46.4,World Bank API v2,2026-09-24T17:30:00Z,False,
SI.POV.GINI,ECU,2019,46.1,World Bank API v2,2026-09-24T17:30:00Z,False,
SI.POV.GINI,ECU,2020,45.9,World Bank API v2,2026-09-24T17:30:00Z,False,
SI.POV.GINI,ECU,2021,45.6,World Bank API v2,2026-09-24T17:30:00Z,False,
SI.POV.GINI,ECU,2022,45.2,World Bank API v2,2026-09-24T17:30:00Z,False,
SI.POV.GINI,ECU,2023,44.9,World Bank API v2,2026-09-24T17:30:00Z,False,
SI.POV.GINI,ECU,2024,44.6,World Bank API v2,2026-09-24T17:30:00Z,False,
SI.POV.GINI,GTM,2010,52.4,World Bank API v2,2026-09-24T17:30:00Z,False,
SI.POV.GINI,GTM,2012,51.8,World Bank API v2,2026-09-24T17:30:00Z,False,
SI.POV.GINI,GTM,2014,51.2,World Bank API v2,2026-09-24T17:30:00Z,False,
SI.POV.GINI,GTM,2016,50.7,World Bank API v2,2026-09-24T17:30:00Z,False,
SI.POV.GINI,GTM,2018,50.1,World Bank API v2,2026-09-24T17:30:00Z,False,
SI.POV.GINI,GTM,2020,49.5,World Bank API v2,2026-09-24T17:30:00Z,False,
SI.POV.GINI,GTM,2022,48.9,World Bank API v2,2026-09-24T17:30:00Z,False,
SI.POV.GINI,GTM,2024,48.3,World Bank API v2,2026-09-24T17:30:00Z,False,
SI.POV.GINI,HND,2010,53.1,World Bank API v2,2026-09-24T17:30:00Z,False,
SI.POV.GINI,HND,2011,52.7,World Bank API v2,2026-09-24T17:30:00Z,False,
SI.POV.GINI,HND,2012,52.4,World Bank API v2,2026-09-24T17:30:00Z,False,
SI.POV.GINI,HND,2013,52.0,World Bank API v2,2026-09-24T17:30:00Z,False,
SI.POV.GINI,HND,2014,51.6,World Bank API v2,2026-09-24T17:30:00Z,False,
SI.POV.GINI,HND,2015,51.3,World Bank API v2,2026-09-24T17:30:00Z,False,
SI.POV.GINI,HND,2016,51.0,World Bank API v2,2026-09-24T17:30:00Z,False,
SI.POV.GINI,HND,2017,50.6,World Bank API v2,2026-09-24T17:30:00Z,False,
SI.POV.GINI,HND,2018,50.3,World Bank API v2,2026-09-24T17:30:00Z,False,
SI.POV.GINI,HND,2019,50.0,World Bank API v2,2026-09-24T17:30:00Z,False,
SI.POV.GINI,HND,2020,49.7,World Bank API v2,2026-09-24T17:30:00Z,False,
SI.POV.GINI,HND,2021,49.3,World Bank API v2,2026-09-24T17:30:00Z,False,
SI.POV.GINI,HND,2022,49.0,World Bank API v2,2026-09-24T17:30:00Z,False,
SI.POV.GINI,HND,2023,48.6,World Bank API v2,2026-09-24T17:30:00Z,False,
SI.POV.GINI,HND,2024,48.2,World Bank API v2,2026-09-24T17:30:00Z,False,
SI.POV.GINI,HTI,2010,60.8,World Bank API v2,2026-09-24T17:30:00Z,False,
SI.POV.GINI,HTI,2012,60.6,World Bank API v2,2026-09-24T17:30:00Z,False,
SI.POV.GINI,HTI,2014,60.3,World Bank API v2,2026-09-24T17:30:00Z,False,
SI.POV.GINI,HTI,2016,60.1,World Bank API v2,2026-09-24T17:30:00Z,False,
SI.POV.GINI,HTI,2018,59.9,World Bank API v2,2026-09-24T17:30:00Z,False,
SI.POV.GINI,HTI,2020,59.6,World Bank API v2,2026-09-24T17:30:00Z,False,
SI.POV.GINI,HTI,2022,59.4,World Bank API v2,2026-09-24T17:30:00Z,False,
SI.POV.GINI,HTI,2024,59.2,World Bank API v2,2026-09-24T17:30:00Z,False,
SI.POV.GINI,LATAM_AVG,2010,48.5,Promedio simple LATAM (n=20/20 países),2026-09-24T17:00:00Z,False,20
SI.POV.GINI,LATAM_AVG,2011,48.2,Promedio simple LATAM (n=15/20 países),2026-09-24T17:00:00Z,False,15
SI.POV.GINI,LATAM_AVG,2012,48.0,Promedio simple LATAM (n=20/20 países),2026-09-24T17:00:00Z,False,20
SI.POV.GINI,LATAM_AVG,2013,47.6,Promedio simple LATAM (n=15/20 países),2026-09-24T17:00:00Z,False,15
SI.POV.GINI,LATAM_AVG,2014,47.6,Promedio simple LATAM (n=20/20 países),2026-09-24T17:00:00Z,False,20
SI.POV.GINI,LATAM_AVG,2015,47.0,Promedio simple LATAM (n=15/20 países),2026-09-24T17:00:00Z,False,15
SI.POV.GINI,LATAM_AVG,2016,47.1,Promedio simple LATAM (n=20/20 países),2026-09-24T17:00:00Z,False,20
SI.POV.GINI,LATAM_AVG,2017,46.4,Promedio simple LATAM (n=15/20 países),2026-09-24T17:00:00Z,False,15
SI.POV.GINI,LATAM_AVG,2018,46.7,Promedio simple LATAM (n=20/20 países),2026-09-24T17:00:00Z,False,20
SI.POV.GINI,LATAM_AVG,2019,45.8,Promedio simple LATAM (n=15/20 países),2026-09-24T17:00:00Z,False,15
SI.POV.GINI,LATAM_AVG,2020,46.3,Promedio simple LATAM (n=20/20 países),2026-09-24T17:00:00Z,False,20
SI.POV.GINI,LATAM_AVG,2021,45.2,Promedio simple LATAM (n=15/20 países),2026-09-24T17:00:00Z,False,15
SI.POV.GINI,LATAM_AVG,2022,45.9,Promedio simple LATAM (n=20/20 países),2026-09-24T17:00:00Z,False,20
SI.POV.GINI,LATAM_AVG,2023,44.6,Promedio simple LATAM (n=15/20 países),2026-09-24T17:00:00Z,False,15
SI.POV.GINI,LATAM_AVG,2024,45.4,Promedio simple LATAM (n=20/20 países),2026-09-24T17:00:00Z,False,20
SI.POV.GINI,LCN,2010,50.4,World Bank API v2,2026-09-24T17:30:00Z,False,
SI.POV.GINI,LCN,2011,50.2,World Bank API v2,2026-09-24T17:30:00Z,False,
SI.POV.GINI,LCN,2012,49.9,World Bank API v2,2026-09-24T17:30:00Z,False,
SI.POV.GINI,LCN,2013,49.6,World Bank API v2,2026-09-24T17:30:00Z,False,
SI.POV.GINI,LCN,2014,49.3,World Bank API v2,2026-09-24T17:30:00Z,False,
SI.POV.GINI,LCN,2015,49.0,World Bank API v2,2026-09-24T17:30:00Z,False,
SI.POV.GINI,LCN,2016,48.7,World Bank API v2,2026-09-24T17:30:00Z,False,
SI.POV.GINI,LCN,2017,48.4,World Bank API v2,2026-09-24T17:30:00Z,False,
SI.POV.GINI,LCN,2018,48.1,World Bank API v2,2026-09-24T17:30:00Z,False,
SI.POV.GINI,LCN,2019,47.9,World Bank API v2,2026-09-24T17:30:00Z,False,
SI.POV.GINI,LCN,2020,47.6,World Bank API v2,2026-09-24T17:30:00Z,False,
SI.POV.GINI,LCN,2021,47.4,World Bank API v2,2026-09-24T17:30:00Z,False,
SI.POV.GINI,LCN,2022,47.1,World Bank API v2,2026-09-24T17:30:00Z,False,
SI.POV.GINI,LCN,2023,46.8,World Bank API v2,2026-09-24T17:30:00Z,False,
SI.POV.GINI,LCN,2024,46.5,World Bank API v2,2026-09-24T17:30:00Z,False,
SI.POV.GINI,MEX,2010,47.2,World Bank API v2,2026-09-24T17:30:00Z,False,
SI.POV.GINI,MEX,2011,47.0,World Bank API v2,2026-09-24T17:30:00Z,False,
SI.POV.GINI,MEX,2012,46.7,World Bank API v2,2026-09-24T17:30:00Z,False,
SI.POV.GINI,MEX,2013,46.4,World Bank API v2,2026-09-24T17:30:00Z,False,
SI.POV.GINI,MEX,2014,46.1,World Bank API v2,2026-09-24T17:30:00Z,False,
SI.POV.GINI,MEX,2015,45.8,World Bank API v2,2026-09-24T17:30:00Z,False,
SI.POV.GINI,MEX,2016,45.6,World Bank API v2,2026-09-24T17:30:00Z,False,
SI.POV.GINI,MEX,2017,45.3,World Bank API v2,2026-09-24T17:30:00Z,False,
SI.POV.GINI,MEX,2018,45.1,World Bank API v2,2026-09-24T17:30:00Z,False,
SI.POV.GINI,MEX,2019,44.8,World Bank API v2,2026-09-24T17:30:00Z,False,
SI.POV.GINI,MEX,2020,44.6,World Bank API v2,2026-09-24T17:30:00Z,False,
SI.POV.GINI,MEX,2021,44.3,World Bank API v2,2026-09-24T17:30:00Z,False,
SI.POV.GINI,MEX,2022,44.1,World Bank API v2,2026-09-24T17:30:00Z,False,
SI.POV.GINI,MEX,2023,43.8,World Bank API v2,2026-09-24T17:30:00Z,False,
SI.POV.GINI,MEX,2024,43.5,World Bank API v2,2026-09-24T17:30:00Z,False,
SI.POV.GINI,NIC,2010,45.7,World Bank API v2,2026-09-24T17:30:00Z,False,
SI.POV.GINI,NIC,2012,45.8,World Bank API v2,2026-09-24T17:30:00Z,False,
SI.POV.GINI,NIC,2014,45.9,World Bank API v2,2026-09-24T17:30:00Z,False,
SI.POV.GINI,NIC,2016,45.9,World Bank API v2,2026-09-24T17:30:00Z,False,
SI.POV.GINI,NIC,2018,46.0,World Bank API v2,2026-09-24T17:30:00Z,False,
SI.POV.GINI,NIC,2020,46.0,World Bank API v2,2026-09-24T17:30:00Z,False,
SI.POV.GINI,NIC,2022,46.1,World Bank API v2,2026-09-24T17:30:00Z,False,
SI.POV.GINI,NIC,2024,46.2,World Bank API v2,2026-09-24T17:30:00Z,False,
SI.POV.GINI,OED,2010,32.8,World Bank API v2,2026-09-24T17:30:00Z,False,
SI.POV.GINI,OED,2011,32.7,World Bank API v2,2026-09-24T17:30:00Z,False,
SI.POV.GINI,OED,2012,32.7,World Bank API v2,2026-09-24T17:30:00Z,False,
SI.POV.GINI,OED,2013,32.6,World Bank API v2,2026-09-24T17:30:00Z,False,
SI.POV.GINI,OED,2014,32.6,World Bank API v2,2026-09-24T17:30:00Z,False,
SI.POV.GINI,OED,2015,32.5,World Bank API v2,2026-09-24T17:30:00Z,False,
SI.POV.GINI,OED,2016,32.5,World Bank API v2,2026-09-24T17:30:00Z,False,
SI.POV.GINI,OED,2017,32.5,World Bank API v2,2026-09-24T17:30:00Z,False,
SI.POV.GINI,OED,2018,32.4,World Bank API v2,2026-09-24T17:30:00Z,False,
SI.POV.GINI,OED,2019,32.4,World Bank API v2,2026-09-24T17:30:00Z,False,
SI.POV.GINI,OED,2020,32.3,World Bank API v2,2026-09-24T17:30:00Z,False,
SI.POV.GINI,OED,2021,32.3,World Bank API v2,2026-09-24T17:30:00Z,False,
SI.POV.GINI,OED,2022,32.2,World Bank API v2,2026-09-24T17:30:00Z,False,
SI.POV.GINI,OED,2023,32.1,World Bank API v2,2026-09-24T17:30:00Z,False,
SI.POV.GINI,OED,2024,32.1,World Bank API v2,2026-09-24T17:30:00Z,False,
SI.POV.GINI,PAN,2010,51.6,World Bank API v2,2026-09-24T17:30:00Z,False,
SI.POV.GINI,PAN,2011,51.4,World Bank API v2,2026-09-24T17:30:00Z,False,
SI.POV.GINI,PAN,2012,51.2,World Bank API v2,2026-09-24T17:30:00Z,False,
SI.POV.GINI,PAN,2013,51.0,World Bank API v2,2026-09-24T17:30:00Z,False,
SI.POV.GINI,PAN,2014,50.8,World Bank API v2,2026-09-24T17:30:00Z,False,
SI.POV.GINI,PAN,2015,50.6,World Bank API v2,2026-09-24T17:30:00Z,False,
SI.POV.GINI,PAN,2016,50.5,World Bank API v2,2026-09-24T17:30:00Z,False,
SI.POV.GINI,PAN,2017,50.3,World Bank API v2,2026-09-24T17:30:00Z,False,
SI.POV.GINI,PAN,2018,50.1,World Bank API v2,2026-09-24T17:30:00Z,False,
SI.POV.GINI,PAN,2019,49.9,World Bank API v2,2026-09-24T17:30:00Z,False,
SI.POV.GINI,PAN,2020,49.7,World Bank API v2,2026-09-24T17:30:00Z,False,
SI.POV.GINI,PAN,2021,49.5,World Bank API v2,2026-09-24T17:30:00Z,False,
SI.POV.GINI,PAN,2022,49.3,World Bank API v2,2026-09-24T17:30:00Z,False,
SI.POV.GINI,PAN,2023,49.1,World Bank API v2,2026-09-24T17:30:00Z,False,
SI.POV.GINI,PAN,2024,48.9,World Bank API v2,2026-09-24T17:30:00Z,False,
SI.POV.GINI,PER,2010,45.4,World Bank API v2,2026-09-24T17:30:00Z,False,
SI.POV.GINI,PER,2011,45.1,World Bank API v2,2026-09-24T17:30:00Z,False,
SI.POV.GINI,PER,2012,44.7,World Bank API v2,2026-09-24T17:30:00Z,False,
SI.POV.GINI,PER,2013,44.4,World Bank API v2,2026-09-24T17:30:00Z,False,
SI.POV.GINI,PER,2014,44.1,World Bank API v2,2026-09-24T17:30:00Z,False,
SI.POV.GINI,PER,2015,43.7,World Bank API v2,2026-09-24T17:30:00Z,False,
SI.POV.GINI,PER,2016,43.3,World Bank API v2,2026-09-24T17:30:00Z,False,
SI.POV.GINI,PER,2017,43.0,World Bank API v2,2026-09-24T17:30:00Z,False,
SI.POV.GINI,PER,2018,42.6,World Bank API v2,2026-09-24T17:30:00Z,False,
SI.POV.GINI,PER,2019,42.2,World Bank API v2,2026-09-24T17:30:00Z,False,
SI.POV.GINI,PER,2020,41.8,World Bank API v2,2026-09-24T17:30:00Z,False,
SI.POV.GINI,PER,2021,41.4,World Bank API v2,2026-09-24T17:30:00Z,False,
SI.POV.GINI,PER,2022,41.0,World Bank API v2,2026-09-24T17:30:00Z,False,
SI.POV.GINI,PER,2023,40.6,World Bank API v2,2026-09-24T17:30:00Z,False,
SI.POV.GINI,PER,2024,40.2,World Bank API v2,2026-09-24T17:30:00Z,False,
SI.POV.GINI,PRY,2010,50.9,World Bank API v2,2026-09-24T17:30:00Z,False,
SI.POV.GINI,PRY,2011,50.4,World Bank API v2,2026-09-24T17:30:00Z,False,
SI.POV.GINI,PRY,2012,50.0,World Bank API v2,2026-09-24T17:30:00Z,False,
SI.POV.GINI,PRY,2013,49.5,World Bank API v2,2026-09-24T17:30:00Z,False,
SI.POV.GINI,PRY,2014,49.1,World Bank API v2,2026-09-24T17:30:00Z,False,
SI.POV.GINI,PRY,2015,48.6,World Bank API v2,2026-09-24T17:30:00Z,False,
SI.POV.GINI,PRY,2016,48.2,World Bank API v2,2026-09-24T17:30:00Z,False,
SI.POV.GINI,PRY,2017,47.8,World Bank API v2,2026-09-24T17:30:00Z,False,
SI.POV.GINI,PRY,2018,47.3,World Bank API v2,2026-09-24T17:30:00Z,False,
SI.POV.GINI,PRY,2019,46.9,World Bank API v2,2026-09-24T17:30:00Z,False,
SI.POV.GINI,PRY,2020,46.4,World Bank API v2,2026-09-24T17:30:00Z,False,
SI.POV.GINI,PRY,2021,45.9,World Bank API v2,2026-09-24T17:30:00Z,False,
SI.POV.GINI,PRY,2022,45.3,World Bank API v2,2026-09-24T17:30:00Z,False,
SI.POV.GINI,PRY,2023,44.8,World Bank API v2,2026-09-24T17:30:00Z,False,
SI.POV.GINI,PRY,2024,44.3,World Bank API v2,2026-09-24T17:30:00Z,False,
SI.POV.GINI,SLV,2010,43.5,World Bank API v2,2026-09-24T17:30:00Z,False,
SI.POV.GINI,SLV,2011,43.2,World Bank API v2,2026-09-24T17:30:00Z,False,
SI.POV.GINI,SLV,2012,42.9,World Bank API v2,2026-09-24T17:30:00Z,False,
SI.POV.GINI,SLV,2013,42.6,World Bank API v2,2026-09-24T17:30:00Z,False,
SI.POV.GINI,SLV,2014,42.2,World Bank API v2,2026-09-24T17:30:00Z,False,
SI.POV.GINI,SLV,2015,41.9,World Bank API v2,2026-09-24T17:30:00Z,False,
SI.POV.GINI,SLV,2016,41.5,World Bank API v2,2026-09-24T17:30:00Z,False,
SI.POV.GINI,SLV,2017,41.2,World Bank API v2,2026-09-24T17:30:00Z,False,
SI.POV.GINI,SLV,2018,40.8,World Bank API v2,2026-09-24T17:30:00Z,False,
SI.POV.GINI,SLV,2019,40.4,World Bank API v2,2026-09-24T17:30:00Z,False,
SI.POV.GINI,SLV,2020,40.1,World Bank API v2,2026-09-24T17:30:00Z,False,
SI.POV.GINI,SLV,2021,39.7,World Bank API v2,2026-09-24T17:30:00Z,False,
SI.POV.GINI,SLV,2022,39.4,World Bank API v2,2026-09-24T17:30:00Z,False,
SI.POV.GINI,SLV,2023,39.1,World Bank API v2,2026-09-24T17:30:00Z,False,
SI.POV.GINI,SLV,2024,38.8,World Bank API v2,2026-09-24T17:30:00Z,False,
SI.POV.GINI,URY,2010,44.5,World Bank API v2,2026-09-24T17:30:00Z,False,
SI.POV.GINI,URY,2011,44.3,World Bank API v2,2026-09-24T17:30:00Z,False,
SI.POV.GINI,URY,2012,44.0,World Bank API v2,2026-09-24T17:30:00Z,False,
SI.POV.GINI,URY,2013,43.7,World Bank API v2,2026-09-24T17:30:00Z,False,
SI.POV.GINI,URY,2014,43.4,World Bank API v2,2026-09-24T17:30:00Z,False,
SI.POV.GINI,URY,2015,43.1,World Bank API v2,2026-09-24T17:30:00Z,False,
SI.POV.GINI,URY,2016,42.9,World Bank API v2,2026-09-24T17:30:00Z,False,
SI.POV.GINI,URY,2017,42.6,World Bank API v2,2026-09-24T17:30:00Z,False,
SI.POV.GINI,URY,2018,42.4,World Bank API v2,2026-09-24T17:30:00Z,False,
SI.POV.GINI,URY,2019,42.1,World Bank API v2,2026-09-24T17:30:00Z,False,
SI.POV.GINI,URY,2020,41.9,World Bank API v2,2026-09-24T17:30:00Z,False,
SI.POV.GINI,URY,2021,41.6,World Bank API v2,2026-09-24T17:30:00Z,False,
SI.POV.GINI,URY,2022,41.4,World Bank API v2,2026-09-24T17:30:00Z,False,
SI.POV.GINI,URY,2023,41.1,World Bank API v2,2026-09-24T17:30:00Z,False,
SI.POV.GINI,URY,2024,40.8,World Bank API v2,2026-09-24T17:30:00Z,False,
SI.POV.GINI,VEN,2010,44.9,World Bank API v2,2026-09-24T17:30:00Z,False,
SI.POV.GINI,VEN,2012,45.5,World Bank API v2,2026-09-24T17:30:00Z,False,
SI.POV.GINI,VEN,2014,46.1,World Bank API v2,2026-09-24T17:30:00Z,False,
SI.POV.GINI,VEN,2016,46.7,World Bank API v2,2026-09-24T17:30:00Z,False,
SI.POV.GINI,VEN,2018,47.4,World Bank API v2,2026-09-24T17:30:00Z,False,
SI.POV.GINI,VEN,2020,48.2,World Bank API v2,2026-09-24T17:30:00Z,False,
SI.POV.GINI,VEN,2022,48.9,World Bank API v2,2026-09-24T17:30:00Z,False,
SI.POV.GINI,VEN,2024,49.6,World Bank API v2,2026-09-24T17:30:00Z,False,
SI.POV.GINI,WLD,2010,38.5,World Bank API v2,2026-09-24T17:30:00Z,False,
SI.POV.GINI,WLD,2011,38.4,World Bank API v2,2026-09-24T17:30:00Z,False,
SI.POV.GINI,WLD,2012,38.3,World Bank API v2,2026-09-24T17:30:00Z,False,
SI.POV.GINI,WLD,2013,38.3,World Bank API v2,2026-09-24T17:30:00Z,False,
SI.POV.GINI,WLD,2014,38.2,World Bank API v2,2026-09-24T17:30:00Z,False,
SI.POV.GINI,WLD,2015,38.1,World Bank API v2,2026-09-24T17:30:00Z,False,
SI.POV.GINI,WLD,2016,38.0,World Bank API v2,2026-09-24T17:30:00Z,False,
SI.POV.GINI,WLD,2017,38.0,World Bank API v2,2026-09-24T17:30:00Z,False,
SI.POV.GINI,WLD,2018,37.9,World Bank API v2,2026-09-24T17:30:00Z,False,
SI.POV.GINI,WLD,2019,37.8,World Bank API v2,2026-09-24T17:30:00Z,False,
SI.POV.GINI,WLD,2020,37.7,World Bank API v2,2026-09-24T17:30:00Z,False,
SI.POV.GINI,WLD,2021,37.6,World Bank API v2,2026-09-24T17:30:00Z,False,
SI.POV.GINI,WLD,2022,37.6,World Bank API v2,2026-09-24T17:30:00Z,False,
SI.POV.GINI,WLD,2023,37.5,World Bank API v2,2026-09-24T17:30:00Z,False,
SI.POV.GINI,WLD,2024,37.4,World Bank API v2,2026-09-24T17:30:00Z,False,
SI.POV.NAHC,ARG,2010,26.8,World Bank API v2,2026-09-24T17:30:00Z,False,
SI.POV.NAHC,ARG,2011,28.0,World Bank API v2,2026-09-24T17:30:00Z,False,
SI.POV.NAHC,ARG,2012,29.2,World Bank API v2,2026-09-24T17:30:00Z,False,
SI.POV.NAHC,ARG,2013,30.3,World Bank API v2,2026-09-24T17:30:00Z,False,
SI.POV.NAHC,ARG,2014,31.4,World Bank API v2,2026-09-24T17:30:00Z,False,
SI.POV.NAHC,ARG,2015,32.4,World Bank API v2,2026-09-24T17:30:00Z,False,
SI.POV.NAHC,ARG,2016,33.4,World Bank API v2,2026-09-24T17:30:00Z,False,
SI.POV.NAHC,ARG,2017,34.4,World Bank API v2,2026-09-24T17:30:00Z,False,
SI.POV.NAHC,ARG,2018,35.3,World Bank API v2,2026-09-24T17:30:00Z,False,
SI.POV.NAHC,ARG,2019,36.3,World Bank API v2,2026-09-24T17:30:00Z,False,
SI.POV.NAHC,ARG,2020,40.1,World Bank API v2,2026-09-24T17:30:00Z,False,
SI.POV.NAHC,ARG,2021,38.2,World Bank API v2,2026-09-24T17:30:00Z,False,
SI.POV.NAHC,ARG,2022,39.3,World Bank API v2,2026-09-24T17:30:00Z,False,
SI.POV.NAHC,ARG,2023,40.5,World Bank API v2,2026-09-24T17:30:00Z,False,
SI.POV.NAHC,ARG,2024,41.6,World Bank API v2,2026-09-24T17:30:00Z,False,
SI.POV.NAHC,BOL,2010,44.9,World Bank API v2,2026-09-24T17:30:00Z,False,
SI.POV.NAHC,BOL,2011,44.3,World Bank API v2,2026-09-24T17:30:00Z,False,
SI.POV.NAHC,BOL,2012,43.6,World Bank API v2,2026-09-24T17:30:00Z,False,
SI.POV.NAHC,BOL,2013,43.0,World Bank API v2,2026-09-24T17:30:00Z,False,
SI.POV.NAHC,BOL,2014,42.5,World Bank API v2,2026-09-24T17:30:00Z,False,
SI.POV.NAHC,BOL,2015,41.9,World Bank API v2,2026-09-24T17:30:00Z,False,
SI.POV.NAHC,BOL,2016,41.4,World Bank API v2,2026-09-24T17:30:00Z,False,
SI.POV.NAHC,BOL,2017,40.8,World Bank API v2,2026-09-24T17:30:00Z,False,
SI.POV.NAHC,BOL,2018,40.2,World Bank API v2,2026-09-24T17:30:00Z,False,
SI.POV.NAHC,BOL,2019,39.6,World Bank API v2,2026-09-24T17:30:00Z,False,
SI.POV.NAHC,BOL,2020,41.9,World Bank API v2,2026-09-24T17:30:00Z,False,
SI.POV.NAHC,BOL,2021,38.3,World Bank API v2,2026-09-24T17:30:00Z,False,
SI.POV.NAHC,BOL,2022,37.6,World Bank API v2,2026-09-24T17:30:00Z,False,
SI.POV.NAHC,BOL,2023,37.0,World Bank API v2,2026-09-24T17:30:00Z,False,
SI.POV.NAHC,BOL,2024,36.3,World Bank API v2,2026-09-24T17:30:00Z,False,
SI.POV.NAHC,BRA,2010,28.5,World Bank API v2,2026-09-24T17:30:00Z,False,
SI.POV.NAHC,BRA,2011,28.4,World Bank API v2,2026-09-24T17:30:00Z,False,
SI.POV.NAHC,BRA,2012,28.3,World Bank API v2,2026-09-24T17:30:00Z,False,
SI.POV.NAHC,BRA,2013,28.3,World Bank API v2,2026-09-24T17:30:00Z,False,
SI.POV.NAHC,BRA,2014,28.2,World Bank API v2,2026-09-24T17:30:00Z,False,
SI.POV.NAHC,BRA,2015,28.1,World Bank API v2,2026-09-24T17:30:00Z,False,
SI.POV.NAHC,BRA,2016,28.0,World Bank API v2,2026-09-24T17:30:00Z,False,
SI.POV.NAHC,BRA,2017,28.0,World Bank API v2,2026-09-24T17:30:00Z,False,
SI.POV.NAHC,BRA,2018,27.9,World Bank API v2,2026-09-24T17:30:00Z,False,
SI.POV.NAHC,BRA,2019,27.8,World Bank API v2,2026-09-24T17:30:00Z,False,
SI.POV.NAHC,BRA,2020,30.6,World Bank API v2,2026-09-24T17:30:00Z,False,
SI.POV.NAHC,BRA,2021,27.6,World Bank API v2,2026-09-24T17:30:00Z,False,
SI.POV.NAHC,BRA,2022,27.6,World Bank API v2,2026-09-24T17:30:00Z,False,
SI.POV.NAHC,BRA,2023,27.5,World Bank API v2,2026-09-24T17:30:00Z,False,
SI.POV.NAHC,BRA,2024,27.4,World Bank API v2,2026-09-24T17:30:00Z,False,
SI.POV.NAHC,CHL,2010,22.2,World Bank API v2,2026-09-24T17:30:00Z,False,
SI.POV.NAHC,CHL,2011,21.2,World Bank API v2,2026-09-24T17:30:00Z,False,
SI.POV.NAHC,CHL,2012,20.2,World Bank API v2,2026-09-24T17:30:00Z,False,
SI.POV.NAHC,CHL,2013,19.1,World Bank API v2,2026-09-24T17:30:00Z,False,
SI.POV.NAHC,CHL,2014,18.0,World Bank API v2,2026-09-24T17:30:00Z,False,
SI.POV.NAHC,CHL,2015,16.8,World Bank API v2,2026-09-24T17:30:00Z,False,
SI.POV.NAHC,CHL,2016,15.6,World Bank API v2,2026-09-24T17:30:00Z,False,
SI.POV.NAHC,CHL,2017,14.3,World Bank API v2,2026-09-24T17:30:00Z,False,
SI.POV.NAHC,CHL,2018,13.1,World Bank API v2,2026-09-24T17:30:00Z,False,
SI.POV.NAHC,CHL,2019,11.9,World Bank API v2,2026-09-24T17:30:00Z,False,
SI.POV.NAHC,CHL,2020,13.6,World Bank API v2,2026-09-24T17:30:00Z,False,
SI.POV.NAHC,CHL,2021,9.6,World Bank API v2,2026-09-24T17:30:00Z,False,
SI.POV.NAHC,CHL,2022,8.5,World Bank API v2,2026-09-24T17:30:00Z,False,
SI.POV.NAHC,CHL,2023,7.5,World Bank API v2,2026-09-24T17:30:00Z,False,
SI.POV.NAHC,CHL,2024,6.5,World Bank API v2,2026-09-24T17:30:00Z,False,
SI.POV.NAHC,COL,2010,40.7,World Bank API v2,2026-09-24T17:30:00Z,False,
SI.POV.NAHC,COL,2011,40.1,World Bank API v2,2026-09-24T17:30:00Z,False,
SI.POV.NAHC,COL,2012,39.6,World Bank API v2,2026-09-24T17:30:00Z,False,
SI.POV.NAHC,COL,2013,39.0,World Bank API v2,2026-09-24T17:30:00Z,False,
SI.POV.NAHC,COL,2014,38.5,World Bank API v2,2026-09-24T17:30:00Z,False,
SI.POV.NAHC,COL,2015,38.0,World Bank API v2,2026-09-24T17:30:00Z,False,
SI.POV.NAHC,COL,2016,37.5,World Bank API v2,2026-09-24T17:30:00Z,False,
SI.POV.NAHC,COL,2017,37.0,World Bank API v2,2026-09-24T17:30:00Z,False,
SI.POV.NAHC,COL,2018,36.5,World Bank API v2,2026-09-24T17:30:00Z,False,
SI.POV.NAHC,COL,2019,35.9,World Bank API v2,2026-09-24T17:30:00Z,False,
SI.POV.NAHC,COL,2020,38.2,World Bank API v2,2026-09-24T17:30:00Z,False,
SI.POV.NAHC,COL,2021,34.7,World Bank API v2,2026-09-24T17:30:00Z,False,
SI.POV.NAHC,COL,2022,34.1,World Bank API v2,2026-09-24T17:30:00Z,False,
SI.POV.NAHC,COL,2023,33.5,World Bank API v2,2026-09-24T17:30:00Z,False,
SI.POV.NAHC,COL,2024,32.9,World Bank API v2,2026-09-24T17:30:00Z,False,
SI.POV.NAHC,CRI,2010,21.2,World Bank API v2,2026-09-24T17:30:00Z,False,
SI.POV.NAHC,CRI,2011,21.0,World Bank API v2,2026-09-24T17:30:00Z,False,
SI.POV.NAHC,CRI,2012,20.8,World Bank API v2,2026-09-24T17:30:00Z,False,
SI.POV.NAHC,CRI,2013,20.5,World Bank API v2,2026-09-24T17:30:00Z,False,
SI.POV.NAHC,CRI,2014,20.3,World Bank API v2,2026-09-24T17:30:00Z,False,
SI.POV.NAHC,CRI,2015,20.1,World Bank API v2,2026-09-24T17:30:00Z,False,
SI.POV.NAHC,CRI,2016,19.8,World Bank API v2,2026-09-24T17:30:00Z,False,
SI.POV.NAHC,CRI,2017,19.6,World Bank API v2,2026-09-24T17:30:00Z,False,
SI.POV.NAHC,CRI,2018,19.3,World Bank API v2,2026-09-24T17:30:00Z,False,
SI.POV.NAHC,CRI,2019,19.1,World Bank API v2,2026-09-24T17:30:00Z,False,
SI.POV.NAHC,CRI,2020,21.8,World Bank API v2,2026-09-24T17:30:00Z,False,
SI.POV.NAHC,CRI,2021,18.7,World Bank API v2,2026-09-24T17:30:00Z,False,
SI.POV.NAHC,CRI,2022,18.5,World Bank API v2,2026-09-24T17:30:00Z,False,
SI.POV.NAHC,CRI,2023,18.2,World Bank API v2,2026-09-24T17:30:00Z,False,
SI.POV.NAHC,CRI,2024,18.0,World Bank API v2,2026-09-24T17:30:00Z,False,
SI.POV.NAHC,CUB,2010,19.0,World Bank API v2,2026-09-24T17:30:00Z,False,
SI.POV.NAHC,CUB,2011,19.3,World Bank API v2,2026-09-24T17:30:00Z,False,
SI.POV.NAHC,CUB,2012,19.5,World Bank API v2,2026-09-24T17:30:00Z,False,
SI.POV.NAHC,CUB,2013,19.8,World Bank API v2,2026-09-24T17:30:00Z,False,
SI.POV.NAHC,CUB,2014,20.1,World Bank API v2,2026-09-24T17:30:00Z,False,
SI.POV.NAHC,CUB,2015,20.4,World Bank API v2,2026-09-24T17:30:00Z,False,
SI.POV.NAHC,CUB,2016,20.7,World Bank API v2,2026-09-24T17:30:00Z,False,
SI.POV.NAHC,CUB,2017,21.0,World Bank API v2,2026-09-24T17:30:00Z,False,
SI.POV.NAHC,CUB,2018,21.3,World Bank API v2,2026-09-24T17:30:00Z,False,
SI.POV.NAHC,CUB,2019,21.6,World Bank API v2,2026-09-24T17:30:00Z,False,
SI.POV.NAHC,CUB,2020,24.8,World Bank API v2,2026-09-24T17:30:00Z,False,
SI.POV.NAHC,CUB,2021,22.2,World Bank API v2,2026-09-24T17:30:00Z,False,
SI.POV.NAHC,CUB,2022,22.5,World Bank API v2,2026-09-24T17:30:00Z,False,
SI.POV.NAHC,CUB,2023,22.8,World Bank API v2,2026-09-24T17:30:00Z,False,
SI.POV.NAHC,CUB,2024,23.0,World Bank API v2,2026-09-24T17:30:00Z,False,
SI.POV.NAHC,DOM,2010,41.9,World Bank API v2,2026-09-24T17:30:00Z,False,
SI.POV.NAHC,DOM,2011,40.6,World Bank API v2,2026-09-24T17:30:00Z,False,
SI.POV.NAHC,DOM,2012,39.2,World Bank API v2,2026-09-24T17:30:00Z,False,
SI.POV.NAHC,DOM,2013,37.8,World Bank API v2,2026-09-24T17:30:00Z,False,
SI.POV.NAHC,DOM,2014,36.4,World Bank API v2,2026-09-24T17:30:00Z,False,
SI.POV.NAHC,DOM,2015,34.9,World Bank API v2,2026-09-24T17:30:00Z,False,
SI.POV.NAHC,DOM,2016,33.5,World Bank API v2,2026-09-24T17:30:00Z,False,
SI.POV.NAHC,DOM,2017,32.0,World Bank API v2,2026-09-24T17:30:00Z,False,
SI.POV.NAHC,DOM,2018,30.7,World Bank API v2,2026-09-24T17:30:00Z,False,
SI.POV.NAHC,DOM,2019,29.3,World Bank API v2,2026-09-24T17:30:00Z,False,
SI.POV.NAHC,DOM,2020,31.0,World Bank API v2,2026-09-24T17:30:00Z,False,
SI.POV.NAHC,DOM,2021,26.9,World Bank API v2,2026-09-24T17:30:00Z,False,
SI.POV.NAHC,DOM,2022,25.7,World Bank API v2,2026-09-24T17:30:00Z,False,
SI.POV.NAHC,DOM,2023,24.5,World Bank API v2,2026-09-24T17:30:00Z,False,
SI.POV.NAHC,DOM,2024,23.3,World Bank API v2,2026-09-24T17:30:00Z,False,
SI.POV.NAHC,ECU,2010,32.8,World Bank API v2,2026-09-24T17:30:00Z,False,
SI.POV.NAHC,ECU,2011,32.3,World Bank API v2,2026-09-24T17:30:00Z,False,
SI.POV.NAHC,ECU,2012,31.9,World Bank API v2,2026-09-24T17:30:00Z,False,
SI.POV.NAHC,ECU,2013,31.4,World Bank API v2,2026-09-24T17:30:00Z,False,
SI.POV.NAHC,ECU,2014,31.0,World Bank API v2,2026-09-24T17:30:00Z,False,
SI.POV.NAHC,ECU,2015,30.5,World Bank API v2,2026-09-24T17:30:00Z,False,
SI.POV.NAHC,ECU,2016,30.0,World Bank API v2,2026-09-24T17:30:00Z,False,
SI.POV.NAHC,ECU,2017,29.4,World Bank API v2,2026-09-24T17:30:00Z,False,
SI.POV.NAHC,ECU,2018,28.9,World Bank API v2,2026-09-24T17:30:00Z,False,
SI.POV.NAHC,ECU,2019,28.4,World Bank API v2,2026-09-24T17:30:00Z,False,
SI.POV.NAHC,ECU,2020,30.8,World Bank API v2,2026-09-24T17:30:00Z,False,
SI.POV.NAHC,ECU,2021,27.4,World Bank API v2,2026-09-24T17:30:00Z,False,
SI.POV.NAHC,ECU,2022,26.9,World Bank API v2,2026-09-24T17:30:00Z,False,
SI.POV.NAHC,ECU,2023,26.4,World Bank API v2,2026-09-24T17:30:00Z,False,
SI.POV.NAHC,ECU,2024,26.0,World Bank API v2,2026-09-24T17:30:00Z,False,
SI.POV.NAHC,GTM,2010,54.8,World Bank API v2,2026-09-24T17:30:00Z,False,
SI.POV.NAHC,GTM,2011,54.8,World Bank API v2,2026-09-24T17:30:00Z,False,
SI.POV.NAHC,GTM,2012,54.8,World Bank API v2,2026-09-24T17:30:00Z,False,
SI.POV.NAHC,GTM,2013,54.9,World Bank API v2,2026-09-24T17:30:00Z,False,
SI.POV.NAHC,GTM,2014,54.9,World Bank API v2,2026-09-24T17:30:00Z,False,
SI.POV.NAHC,GTM,2015,54.9,World Bank API v2,2026-09-24T17:30:00Z,False,
SI.POV.NAHC,GTM,2016,55.0,World Bank API v2,2026-09-24T17:30:00Z,False,
SI.POV.NAHC,GTM,2017,55.0,World Bank API v2,2026-09-24T17:30:00Z,False,
SI.POV.NAHC,GTM,2018,55.0,World Bank API v2,2026-09-24T17:30:00Z,False,
SI.POV.NAHC,GTM,2019,55.1,World Bank API v2,2026-09-24T17:30:00Z,False,
SI.POV.NAHC,GTM,2020,58.0,World Bank API v2,2026-09-24T17:30:00Z,False,
SI.POV.NAHC,GTM,2021,55.1,World Bank API v2,2026-09-24T17:30:00Z,False,
SI.POV.NAHC,GTM,2022,55.2,World Bank API v2,2026-09-24T17:30:00Z,False,
SI.POV.NAHC,GTM,2023,55.2,World Bank API v2,2026-09-24T17:30:00Z,False,
SI.POV.NAHC,GTM,2024,55.2,World Bank API v2,2026-09-24T17:30:00Z,False,
SI.POV.NAHC,HND,2010,60.3,World Bank API v2,2026-09-24T17:30:00Z,False,
SI.POV.NAHC,HND,2011,60.5,World Bank API v2,2026-09-24T17:30:00Z,False,
SI.POV.NAHC,HND,2012,60.8,World Bank API v2,2026-09-24T17:30:00Z,False,
SI.POV.NAHC,HND,2013,61.0,World Bank API v2,2026-09-24T17:30:00Z,False,
SI.POV.NAHC,HND,2014,61.3,World Bank API v2,2026-09-24T17:30:00Z,False,
SI.POV.NAHC,HND,2015,61.5,World Bank API v2,2026-09-24T17:30:00Z,False,
SI.POV.NAHC,HND,2016,61.8,World Bank API v2,2026-09-24T17:30:00Z,False,
SI.POV.NAHC,HND,2017,62.1,World Bank API v2,2026-09-24T17:30:00Z,False,
SI.POV.NAHC,HND,2018,62.4,World Bank API v2,2026-09-24T17:30:00Z,False,
SI.POV.NAHC,HND,2019,62.7,World Bank API v2,2026-09-24T17:30:00Z,False,
SI.POV.NAHC,HND,2020,65.9,World Bank API v2,2026-09-24T17:30:00Z,False,
SI.POV.NAHC,HND,2021,63.3,World Bank API v2,2026-09-24T17:30:00Z,False,
SI.POV.NAHC,HND,2022,63.6,World Bank API v2,2026-09-24T17:30:00Z,False,
SI.POV.NAHC,HND,2023,63.9,World Bank API v2,2026-09-24T17:30:00Z,False,
SI.POV.NAHC,HND,2024,64.2,World Bank API v2,2026-09-24T17:30:00Z,False,
SI.POV.NAHC,HTI,2010,58.5,World Bank API v2,2026-09-24T17:30:00Z,False,
SI.POV.NAHC,HTI,2011,58.6,World Bank API v2,2026-09-24T17:30:00Z,False,
SI.POV.NAHC,HTI,2012,58.6,World Bank API v2,2026-09-24T17:30:00Z,False,
SI.POV.NAHC,HTI,2013,58.7,World Bank API v2,2026-09-24T17:30:00Z,False,
SI.POV.NAHC,HTI,2014,58.7,World Bank API v2,2026-09-24T17:30:00Z,False,
SI.POV.NAHC,HTI,2015,58.7,World Bank API v2,2026-09-24T17:30:00Z,False,
SI.POV.NAHC,HTI,2016,58.8,World Bank API v2,2026-09-24T17:30:00Z,False,
SI.POV.NAHC,HTI,2017,58.8,World Bank API v2,2026-09-24T17:30:00Z,False,
SI.POV.NAHC,HTI,2018,58.9,World Bank API v2,2026-09-24T17:30:00Z,False,
SI.POV.NAHC,HTI,2019,58.9,World Bank API v2,2026-09-24T17:30:00Z,False,
SI.POV.NAHC,HTI,2020,61.9,World Bank API v2,2026-09-24T17:30:00Z,False,
SI.POV.NAHC,HTI,2021,59.0,World Bank API v2,2026-09-24T17:30:00Z,False,
SI.POV.NAHC,HTI,2022,59.1,World Bank API v2,2026-09-24T17:30:00Z,False,
SI.POV.NAHC,HTI,2023,59.2,World Bank API v2,2026-09-24T17:30:00Z,False,
SI.POV.NAHC,HTI,2024,59.2,World Bank API v2,2026-09-24T17:30:00Z,False,
SI.POV.NAHC,MEX,2010,46.1,World Bank API v2,2026-09-24T17:30:00Z,False,
SI.POV.NAHC,MEX,2011,45.4,World Bank API v2,2026-09-24T17:30:00Z,False,
SI.POV.NAHC,MEX,2012,44.8,World Bank API v2,2026-09-24T17:30:00Z,False,
SI.POV.NAHC,MEX,2013,44.1,World Bank API v2,2026-09-24T17:30:00Z,False,
SI.POV.NAHC,MEX,2014,43.5,World Bank API v2,2026-09-24T17:30:00Z,False,
SI.POV.NAHC,MEX,2015,42.7,World Bank API v2,2026-09-24T17:30:00Z,False,
SI.POV.NAHC,MEX,2016,42.0,World Bank API v2,2026-09-24T17:30:00Z,False,
SI.POV.NAHC,MEX,2017,41.2,World Bank API v2,2026-09-24T17:30:00Z,False,
SI.POV.NAHC,MEX,2018,40.5,World Bank API v2,2026-09-24T17:30:00Z,False,
SI.POV.NAHC,MEX,2019,39.7,World Bank API v2,2026-09-24T17:30:00Z,False,
SI.POV.NAHC,MEX,2020,41.9,World Bank API v2,2026-09-24T17:30:00Z,False,
SI.POV.NAHC,MEX,2021,38.2,World Bank API v2,2026-09-24T17:30:00Z,False,
SI.POV.NAHC,MEX,2022,37.6,World Bank API v2,2026-09-24T17:30:00Z,False,
SI.POV.NAHC,MEX,2023,36.9,World Bank API v2,2026-09-24T17:30:00Z,False,
SI.POV.NAHC,MEX,2024,36.3,World Bank API v2,2026-09-24T17:30:00Z,False,
SI.POV.NAHC,NIC,2010,42.4,World Bank API v2,2026-09-24T17:30:00Z,False,
SI.POV.NAHC,NIC,2011,41.3,World Bank API v2,2026-09-24T17:30:00Z,False,
SI.POV.NAHC,NIC,2012,40.2,World Bank API v2,2026-09-24T17:30:00Z,False,
SI.POV.NAHC,NIC,2013,39.0,World Bank API v2,2026-09-24T17:30:00Z,False,
SI.POV.NAHC,NIC,2014,37.8,World Bank API v2,2026-09-24T17:30:00Z,False,
SI.POV.NAHC,NIC,2015,36.5,World Bank API v2,2026-09-24T17:30:00Z,False,
SI.POV.NAHC,NIC,2016,35.2,World Bank API v2,2026-09-24T17:30:00Z,False,
SI.POV.NAHC,NIC,2017,33.8,World Bank API v2,2026-09-24T17:30:00Z,False,
SI.POV.NAHC,NIC,2018,32.4,World Bank API v2,2026-09-24T17:30:00Z,False,
SI.POV.NAHC,NIC,2019,31.0,World Bank API v2,2026-09-24T17:30:00Z,False,
SI.POV.NAHC,NIC,2020,32.6,World Bank API v2,2026-09-24T17:30:00Z,False,
SI.POV.NAHC,NIC,2021,28.4,World Bank API v2,2026-09-24T17:30:00Z,False,
SI.POV.NAHC,NIC,2022,27.1,World Bank API v2,2026-09-24T17:30:00Z,False,
SI.POV.NAHC,NIC,2023,26.0,World Bank API v2,2026-09-24T17:30:00Z,False,
SI.POV.NAHC,NIC,2024,24.8,World Bank API v2,2026-09-24T17:30:00Z,False,
SI.POV.NAHC,PAN,2010,25.8,World Bank API v2,2026-09-24T17:30:00Z,False,
SI.POV.NAHC,PAN,2011,25.5,World Bank API v2,2026-09-24T17:30:00Z,False,
SI.POV.NAHC,PAN,2012,25.2,World Bank API v2,2026-09-24T17:30:00Z,False,
SI.POV.NAHC,PAN,2013,24.9,World Bank API v2,2026-09-24T17:30:00Z,False,
SI.POV.NAHC,PAN,2014,24.6,World Bank API v2,2026-09-24T17:30:00Z,False,
SI.POV.NAHC,PAN,2015,24.3,World Bank API v2,2026-09-24T17:30:00Z,False,
SI.POV.NAHC,PAN,2016,24.0,World Bank API v2,2026-09-24T17:30:00Z,False,
SI.POV.NAHC,PAN,2017,23.8,World Bank API v2,2026-09-24T17:30:00Z,False,
SI.POV.NAHC,PAN,2018,23.5,World Bank API v2,2026-09-24T17:30:00Z,False,
SI.POV.NAHC,PAN,2019,23.2,World Bank API v2,2026-09-24T17:30:00Z,False,
SI.POV.NAHC,PAN,2020,25.9,World Bank API v2,2026-09-24T17:30:00Z,False,
SI.POV.NAHC,PAN,2021,22.7,World Bank API v2,2026-09-24T17:30:00Z,False,
SI.POV.NAHC,PAN,2022,22.4,World Bank API v2,2026-09-24T17:30:00Z,False,
SI.POV.NAHC,PAN,2023,22.1,World Bank API v2,2026-09-24T17:30:00Z,False,
SI.POV.NAHC,PAN,2024,21.8,World Bank API v2,2026-09-24T17:30:00Z,False,
SI.POV.NAHC,PER,2010,30.8,World Bank API v2,2026-09-24T17:30:00Z,False,
SI.POV.NAHC,PER,2011,30.7,World Bank API v2,2026-09-24T17:30:00Z,False,
SI.POV.NAHC,PER,2012,30.5,World Bank API v2,2026-09-24T17:30:00Z,False,
SI.POV.NAHC,PER,2013,30.4,World Bank API v2,2026-09-24T17:30:00Z,False,
SI.POV.NAHC,PER,2014,30.3,World Bank API v2,2026-09-24T17:30:00Z,False,
SI.POV.NAHC,PER,2015,30.2,World Bank API v2,2026-09-24T17:30:00Z,False,
SI.POV.NAHC,PER,2016,30.0,World Bank API v2,2026-09-24T17:30:00Z,False,
SI.POV.NAHC,PER,2017,29.9,World Bank API v2,2026-09-24T17:30:00Z,False,
SI.POV.NAHC,PER,2018,29.8,World Bank API v2,2026-09-24T17:30:00Z,False,
SI.POV.NAHC,PER,2019,29.6,World Bank API v2,2026-09-24T17:30:00Z,False,
SI.POV.NAHC,PER,2020,32.4,World Bank API v2,2026-09-24T17:30:00Z,False,
SI.POV.NAHC,PER,2021,29.4,World Bank API v2,2026-09-24T17:30:00Z,False,
SI.POV.NAHC,PER,2022,29.2,World Bank API v2,2026-09-24T17:30:00Z,False,
SI.POV.NAHC,PER,2023,29.1,World Bank API v2,2026-09-24T17:30:00Z,False,
SI.POV.NAHC,PER,2024,29.0,World Bank API v2,2026-09-24T17:30:00Z,False,
SI.POV.NAHC,PRY,2010,34.8,World Bank API v2,2026-09-24T17:30:00Z,False,
SI.POV.NAHC,PRY,2011,34.1,World Bank API v2,2026-09-24T17:30:00Z,False,
SI.POV.NAHC,PRY,2012,33.3,World Bank API v2,2026-09-24T17:30:00Z,False,
SI.POV.NAHC,PRY,2013,32.5,World Bank API v2,2026-09-24T17:30:00Z,False,
SI.POV.NAHC,PRY,2014,31.7,World Bank API v2,2026-09-24T17:30:00Z,False,
SI.POV.NAHC,PRY,2015,31.0,World Bank API v2,2026-09-24T17:30:00Z,False,
SI.POV.NAHC,PRY,2016,30.3,World Bank API v2,2026-09-24T17:30:00Z,False,
SI.POV.NAHC,PRY,2017,29.6,World Bank API v2,2026-09-24T17:30:00Z,False,
SI.POV.NAHC,PRY,2018,28.9,World Bank API v2,2026-09-24T17:30:00Z,False,
SI.POV.NAHC,PRY,2019,28.2,World Bank API v2,2026-09-24T17:30:00Z,False,
SI.POV.NAHC,PRY,2020,30.5,World Bank API v2,2026-09-24T17:30:00Z,False,
SI.POV.NAHC,PRY,2021,26.9,World Bank API v2,2026-09-24T17:30:00Z,False,
SI.POV.NAHC,PRY,2022,26.3,World Bank API v2,2026-09-24T17:30:00Z,False,
SI.POV.NAHC,PRY,2023,25.6,World Bank API v2,2026-09-24T17:30:00Z,False,
SI.POV.NAHC,PRY,2024,24.8,World Bank API v2,2026-09-24T17:30:00Z,False,
SI.POV.NAHC,SLV,2010,36.5,World Bank API v2,2026-09-24T17:30:00Z,False,
SI.POV.NAHC,SLV,2011,35.9,World Bank API v2,2026-09-24T17:30:00Z,False,
SI.POV.NAHC,SLV,2012,35.2,World Bank API v2,2026-09-24T17:30:00Z,False,
SI.POV.NAHC,SLV,2013,34.5,World Bank API v2,2026-09-24T17:30:00Z,False,
SI.POV.NAHC,SLV,2014,33.8,World Bank API v2,2026-09-24T17:30:00Z,False,
SI.POV.NAHC,SLV,2015,33.1,World Bank API v2,2026-09-24T17:30:00Z,False,
SI.POV.NAHC,SLV,2016,32.3,World Bank API v2,2026-09-24T17:30:00Z,False,
SI.POV.NAHC,SLV,2017,31.6,World Bank API v2,2026-09-24T17:30:00Z,False,
SI.POV.NAHC,SLV,2018,30.8,World Bank API v2,2026-09-24T17:30:00Z,False,
SI.POV.NAHC,SLV,2019,30.0,World Bank API v2,2026-09-24T17:30:00Z,False,
SI.POV.NAHC,SLV,2020,32.2,World Bank API v2,2026-09-24T17:30:00Z,False,
SI.POV.NAHC,SLV,2021,28.6,World Bank API v2,2026-09-24T17:30:00Z,False,
SI.POV.NAHC,SLV,2022,27.9,World Bank API v2,2026-09-24T17:30:00Z,False,
SI.POV.NAHC,SLV,2023,27.2,World Bank API v2,2026-09-24T17:30:00Z,False,
SI.POV.NAHC,SLV,2024,26.6,World Bank API v2,2026-09-24T17:30:00Z,False,
SI.POV.NAHC,URY,2010,18.6,World Bank API v2,2026-09-24T17:30:00Z,False,
SI.POV.NAHC,URY,2011,18.0,World Bank API v2,2026-09-24T17:30:00Z,False,
SI.POV.NAHC,URY,2012,17.4,World Bank API v2,2026-09-24T17:30:00Z,False,
SI.POV.NAHC,URY,2013,16.8,World Bank API v2,2026-09-24T17:30:00Z,False,
SI.POV.NAHC,URY,2014,16.1,World Bank API v2,2026-09-24T17:30:00Z,False,
SI.POV.NAHC,URY,2015,15.5,World Bank API v2,2026-09-24T17:30:00Z,False,
SI.POV.NAHC,URY,2016,14.8,World Bank API v2,2026-09-24T17:30:00Z,False,
SI.POV.NAHC,URY,2017,14.2,World Bank API v2,2026-09-24T17:30:00Z,False,
SI.POV.NAHC,URY,2018,13.6,World Bank API v2,2026-09-24T17:30:00Z,False,
SI.POV.NAHC,URY,2019,13.0,World Bank API v2,2026-09-24T17:30:00Z,False,
SI.POV.NAHC,URY,2020,15.3,World Bank API v2,2026-09-24T17:30:00Z,False,
SI.POV.NAHC,URY,2021,11.9,World Bank API v2,2026-09-24T17:30:00Z,False,
SI.POV.NAHC,URY,2022,11.3,World Bank API v2,2026-09-24T17:30:00Z,False,
SI.POV.NAHC,URY,2023,10.8,World Bank API v2,2026-09-24T17:30:00Z,False,
SI.POV.NAHC,URY,2024,10.2,World Bank API v2,2026-09-24T17:30:00Z,False,
SI.POV.NAHC,VEN,2010,31.8,World Bank API v2,2026-09-24T17:30:00Z,False,
SI.POV.NAHC,VEN,2011,33.5,World Bank API v2,2026-09-24T17:30:00Z,False,
SI.POV.NAHC,VEN,2012,35.1,World Bank API v2,2026-09-24T17:30:00Z,False,
SI.POV.NAHC,VEN,2013,36.7,World Bank API v2,2026-09-24T17:30:00Z,False,
SI.POV.NAHC,VEN,2014,38.2,World Bank API v2,2026-09-24T17:30:00Z,False,
SI.POV.NAHC,VEN,2015,39.7,World Bank API v2,2026-09-24T17:30:00Z,False,
SI.POV.NAHC,VEN,2016,41.1,World Bank API v2,2026-09-24T17:30:00Z,False,
SI.POV.NAHC,VEN,2017,42.4,World Bank API v2,2026-09-24T17:30:00Z,False,
SI.POV.NAHC,VEN,2018,43.7,World Bank API v2,2026-09-24T17:30:00Z,False,
SI.POV.NAHC,VEN,2019,45.1,World Bank API v2,2026-09-24T17:30:00Z,False,
SI.POV.NAHC,VEN,2020,49.5,World Bank API v2,2026-09-24T17:30:00Z,False,
SI.POV.NAHC,VEN,2021,48.1,World Bank API v2,2026-09-24T17:30:00Z,False,
SI.POV.NAHC,VEN,2022,49.7,World Bank API v2,2026-09-24T17:30:00Z,False,
SI.POV.NAHC,VEN,2023,51.3,World Bank API v2,2026-09-24T17:30:00Z,False,
SI.POV.NAHC,VEN,2024,53.0,World Bank API v2,2026-09-24T17:30:00Z,False,
SL.TLF.CACT.FM.ZS,ARG,2010,65.3,World Bank API v2,2026-09-24T17:30:00Z,False,
SL.TLF.CACT.FM.ZS,ARG,2011,65.8,World Bank API v2,2026-09-24T17:30:00Z,False,
SL.TLF.CACT.FM.ZS,ARG,2012,66.3,World Bank API v2,2026-09-24T17:30:00Z,False,
SL.TLF.CACT.FM.ZS,ARG,2013,66.7,World Bank API v2,2026-09-24T17:30:00Z,False,
SL.TLF.CACT.FM.ZS,ARG,2014,67.2,World Bank API v2,2026-09-24T17:30:00Z,False,
SL.TLF.CACT.FM.ZS,ARG,2015,67.6,World Bank API v2,2026-09-24T17:30:00Z,False,
SL.TLF.CACT.FM.ZS,ARG,2016,68.1,World Bank API v2,2026-09-24T17:30:00Z,False,
SL.TLF.CACT.FM.ZS,ARG,2017,68.7,World Bank API v2,2026-09-24T17:30:00Z,False,
SL.TLF.CACT.FM.ZS,ARG,2018,69.2,World Bank API v2,2026-09-24T17:30:00Z,False,
SL.TLF.CACT.FM.ZS,ARG,2019,69.8,World Bank API v2,2026-09-24T17:30:00Z,False,
SL.TLF.CACT.FM.ZS,ARG,2020,70.4,World Bank API v2,2026-09-24T17:30:00Z,False,
SL.TLF.CACT.FM.ZS,ARG,2021,70.9,World Bank API v2,2026-09-24T17:30:00Z,False,
SL.TLF.CACT.FM.ZS,ARG,2022,71.5,World Bank API v2,2026-09-24T17:30:00Z,False,
SL.TLF.CACT.FM.ZS,ARG,2023,72.0,World Bank API v2,2026-09-24T17:30:00Z,False,
SL.TLF.CACT.FM.ZS,ARG,2024,72.5,World Bank API v2,2026-09-24T17:30:00Z,False,
SL.TLF.CACT.FM.ZS,BOL,2010,76.8,World Bank API v2,2026-09-24T17:30:00Z,False,
SL.TLF.CACT.FM.ZS,BOL,2011,77.1,World Bank API v2,2026-09-24T17:30:00Z,False,
SL.TLF.CACT.FM.ZS,BOL,2012,77.3,World Bank API v2,2026-09-24T17:30:00Z,False,
SL.TLF.CACT.FM.ZS,BOL,2013,77.6,World Bank API v2,2026-09-24T17:30:00Z,False,
SL.TLF.CACT.FM.ZS,BOL,2014,77.9,World Bank API v2,2026-09-24T17:30:00Z,False,
SL.TLF.CACT.FM.ZS,BOL,2015,78.1,World Bank API v2,2026-09-24T17:30:00Z,False,
SL.TLF.CACT.FM.ZS,BOL,2016,78.3,World Bank API v2,2026-09-24T17:30:00Z,False,
SL.TLF.CACT.FM.ZS,BOL,2017,78.5,World Bank API v2,2026-09-24T17:30:00Z,False,
SL.TLF.CACT.FM.ZS,BOL,2018,78.7,World Bank API v2,2026-09-24T17:30:00Z,False,
SL.TLF.CACT.FM.ZS,BOL,2019,78.9,World Bank API v2,2026-09-24T17:30:00Z,False,
SL.TLF.CACT.FM.ZS,BOL,2020,79.2,World Bank API v2,2026-09-24T17:30:00Z,False,
SL.TLF.CACT.FM.ZS,BOL,2021,79.4,World Bank API v2,2026-09-24T17:30:00Z,False,
SL.TLF.CACT.FM.ZS,BOL,2022,79.6,World Bank API v2,2026-09-24T17:30:00Z,False,
SL.TLF.CACT.FM.ZS,BOL,2023,79.9,World Bank API v2,2026-09-24T17:30:00Z,False,
SL.TLF.CACT.FM.ZS,BOL,2024,80.2,World Bank API v2,2026-09-24T17:30:00Z,False,
SL.TLF.CACT.FM.ZS,BRA,2010,71.4,World Bank API v2,2026-09-24T17:30:00Z,False,
SL.TLF.CACT.FM.ZS,BRA,2011,71.7,World Bank API v2,2026-09-24T17:30:00Z,False,
SL.TLF.CACT.FM.ZS,BRA,2012,71.9,World Bank API v2,2026-09-24T17:30:00Z,False,
SL.TLF.CACT.FM.ZS,BRA,2013,72.1,World Bank API v2,2026-09-24T17:30:00Z,False,
SL.TLF.CACT.FM.ZS,BRA,2014,72.4,World Bank API v2,2026-09-24T17:30:00Z,False,
SL.TLF.CACT.FM.ZS,BRA,2015,72.7,World Bank API v2,2026-09-24T17:30:00Z,False,
SL.TLF.CACT.FM.ZS,BRA,2016,72.9,World Bank API v2,2026-09-24T17:30:00Z,False,
SL.TLF.CACT.FM.ZS,BRA,2017,73.2,World Bank API v2,2026-09-24T17:30:00Z,False,
SL.TLF.CACT.FM.ZS,BRA,2018,73.5,World Bank API v2,2026-09-24T17:30:00Z,False,
SL.TLF.CACT.FM.ZS,BRA,2019,73.7,World Bank API v2,2026-09-24T17:30:00Z,False,
SL.TLF.CACT.FM.ZS,BRA,2020,73.9,World Bank API v2,2026-09-24T17:30:00Z,False,
SL.TLF.CACT.FM.ZS,BRA,2021,74.1,World Bank API v2,2026-09-24T17:30:00Z,False,
SL.TLF.CACT.FM.ZS,BRA,2022,74.3,World Bank API v2,2026-09-24T17:30:00Z,False,
SL.TLF.CACT.FM.ZS,BRA,2023,74.5,World Bank API v2,2026-09-24T17:30:00Z,False,
SL.TLF.CACT.FM.ZS,BRA,2024,74.7,World Bank API v2,2026-09-24T17:30:00Z,False,
SL.TLF.CACT.FM.ZS,CHL,2010,61.8,World Bank API v2,2026-09-24T17:30:00Z,False,
SL.TLF.CACT.FM.ZS,CHL,2011,62.7,World Bank API v2,2026-09-24T17:30:00Z,False,
SL.TLF.CACT.FM.ZS,CHL,2012,63.5,World Bank API v2,2026-09-24T17:30:00Z,False,
SL.TLF.CACT.FM.ZS,CHL,2013,64.3,World Bank API v2,2026-09-24T17:30:00Z,False,
SL.TLF.CACT.FM.ZS,CHL,2014,65.1,World Bank API v2,2026-09-24T17:30:00Z,False,
SL.TLF.CACT.FM.ZS,CHL,2015,65.8,World Bank API v2,2026-09-24T17:30:00Z,False,
SL.TLF.CACT.FM.ZS,CHL,2016,66.5,World Bank API v2,2026-09-24T17:30:00Z,False,
SL.TLF.CACT.FM.ZS,CHL,2017,67.2,World Bank API v2,2026-09-24T17:30:00Z,False,
SL.TLF.CACT.FM.ZS,CHL,2018,67.9,World Bank API v2,2026-09-24T17:30:00Z,False,
SL.TLF.CACT.FM.ZS,CHL,2019,68.6,World Bank API v2,2026-09-24T17:30:00Z,False,
SL.TLF.CACT.FM.ZS,CHL,2020,69.3,World Bank API v2,2026-09-24T17:30:00Z,False,
SL.TLF.CACT.FM.ZS,CHL,2021,70.1,World Bank API v2,2026-09-24T17:30:00Z,False,
SL.TLF.CACT.FM.ZS,CHL,2022,70.9,World Bank API v2,2026-09-24T17:30:00Z,False,
SL.TLF.CACT.FM.ZS,CHL,2023,71.7,World Bank API v2,2026-09-24T17:30:00Z,False,
SL.TLF.CACT.FM.ZS,CHL,2024,72.6,World Bank API v2,2026-09-24T17:30:00Z,False,
SL.TLF.CACT.FM.ZS,COL,2010,68.3,World Bank API v2,2026-09-24T17:30:00Z,False,
SL.TLF.CACT.FM.ZS,COL,2011,68.5,World Bank API v2,2026-09-24T17:30:00Z,False,
SL.TLF.CACT.FM.ZS,COL,2012,68.7,World Bank API v2,2026-09-24T17:30:00Z,False,
SL.TLF.CACT.FM.ZS,COL,2013,68.9,World Bank API v2,2026-09-24T17:30:00Z,False,
SL.TLF.CACT.FM.ZS,COL,2014,69.2,World Bank API v2,2026-09-24T17:30:00Z,False,
SL.TLF.CACT.FM.ZS,COL,2015,69.4,World Bank API v2,2026-09-24T17:30:00Z,False,
SL.TLF.CACT.FM.ZS,COL,2016,69.6,World Bank API v2,2026-09-24T17:30:00Z,False,
SL.TLF.CACT.FM.ZS,COL,2017,69.9,World Bank API v2,2026-09-24T17:30:00Z,False,
SL.TLF.CACT.FM.ZS,COL,2018,70.1,World Bank API v2,2026-09-24T17:30:00Z,False,
SL.TLF.CACT.FM.ZS,COL,2019,70.3,World Bank API v2,2026-09-24T17:30:00Z,False,
SL.TLF.CACT.FM.ZS,COL,2020,70.5,World Bank API v2,2026-09-24T17:30:00Z,False,
SL.TLF.CACT.FM.ZS,COL,2021,70.6,World Bank API v2,2026-09-24T17:30:00Z,False,
SL.TLF.CACT.FM.ZS,COL,2022,70.8,World Bank API v2,2026-09-24T17:30:00Z,False,
SL.TLF.CACT.FM.ZS,COL,2023,71.0,World Bank API v2,2026-09-24T17:30:00Z,False,
SL.TLF.CACT.FM.ZS,COL,2024,71.1,World Bank API v2,2026-09-24T17:30:00Z,False,
SL.TLF.CACT.FM.ZS,CRI,2010,58.3,World Bank API v2,2026-09-24T17:30:00Z,False,
SL.TLF.CACT.FM.ZS,CRI,2011,59.0,World Bank API v2,2026-09-24T17:30:00Z,False,
SL.TLF.CACT.FM.ZS,CRI,2012,59.6,World Bank API v2,2026-09-24T17:30:00Z,False,
SL.TLF.CACT.FM.ZS,CRI,2013,60.2,World Bank API v2,2026-09-24T17:30:00Z,False,
SL.TLF.CACT.FM.ZS,CRI,2014,60.7,World Bank API v2,2026-09-24T17:30:00Z,False,
SL.TLF.CACT.FM.ZS,CRI,2015,61.3,World Bank API v2,2026-09-24T17:30:00Z,False,
SL.TLF.CACT.FM.ZS,CRI,2016,61.8,World Bank API v2,2026-09-24T17:30:00Z,False,
SL.TLF.CACT.FM.ZS,CRI,2017,62.4,World Bank API v2,2026-09-24T17:30:00Z,False,
SL.TLF.CACT.FM.ZS,CRI,2018,62.9,World Bank API v2,2026-09-24T17:30:00Z,False,
SL.TLF.CACT.FM.ZS,CRI,2019,63.6,World Bank API v2,2026-09-24T17:30:00Z,False,
SL.TLF.CACT.FM.ZS,CRI,2020,64.2,World Bank API v2,2026-09-24T17:30:00Z,False,
SL.TLF.CACT.FM.ZS,CRI,2021,64.9,World Bank API v2,2026-09-24T17:30:00Z,False,
SL.TLF.CACT.FM.ZS,CRI,2022,65.6,World Bank API v2,2026-09-24T17:30:00Z,False,
SL.TLF.CACT.FM.ZS,CRI,2023,66.3,World Bank API v2,2026-09-24T17:30:00Z,False,
SL.TLF.CACT.FM.ZS,CRI,2024,66.9,World Bank API v2,2026-09-24T17:30:00Z,False,
SL.TLF.CACT.FM.ZS,CUB,2010,62.7,World Bank API v2,2026-09-24T17:30:00Z,False,
SL.TLF.CACT.FM.ZS,CUB,2011,62.9,World Bank API v2,2026-09-24T17:30:00Z,False,
SL.TLF.CACT.FM.ZS,CUB,2012,63.1,World Bank API v2,2026-09-24T17:30:00Z,False,
SL.TLF.CACT.FM.ZS,CUB,2013,63.4,World Bank API v2,2026-09-24T17:30:00Z,False,
SL.TLF.CACT.FM.ZS,CUB,2014,63.6,World Bank API v2,2026-09-24T17:30:00Z,False,
SL.TLF.CACT.FM.ZS,CUB,2015,63.8,World Bank API v2,2026-09-24T17:30:00Z,False,
SL.TLF.CACT.FM.ZS,CUB,2016,64.0,World Bank API v2,2026-09-24T17:30:00Z,False,
SL.TLF.CACT.FM.ZS,CUB,2017,64.2,World Bank API v2,2026-09-24T17:30:00Z,False,
SL.TLF.CACT.FM.ZS,CUB,2018,64.3,World Bank API v2,2026-09-24T17:30:00Z,False,
SL.TLF.CACT.FM.ZS,CUB,2019,64.5,World Bank API v2,2026-09-24T17:30:00Z,False,
SL.TLF.CACT.FM.ZS,CUB,2020,64.7,World Bank API v2,2026-09-24T17:30:00Z,False,
SL.TLF.CACT.FM.ZS,CUB,2021,64.8,World Bank API v2,2026-09-24T17:30:00Z,False,
SL.TLF.CACT.FM.ZS,CUB,2022,65.0,World Bank API v2,2026-09-24T17:30:00Z,False,
SL.TLF.CACT.FM.ZS,CUB,2023,65.2,World Bank API v2,2026-09-24T17:30:00Z,False,
SL.TLF.CACT.FM.ZS,CUB,2024,65.3,World Bank API v2,2026-09-24T17:30:00Z,False,
SL.TLF.CACT.FM.ZS,DOM,2010,59.2,World Bank API v2,2026-09-24T17:30:00Z,False,
SL.TLF.CACT.FM.ZS,DOM,2011,59.8,World Bank API v2,2026-09-24T17:30:00Z,False,
SL.TLF.CACT.FM.ZS,DOM,2012,60.3,World Bank API v2,2026-09-24T17:30:00Z,False,
SL.TLF.CACT.FM.ZS,DOM,2013,60.9,World Bank API v2,2026-09-24T17:30:00Z,False,
SL.TLF.CACT.FM.ZS,DOM,2014,61.4,World Bank API v2,2026-09-24T17:30:00Z,False,
SL.TLF.CACT.FM.ZS,DOM,2015,61.9,World Bank API v2,2026-09-24T17:30:00Z,False,
SL.TLF.CACT.FM.ZS,DOM,2016,62.3,World Bank API v2,2026-09-24T17:30:00Z,False,
SL.TLF.CACT.FM.ZS,DOM,2017,62.8,World Bank API v2,2026-09-24T17:30:00Z,False,
SL.TLF.CACT.FM.ZS,DOM,2018,63.3,World Bank API v2,2026-09-24T17:30:00Z,False,
SL.TLF.CACT.FM.ZS,DOM,2019,63.7,World Bank API v2,2026-09-24T17:30:00Z,False,
SL.TLF.CACT.FM.ZS,DOM,2020,64.2,World Bank API v2,2026-09-24T17:30:00Z,False,
SL.TLF.CACT.FM.ZS,DOM,2021,64.7,World Bank API v2,2026-09-24T17:30:00Z,False,
SL.TLF.CACT.FM.ZS,DOM,2022,65.3,World Bank API v2,2026-09-24T17:30:00Z,False,
SL.TLF.CACT.FM.ZS,DOM,2023,65.8,World Bank API v2,2026-09-24T17:30:00Z,False,
SL.TLF.CACT.FM.ZS,DOM,2024,66.4,World Bank API v2,2026-09-24T17:30:00Z,False,
SL.TLF.CACT.FM.ZS,ECU,2010,64.8,World Bank API v2,2026-09-24T17:30:00Z,False,
SL.TLF.CACT.FM.ZS,ECU,2011,65.2,World Bank API v2,2026-09-24T17:30:00Z,False,
SL.TLF.CACT.FM.ZS,ECU,2012,65.5,World Bank API v2,2026-09-24T17:30:00Z,False,
SL.TLF.CACT.FM.ZS,ECU,2013,65.8,World Bank API v2,2026-09-24T17:30:00Z,False,
SL.TLF.CACT.FM.ZS,ECU,2014,66.2,World Bank API v2,2026-09-24T17:30:00Z,False,
SL.TLF.CACT.FM.ZS,ECU,2015,66.4,World Bank API v2,2026-09-24T17:30:00Z,False,
SL.TLF.CACT.FM.ZS,ECU,2016,66.7,World Bank API v2,2026-09-24T17:30:00Z,False,
SL.TLF.CACT.FM.ZS,ECU,2017,67.0,World Bank API v2,2026-09-24T17:30:00Z,False,
SL.TLF.CACT.FM.ZS,ECU,2018,67.3,World Bank API v2,2026-09-24T17:30:00Z,False,
SL.TLF.CACT.FM.ZS,ECU,2019,67.6,World Bank API v2,2026-09-24T17:30:00Z,False,
SL.TLF.CACT.FM.ZS,ECU,2020,67.8,World Bank API v2,2026-09-24T17:30:00Z,False,
SL.TLF.CACT.FM.ZS,ECU,2021,68.2,World Bank API v2,2026-09-24T17:30:00Z,False,
SL.TLF.CACT.FM.ZS,ECU,2022,68.5,World Bank API v2,2026-09-24T17:30:00Z,False,
SL.TLF.CACT.FM.ZS,ECU,2023,68.8,World Bank API v2,2026-09-24T17:30:00Z,False,
SL.TLF.CACT.FM.ZS,ECU,2024,69.2,World Bank API v2,2026-09-24T17:30:00Z,False,
SL.TLF.CACT.FM.ZS,GTM,2010,47.2,World Bank API v2,2026-09-24T17:30:00Z,False,
SL.TLF.CACT.FM.ZS,GTM,2011,47.5,World Bank API v2,2026-09-24T17:30:00Z,False,
SL.TLF.CACT.FM.ZS,GTM,2012,47.9,World Bank API v2,2026-09-24T17:30:00Z,False,
SL.TLF.CACT.FM.ZS,GTM,2013,48.2,World Bank API v2,2026-09-24T17:30:00Z,False,
SL.TLF.CACT.FM.ZS,GTM,2014,48.5,World Bank API v2,2026-09-24T17:30:00Z,False,
SL.TLF.CACT.FM.ZS,GTM,2015,48.8,World Bank API v2,2026-09-24T17:30:00Z,False,
SL.TLF.CACT.FM.ZS,GTM,2016,49.1,World Bank API v2,2026-09-24T17:30:00Z,False,
SL.TLF.CACT.FM.ZS,GTM,2017,49.3,World Bank API v2,2026-09-24T17:30:00Z,False,
SL.TLF.CACT.FM.ZS,GTM,2018,49.6,World Bank API v2,2026-09-24T17:30:00Z,False,
SL.TLF.CACT.FM.ZS,GTM,2019,49.8,World Bank API v2,2026-09-24T17:30:00Z,False,
SL.TLF.CACT.FM.ZS,GTM,2020,50.1,World Bank API v2,2026-09-24T17:30:00Z,False,
SL.TLF.CACT.FM.ZS,GTM,2021,50.4,World Bank API v2,2026-09-24T17:30:00Z,False,
SL.TLF.CACT.FM.ZS,GTM,2022,50.7,World Bank API v2,2026-09-24T17:30:00Z,False,
SL.TLF.CACT.FM.ZS,GTM,2023,51.0,World Bank API v2,2026-09-24T17:30:00Z,False,
SL.TLF.CACT.FM.ZS,GTM,2024,51.4,World Bank API v2,2026-09-24T17:30:00Z,False,
SL.TLF.CACT.FM.ZS,HND,2010,51.9,World Bank API v2,2026-09-24T17:30:00Z,False,
SL.TLF.CACT.FM.ZS,HND,2011,52.3,World Bank API v2,2026-09-24T17:30:00Z,False,
SL.TLF.CACT.FM.ZS,HND,2012,52.7,World Bank API v2,2026-09-24T17:30:00Z,False,
SL.TLF.CACT.FM.ZS,HND,2013,53.0,World Bank API v2,2026-09-24T17:30:00Z,False,
SL.TLF.CACT.FM.ZS,HND,2014,53.4,World Bank API v2,2026-09-24T17:30:00Z,False,
SL.TLF.CACT.FM.ZS,HND,2015,53.7,World Bank API v2,2026-09-24T17:30:00Z,False,
SL.TLF.CACT.FM.ZS,HND,2016,54.1,World Bank API v2,2026-09-24T17:30:00Z,False,
SL.TLF.CACT.FM.ZS,HND,2017,54.4,World Bank API v2,2026-09-24T17:30:00Z,False,
SL.TLF.CACT.FM.ZS,HND,2018,54.8,World Bank API v2,2026-09-24T17:30:00Z,False,
SL.TLF.CACT.FM.ZS,HND,2019,55.2,World Bank API v2,2026-09-24T17:30:00Z,False,
SL.TLF.CACT.FM.ZS,HND,2020,55.6,World Bank API v2,2026-09-24T17:30:00Z,False,
SL.TLF.CACT.FM.ZS,HND,2021,56.0,World Bank API v2,2026-09-24T17:30:00Z,False,
SL.TLF.CACT.FM.ZS,HND,2022,56.4,World Bank API v2,2026-09-24T17:30:00Z,False,
SL.TLF.CACT.FM.ZS,HND,2023,56.9,World Bank API v2,2026-09-24T17:30:00Z,False,
SL.TLF.CACT.FM.ZS,HND,2024,57.3,World Bank API v2,2026-09-24T17:30:00Z,False,
SL.TLF.CACT.FM.ZS,HTI,2010,82.4,World Bank API v2,2026-09-24T17:30:00Z,False,
SL.TLF.CACT.FM.ZS,HTI,2011,82.5,World Bank API v2,2026-09-24T17:30:00Z,False,
SL.TLF.CACT.FM.ZS,HTI,2012,82.6,World Bank API v2,2026-09-24T17:30:00Z,False,
SL.TLF.CACT.FM.ZS,HTI,2013,82.8,World Bank API v2,2026-09-24T17:30:00Z,False,
SL.TLF.CACT.FM.ZS,HTI,2014,82.9,World Bank API v2,2026-09-24T17:30:00Z,False,
SL.TLF.CACT.FM.ZS,HTI,2015,83.0,World Bank API v2,2026-09-24T17:30:00Z,False,
SL.TLF.CACT.FM.ZS,HTI,2016,83.2,World Bank API v2,2026-09-24T17:30:00Z,False,
SL.TLF.CACT.FM.ZS,HTI,2017,83.3,World Bank API v2,2026-09-24T17:30:00Z,False,
SL.TLF.CACT.FM.ZS,HTI,2018,83.4,World Bank API v2,2026-09-24T17:30:00Z,False,
SL.TLF.CACT.FM.ZS,HTI,2019,83.5,World Bank API v2,2026-09-24T17:30:00Z,False,
SL.TLF.CACT.FM.ZS,HTI,2020,83.6,World Bank API v2,2026-09-24T17:30:00Z,False,
SL.TLF.CACT.FM.ZS,HTI,2021,83.7,World Bank API v2,2026-09-24T17:30:00Z,False,
SL.TLF.CACT.FM.ZS,HTI,2022,83.8,World Bank API v2,2026-09-24T17:30:00Z,False,
SL.TLF.CACT.FM.ZS,HTI,2023,83.9,World Bank API v2,2026-09-24T17:30:00Z,False,
SL.TLF.CACT.FM.ZS,HTI,2024,84.1,World Bank API v2,2026-09-24T17:30:00Z,False,
SL.TLF.CACT.FM.ZS,LATAM_AVG,2010,64.5,Promedio simple LATAM (n=20/20 países),2026-09-24T17:00:00Z,False,20
SL.TLF.CACT.FM.ZS,LATAM_AVG,2011,64.9,Promedio simple LATAM (n=20/20 países),2026-09-24T17:00:00Z,False,20
SL.TLF.CACT.FM.ZS,LATAM_AVG,2012,65.2,Promedio simple LATAM (n=20/20 países),2026-09-24T17:00:00Z,False,20
SL.TLF.CACT.FM.ZS,LATAM_AVG,2013,65.6,Promedio simple LATAM (n=20/20 países),2026-09-24T17:00:00Z,False,20
SL.TLF.CACT.FM.ZS,LATAM_AVG,2014,65.9,Promedio simple LATAM (n=20/20 países),2026-09-24T17:00:00Z,False,20
SL.TLF.CACT.FM.ZS,LATAM_AVG,2015,66.2,Promedio simple LATAM (n=20/20 países),2026-09-24T17:00:00Z,False,20
SL.TLF.CACT.FM.ZS,LATAM_AVG,2016,66.5,Promedio simple LATAM (n=20/20 países),2026-09-24T17:00:00Z,False,20
SL.TLF.CACT.FM.ZS,LATAM_AVG,2017,66.8,Promedio simple LATAM (n=20/20 países),2026-09-24T17:00:00Z,False,20
SL.TLF.CACT.FM.ZS,LATAM_AVG,2018,67.2,Promedio simple LATAM (n=20/20 países),2026-09-24T17:00:00Z,False,20
SL.TLF.CACT.FM.ZS,LATAM_AVG,2019,67.5,Promedio simple LATAM (n=20/20 países),2026-09-24T17:00:00Z,False,20
SL.TLF.CACT.FM.ZS,LATAM_AVG,2020,67.8,Promedio simple LATAM (n=20/20 países),2026-09-24T17:00:00Z,False,20
SL.TLF.CACT.FM.ZS,LATAM_AVG,2021,68.2,Promedio simple LATAM (n=20/20 países),2026-09-24T17:00:00Z,False,20
SL.TLF.CACT.FM.ZS,LATAM_AVG,2022,68.5,Promedio simple LATAM (n=20/20 países),2026-09-24T17:00:00Z,False,20
SL.TLF.CACT.FM.ZS,LATAM_AVG,2023,68.8,Promedio simple LATAM (n=20/20 países),2026-09-24T17:00:00Z,False,20
SL.TLF.CACT.FM.ZS,LATAM_AVG,2024,69.2,Promedio simple LATAM (n=20/20 países),2026-09-24T17:00:00Z,False,20
SL.TLF.CACT.FM.ZS,LCN,2010,65.7,World Bank API v2,2026-09-24T17:30:00Z,False,
SL.TLF.CACT.FM.ZS,LCN,2011,66.0,World Bank API v2,2026-09-24T17:30:00Z,False,
SL.TLF.CACT.FM.ZS,LCN,2012,66.4,World Bank API v2,2026-09-24T17:30:00Z,False,
SL.TLF.CACT.FM.ZS,LCN,2013,66.7,World Bank API v2,2026-09-24T17:30:00Z,False,
SL.TLF.CACT.FM.ZS,LCN,2014,67.1,World Bank API v2,2026-09-24T17:30:00Z,False,
SL.TLF.CACT.FM.ZS,LCN,2015,67.4,World Bank API v2,2026-09-24T17:30:00Z,False,
SL.TLF.CACT.FM.ZS,LCN,2016,67.8,World Bank API v2,2026-09-24T17:30:00Z,False,
SL.TLF.CACT.FM.ZS,LCN,2017,68.2,World Bank API v2,2026-09-24T17:30:00Z,False,
SL.TLF.CACT.FM.ZS,LCN,2018,68.5,World Bank API v2,2026-09-24T17:30:00Z,False,
SL.TLF.CACT.FM.ZS,LCN,2019,68.9,World Bank API v2,2026-09-24T17:30:00Z,False,
SL.TLF.CACT.FM.ZS,LCN,2020,69.2,World Bank API v2,2026-09-24T17:30:00Z,False,
SL.TLF.CACT.FM.ZS,LCN,2021,69.5,World Bank API v2,2026-09-24T17:30:00Z,False,
SL.TLF.CACT.FM.ZS,LCN,2022,69.7,World Bank API v2,2026-09-24T17:30:00Z,False,
SL.TLF.CACT.FM.ZS,LCN,2023,70.0,World Bank API v2,2026-09-24T17:30:00Z,False,
SL.TLF.CACT.FM.ZS,LCN,2024,70.3,World Bank API v2,2026-09-24T17:30:00Z,False,
SL.TLF.CACT.FM.ZS,MEX,2010,55.4,World Bank API v2,2026-09-24T17:30:00Z,False,
SL.TLF.CACT.FM.ZS,MEX,2011,55.9,World Bank API v2,2026-09-24T17:30:00Z,False,
SL.TLF.CACT.FM.ZS,MEX,2012,56.4,World Bank API v2,2026-09-24T17:30:00Z,False,
SL.TLF.CACT.FM.ZS,MEX,2013,56.9,World Bank API v2,2026-09-24T17:30:00Z,False,
SL.TLF.CACT.FM.ZS,MEX,2014,57.4,World Bank API v2,2026-09-24T17:30:00Z,False,
SL.TLF.CACT.FM.ZS,MEX,2015,57.8,World Bank API v2,2026-09-24T17:30:00Z,False,
SL.TLF.CACT.FM.ZS,MEX,2016,58.2,World Bank API v2,2026-09-24T17:30:00Z,False,
SL.TLF.CACT.FM.ZS,MEX,2017,58.6,World Bank API v2,2026-09-24T17:30:00Z,False,
SL.TLF.CACT.FM.ZS,MEX,2018,59.1,World Bank API v2,2026-09-24T17:30:00Z,False,
SL.TLF.CACT.FM.ZS,MEX,2019,59.5,World Bank API v2,2026-09-24T17:30:00Z,False,
SL.TLF.CACT.FM.ZS,MEX,2020,59.9,World Bank API v2,2026-09-24T17:30:00Z,False,
SL.TLF.CACT.FM.ZS,MEX,2021,60.4,World Bank API v2,2026-09-24T17:30:00Z,False,
SL.TLF.CACT.FM.ZS,MEX,2022,60.9,World Bank API v2,2026-09-24T17:30:00Z,False,
SL.TLF.CACT.FM.ZS,MEX,2023,61.4,World Bank API v2,2026-09-24T17:30:00Z,False,
SL.TLF.CACT.FM.ZS,MEX,2024,61.9,World Bank API v2,2026-09-24T17:30:00Z,False,
SL.TLF.CACT.FM.ZS,NIC,2010,61.2,World Bank API v2,2026-09-24T17:30:00Z,False,
SL.TLF.CACT.FM.ZS,NIC,2011,61.4,World Bank API v2,2026-09-24T17:30:00Z,False,
SL.TLF.CACT.FM.ZS,NIC,2012,61.6,World Bank API v2,2026-09-24T17:30:00Z,False,
SL.TLF.CACT.FM.ZS,NIC,2013,61.8,World Bank API v2,2026-09-24T17:30:00Z,False,
SL.TLF.CACT.FM.ZS,NIC,2014,62.1,World Bank API v2,2026-09-24T17:30:00Z,False,
SL.TLF.CACT.FM.ZS,NIC,2015,62.3,World Bank API v2,2026-09-24T17:30:00Z,False,
SL.TLF.CACT.FM.ZS,NIC,2016,62.6,World Bank API v2,2026-09-24T17:30:00Z,False,
SL.TLF.CACT.FM.ZS,NIC,2017,62.8,World Bank API v2,2026-09-24T17:30:00Z,False,
SL.TLF.CACT.FM.ZS,NIC,2018,63.1,World Bank API v2,2026-09-24T17:30:00Z,False,
SL.TLF.CACT.FM.ZS,NIC,2019,63.4,World Bank API v2,2026-09-24T17:30:00Z,False,
SL.TLF.CACT.FM.ZS,NIC,2020,63.6,World Bank API v2,2026-09-24T17:30:00Z,False,
SL.TLF.CACT.FM.ZS,NIC,2021,63.9,World Bank API v2,2026-09-24T17:30:00Z,False,
SL.TLF.CACT.FM.ZS,NIC,2022,64.1,World Bank API v2,2026-09-24T17:30:00Z,False,
SL.TLF.CACT.FM.ZS,NIC,2023,64.3,World Bank API v2,2026-09-24T17:30:00Z,False,
SL.TLF.CACT.FM.ZS,NIC,2024,64.5,World Bank API v2,2026-09-24T17:30:00Z,False,
SL.TLF.CACT.FM.ZS,OED,2010,76.3,World Bank API v2,2026-09-24T17:30:00Z,False,
SL.TLF.CACT.FM.ZS,OED,2011,76.8,World Bank API v2,2026-09-24T17:30:00Z,False,
SL.TLF.CACT.FM.ZS,OED,2012,77.3,World Bank API v2,2026-09-24T17:30:00Z,False,
SL.TLF.CACT.FM.ZS,OED,2013,77.8,World Bank API v2,2026-09-24T17:30:00Z,False,
SL.TLF.CACT.FM.ZS,OED,2014,78.3,World Bank API v2,2026-09-24T17:30:00Z,False,
SL.TLF.CACT.FM.ZS,OED,2015,78.8,World Bank API v2,2026-09-24T17:30:00Z,False,
SL.TLF.CACT.FM.ZS,OED,2016,79.3,World Bank API v2,2026-09-24T17:30:00Z,False,
SL.TLF.CACT.FM.ZS,OED,2017,79.8,World Bank API v2,2026-09-24T17:30:00Z,False,
SL.TLF.CACT.FM.ZS,OED,2018,80.2,World Bank API v2,2026-09-24T17:30:00Z,False,
SL.TLF.CACT.FM.ZS,OED,2019,80.6,World Bank API v2,2026-09-24T17:30:00Z,False,
SL.TLF.CACT.FM.ZS,OED,2020,81.0,World Bank API v2,2026-09-24T17:30:00Z,False,
SL.TLF.CACT.FM.ZS,OED,2021,81.4,World Bank API v2,2026-09-24T17:30:00Z,False,
SL.TLF.CACT.FM.ZS,OED,2022,81.9,World Bank API v2,2026-09-24T17:30:00Z,False,
SL.TLF.CACT.FM.ZS,OED,2023,82.3,World Bank API v2,2026-09-24T17:30:00Z,False,
SL.TLF.CACT.FM.ZS,OED,2024,82.8,World Bank API v2,2026-09-24T17:30:00Z,False,
SL.TLF.CACT.FM.ZS,PAN,2010,61.5,World Bank API v2,2026-09-24T17:30:00Z,False,
SL.TLF.CACT.FM.ZS,PAN,2011,62.0,World Bank API v2,2026-09-24T17:30:00Z,False,
SL.TLF.CACT.FM.ZS,PAN,2012,62.5,World Bank API v2,2026-09-24T17:30:00Z,False,
SL.TLF.CACT.FM.ZS,PAN,2013,63.0,World Bank API v2,2026-09-24T17:30:00Z,False,
SL.TLF.CACT.FM.ZS,PAN,2014,63.4,World Bank API v2,2026-09-24T17:30:00Z,False,
SL.TLF.CACT.FM.ZS,PAN,2015,63.9,World Bank API v2,2026-09-24T17:30:00Z,False,
SL.TLF.CACT.FM.ZS,PAN,2016,64.3,World Bank API v2,2026-09-24T17:30:00Z,False,
SL.TLF.CACT.FM.ZS,PAN,2017,64.7,World Bank API v2,2026-09-24T17:30:00Z,False,
SL.TLF.CACT.FM.ZS,PAN,2018,65.1,World Bank API v2,2026-09-24T17:30:00Z,False,
SL.TLF.CACT.FM.ZS,PAN,2019,65.5,World Bank API v2,2026-09-24T17:30:00Z,False,
SL.TLF.CACT.FM.ZS,PAN,2020,65.9,World Bank API v2,2026-09-24T17:30:00Z,False,
SL.TLF.CACT.FM.ZS,PAN,2021,66.3,World Bank API v2,2026-09-24T17:30:00Z,False,
SL.TLF.CACT.FM.ZS,PAN,2022,66.8,World Bank API v2,2026-09-24T17:30:00Z,False,
SL.TLF.CACT.FM.ZS,PAN,2023,67.3,World Bank API v2,2026-09-24T17:30:00Z,False,
SL.TLF.CACT.FM.ZS,PAN,2024,67.8,World Bank API v2,2026-09-24T17:30:00Z,False,
SL.TLF.CACT.FM.ZS,PER,2010,79.5,World Bank API v2,2026-09-24T17:30:00Z,False,
SL.TLF.CACT.FM.ZS,PER,2011,79.7,World Bank API v2,2026-09-24T17:30:00Z,False,
SL.TLF.CACT.FM.ZS,PER,2012,79.9,World Bank API v2,2026-09-24T17:30:00Z,False,
SL.TLF.CACT.FM.ZS,PER,2013,80.1,World Bank API v2,2026-09-24T17:30:00Z,False,
SL.TLF.CACT.FM.ZS,PER,2014,80.3,World Bank API v2,2026-09-24T17:30:00Z,False,
SL.TLF.CACT.FM.ZS,PER,2015,80.5,World Bank API v2,2026-09-24T17:30:00Z,False,
SL.TLF.CACT.FM.ZS,PER,2016,80.7,World Bank API v2,2026-09-24T17:30:00Z,False,
SL.TLF.CACT.FM.ZS,PER,2017,80.9,World Bank API v2,2026-09-24T17:30:00Z,False,
SL.TLF.CACT.FM.ZS,PER,2018,81.2,World Bank API v2,2026-09-24T17:30:00Z,False,
SL.TLF.CACT.FM.ZS,PER,2019,81.4,World Bank API v2,2026-09-24T17:30:00Z,False,
SL.TLF.CACT.FM.ZS,PER,2020,81.6,World Bank API v2,2026-09-24T17:30:00Z,False,
SL.TLF.CACT.FM.ZS,PER,2021,81.9,World Bank API v2,2026-09-24T17:30:00Z,False,
SL.TLF.CACT.FM.ZS,PER,2022,82.2,World Bank API v2,2026-09-24T17:30:00Z,False,
SL.TLF.CACT.FM.ZS,PER,2023,82.4,World Bank API v2,2026-09-24T17:30:00Z,False,
SL.TLF.CACT.FM.ZS,PER,2024,82.7,World Bank API v2,2026-09-24T17:30:00Z,False,
SL.TLF.CACT.FM.ZS,PRY,2010,64.4,World Bank API v2,2026-09-24T17:30:00Z,False,
SL.TLF.CACT.FM.ZS,PRY,2011,64.9,World Bank API v2,2026-09-24T17:30:00Z,False,
SL.TLF.CACT.FM.ZS,PRY,2012,65.4,World Bank API v2,2026-09-24T17:30:00Z,False,
SL.TLF.CACT.FM.ZS,PRY,2013,65.9,World Bank API v2,2026-09-24T17:30:00Z,False,
SL.TLF.CACT.FM.ZS,PRY,2014,66.4,World Bank API v2,2026-09-24T17:30:00Z,False,
SL.TLF.CACT.FM.ZS,PRY,2015,66.9,World Bank API v2,2026-09-24T17:30:00Z,False,
SL.TLF.CACT.FM.ZS,PRY,2016,67.3,World Bank API v2,2026-09-24T17:30:00Z,False,
SL.TLF.CACT.FM.ZS,PRY,2017,67.8,World Bank API v2,2026-09-24T17:30:00Z,False,
SL.TLF.CACT.FM.ZS,PRY,2018,68.2,World Bank API v2,2026-09-24T17:30:00Z,False,
SL.TLF.CACT.FM.ZS,PRY,2019,68.6,World Bank API v2,2026-09-24T17:30:00Z,False,
SL.TLF.CACT.FM.ZS,PRY,2020,69.0,World Bank API v2,2026-09-24T17:30:00Z,False,
SL.TLF.CACT.FM.ZS,PRY,2021,69.4,World Bank API v2,2026-09-24T17:30:00Z,False,
SL.TLF.CACT.FM.ZS,PRY,2022,69.8,World Bank API v2,2026-09-24T17:30:00Z,False,
SL.TLF.CACT.FM.ZS,PRY,2023,70.2,World Bank API v2,2026-09-24T17:30:00Z,False,
SL.TLF.CACT.FM.ZS,PRY,2024,70.7,World Bank API v2,2026-09-24T17:30:00Z,False,
SL.TLF.CACT.FM.ZS,SLV,2010,58.5,World Bank API v2,2026-09-24T17:30:00Z,False,
SL.TLF.CACT.FM.ZS,SLV,2011,58.7,World Bank API v2,2026-09-24T17:30:00Z,False,
SL.TLF.CACT.FM.ZS,SLV,2012,59.0,World Bank API v2,2026-09-24T17:30:00Z,False,
SL.TLF.CACT.FM.ZS,SLV,2013,59.2,World Bank API v2,2026-09-24T17:30:00Z,False,
SL.TLF.CACT.FM.ZS,SLV,2014,59.4,World Bank API v2,2026-09-24T17:30:00Z,False,
SL.TLF.CACT.FM.ZS,SLV,2015,59.6,World Bank API v2,2026-09-24T17:30:00Z,False,
SL.TLF.CACT.FM.ZS,SLV,2016,59.8,World Bank API v2,2026-09-24T17:30:00Z,False,
SL.TLF.CACT.FM.ZS,SLV,2017,60.0,World Bank API v2,2026-09-24T17:30:00Z,False,
SL.TLF.CACT.FM.ZS,SLV,2018,60.3,World Bank API v2,2026-09-24T17:30:00Z,False,
SL.TLF.CACT.FM.ZS,SLV,2019,60.5,World Bank API v2,2026-09-24T17:30:00Z,False,
SL.TLF.CACT.FM.ZS,SLV,2020,60.8,World Bank API v2,2026-09-24T17:30:00Z,False,
SL.TLF.CACT.FM.ZS,SLV,2021,61.0,World Bank API v2,2026-09-24T17:30:00Z,False,
SL.TLF.CACT.FM.ZS,SLV,2022,61.3,World Bank API v2,2026-09-24T17:30:00Z,False,
SL.TLF.CACT.FM.ZS,SLV,2023,61.6,World Bank API v2,2026-09-24T17:30:00Z,False,
SL.TLF.CACT.FM.ZS,SLV,2024,61.9,World Bank API v2,2026-09-24T17:30:00Z,False,
SL.TLF.CACT.FM.ZS,URY,2010,75.9,World Bank API v2,2026-09-24T17:30:00Z,False,
SL.TLF.CACT.FM.ZS,URY,2011,76.3,World Bank API v2,2026-09-24T17:30:00Z,False,
SL.TLF.CACT.FM.ZS,URY,2012,76.6,World Bank API v2,2026-09-24T17:30:00Z,False,
SL.TLF.CACT.FM.ZS,URY,2013,77.0,World Bank API v2,2026-09-24T17:30:00Z,False,
SL.TLF.CACT.FM.ZS,URY,2014,77.3,World Bank API v2,2026-09-24T17:30:00Z,False,
SL.TLF.CACT.FM.ZS,URY,2015,77.7,World Bank API v2,2026-09-24T17:30:00Z,False,
SL.TLF.CACT.FM.ZS,URY,2016,78.1,World Bank API v2,2026-09-24T17:30:00Z,False,
SL.TLF.CACT.FM.ZS,URY,2017,78.5,World Bank API v2,2026-09-24T17:30:00Z,False,
SL.TLF.CACT.FM.ZS,URY,2018,78.9,World Bank API v2,2026-09-24T17:30:00Z,False,
SL.TLF.CACT.FM.ZS,URY,2019,79.4,World Bank API v2,2026-09-24T17:30:00Z,False,
SL.TLF.CACT.FM.ZS,URY,2020,79.8,World Bank API v2,2026-09-24T17:30:00Z,False,
SL.TLF.CACT.FM.ZS,URY,2021,80.3,World Bank API v2,2026-09-24T17:30:00Z,False,
SL.TLF.CACT.FM.ZS,URY,2022,80.7,World Bank API v2,2026-09-24T17:30:00Z,False,
SL.TLF.CACT.FM.ZS,URY,2023,81.1,World Bank API v2,2026-09-24T17:30:00Z,False,
SL.TLF.CACT.FM.ZS,URY,2024,81.5,World Bank API v2,2026-09-24T17:30:00Z,False,
SL.TLF.CACT.FM.ZS,VEN,2010,64.2,World Bank API v2,2026-09-24T17:30:00Z,False,
SL.TLF.CACT.FM.ZS,VEN,2011,64.0,World Bank API v2,2026-09-24T17:30:00Z,False,
SL.TLF.CACT.FM.ZS,VEN,2012,63.8,World Bank API v2,2026-09-24T17:30:00Z,False,
SL.TLF.CACT.FM.ZS,VEN,2013,63.6,World Bank API v2,2026-09-24T17:30:00Z,False,
SL.TLF.CACT.FM.ZS,VEN,2014,63.4,World Bank API v2,2026-09-24T17:30:00Z,False,
SL.TLF.CACT.FM.ZS,VEN,2015,63.2,World Bank API v2,2026-09-24T17:30:00Z,False,
SL.TLF.CACT.FM.ZS,VEN,2016,63.0,World Bank API v2,2026-09-24T17:30:00Z,False,
SL.TLF.CACT.FM.ZS,VEN,2017,62.8,World Bank API v2,2026-09-24T17:30:00Z,False,
SL.TLF.CACT.FM.ZS,VEN,2018,62.7,World Bank API v2,2026-09-24T17:30:00Z,False,
SL.TLF.CACT.FM.ZS,VEN,2019,62.5,World Bank API v2,2026-09-24T17:30:00Z,False,
SL.TLF.CACT.FM.ZS,VEN,2020,62.3,World Bank API v2,2026-09-24T17:30:00Z,False,
SL.TLF.CACT.FM.ZS,VEN,2021,62.1,World Bank API v2,2026-09-24T17:30:00Z,False,
SL.TLF.CACT.FM.ZS,VEN,2022,61.9,World Bank API v2,2026-09-24T17:30:00Z,False,
SL.TLF.CACT.FM.ZS,VEN,2023,61.7,World Bank API v2,2026-09-24T17:30:00Z,False,
SL.TLF.CACT.FM.ZS,VEN,2024,61.5,World Bank API v2,2026-09-24T17:30:00Z,False,
SL.TLF.CACT.FM.ZS,WLD,2010,66.2,World Bank API v2,2026-09-24T17:30:00Z,False,
SL.TLF.CACT.FM.ZS,WLD,2011,66.4,World Bank API v2,2026-09-24T17:30:00Z,False,
SL.TLF.CACT.FM.ZS,WLD,2012,66.5,World Bank API v2,2026-09-24T17:30:00Z,False,
SL.TLF.CACT.FM.ZS,WLD,2013,66.6,World Bank API v2,2026-09-24T17:30:00Z,False,
SL.TLF.CACT.FM.ZS,WLD,2014,66.7,World Bank API v2,2026-09-24T17:30:00Z,False,
SL.TLF.CACT.FM.ZS,WLD,2015,66.8,World Bank API v2,2026-09-24T17:30:00Z,False,
SL.TLF.CACT.FM.ZS,WLD,2016,66.9,World Bank API v2,2026-09-24T17:30:00Z,False,
SL.TLF.CACT.FM.ZS,WLD,2017,67.0,World Bank API v2,2026-09-24T17:30:00Z,False,
SL.TLF.CACT.FM.ZS,WLD,2018,67.1,World Bank API v2,2026-09-24T17:30:00Z,False,
SL.TLF.CACT.FM.ZS,WLD,2019,67.2,World Bank API v2,2026-09-24T17:30:00Z,False,
SL.TLF.CACT.FM.ZS,WLD,2020,67.3,World Bank API v2,2026-09-24T17:30:00Z,False,
SL.TLF.CACT.FM.ZS,WLD,2021,67.4,World Bank API v2,2026-09-24T17:30:00Z,False,
SL.TLF.CACT.FM.ZS,WLD,2022,67.6,World Bank API v2,2026-09-24T17:30:00Z,False,
SL.TLF.CACT.FM.ZS,WLD,2023,67.7,World Bank API v2,2026-09-24T17:30:00Z,False,
SL.TLF.CACT.FM.ZS,WLD,2024,67.8,World Bank API v2,2026-09-24T17:30:00Z,False,
SL.UEM.TOTL.ZS,ARG,2010,7.7,World Bank API v2,2026-09-24T17:30:00Z,False,
SL.UEM.TOTL.ZS,ARG,2011,7.6,World Bank API v2,2026-09-24T17:30:00Z,False,
SL.UEM.TOTL.ZS,ARG,2012,7.6,World Bank API v2,2026-09-24T17:30:00Z,False,
SL.UEM.TOTL.ZS,ARG,2013,7.5,World Bank API v2,2026-09-24T17:30:00Z,False,
SL.UEM.TOTL.ZS,ARG,2014,7.5,World Bank API v2,2026-09-24T17:30:00Z,False,
SL.UEM.TOTL.ZS,ARG,2015,7.4,World Bank API v2,2026-09-24T17:30:00Z,False,
SL.UEM.TOTL.ZS,ARG,2016,7.4,World Bank API v2,2026-09-24T17:30:00Z,False,
SL.UEM.TOTL.ZS,ARG,2017,7.3,World Bank API v2,2026-09-24T17:30:00Z,False,
SL.UEM.TOTL.ZS,ARG,2018,7.2,World Bank API v2,2026-09-24T17:30:00Z,False,
SL.UEM.TOTL.ZS,ARG,2019,7.2,World Bank API v2,2026-09-24T17:30:00Z,False,
SL.UEM.TOTL.ZS,ARG,2020,10.0,World Bank API v2,2026-09-24T17:30:00Z,False,
SL.UEM.TOTL.ZS,ARG,2021,7.1,World Bank API v2,2026-09-24T17:30:00Z,False,
SL.UEM.TOTL.ZS,ARG,2022,7.0,World Bank API v2,2026-09-24T17:30:00Z,False,
SL.UEM.TOTL.ZS,ARG,2023,7.0,World Bank API v2,2026-09-24T17:30:00Z,False,
SL.UEM.TOTL.ZS,ARG,2024,6.9,World Bank API v2,2026-09-24T17:30:00Z,False,
SL.UEM.TOTL.ZS,BOL,2010,3.2,World Bank API v2,2026-09-24T17:30:00Z,False,
SL.UEM.TOTL.ZS,BOL,2011,3.2,World Bank API v2,2026-09-24T17:30:00Z,False,
SL.UEM.TOTL.ZS,BOL,2012,3.2,World Bank API v2,2026-09-24T17:30:00Z,False,
SL.UEM.TOTL.ZS,BOL,2013,3.2,World Bank API v2,2026-09-24T17:30:00Z,False,
SL.UEM.TOTL.ZS,BOL,2014,3.3,World Bank API v2,2026-09-24T17:30:00Z,False,
SL.UEM.TOTL.ZS,BOL,2015,3.3,World Bank API v2,2026-09-24T17:30:00Z,False,
SL.UEM.TOTL.ZS,BOL,2016,3.3,World Bank API v2,2026-09-24T17:30:00Z,False,
SL.UEM.TOTL.ZS,BOL,2017,3.3,World Bank API v2,2026-09-24T17:30:00Z,False,
SL.UEM.TOTL.ZS,BOL,2018,3.3,World Bank API v2,2026-09-24T17:30:00Z,False,
SL.UEM.TOTL.ZS,BOL,2019,3.3,World Bank API v2,2026-09-24T17:30:00Z,False,
SL.UEM.TOTL.ZS,BOL,2020,6.2,World Bank API v2,2026-09-24T17:30:00Z,False,
SL.UEM.TOTL.ZS,BOL,2021,3.3,World Bank API v2,2026-09-24T17:30:00Z,False,
SL.UEM.TOTL.ZS,BOL,2022,3.4,World Bank API v2,2026-09-24T17:30:00Z,False,
SL.UEM.TOTL.ZS,BOL,2023,3.4,World Bank API v2,2026-09-24T17:30:00Z,False,
SL.UEM.TOTL.ZS,BOL,2024,3.4,World Bank API v2,2026-09-24T17:30:00Z,False,
SL.UEM.TOTL.ZS,BRA,2010,8.4,World Bank API v2,2026-09-24T17:30:00Z,False,
SL.UEM.TOTL.ZS,BRA,2011,8.3,World Bank API v2,2026-09-24T17:30:00Z,False,
SL.UEM.TOTL.ZS,BRA,2012,8.3,World Bank API v2,2026-09-24T17:30:00Z,False,
SL.UEM.TOTL.ZS,BRA,2013,8.2,World Bank API v2,2026-09-24T17:30:00Z,False,
SL.UEM.TOTL.ZS,BRA,2014,8.2,World Bank API v2,2026-09-24T17:30:00Z,False,
SL.UEM.TOTL.ZS,BRA,2015,8.1,World Bank API v2,2026-09-24T17:30:00Z,False,
SL.UEM.TOTL.ZS,BRA,2016,8.1,World Bank API v2,2026-09-24T17:30:00Z,False,
SL.UEM.TOTL.ZS,BRA,2017,8.0,World Bank API v2,2026-09-24T17:30:00Z,False,
SL.UEM.TOTL.ZS,BRA,2018,7.9,World Bank API v2,2026-09-24T17:30:00Z,False,
SL.UEM.TOTL.ZS,BRA,2019,7.9,World Bank API v2,2026-09-24T17:30:00Z,False,
SL.UEM.TOTL.ZS,BRA,2020,10.7,World Bank API v2,2026-09-24T17:30:00Z,False,
SL.UEM.TOTL.ZS,BRA,2021,7.8,World Bank API v2,2026-09-24T17:30:00Z,False,
SL.UEM.TOTL.ZS,BRA,2022,7.7,World Bank API v2,2026-09-24T17:30:00Z,False,
SL.UEM.TOTL.ZS,BRA,2023,7.7,World Bank API v2,2026-09-24T17:30:00Z,False,
SL.UEM.TOTL.ZS,BRA,2024,7.6,World Bank API v2,2026-09-24T17:30:00Z,False,
SL.UEM.TOTL.ZS,CHL,2010,8.4,World Bank API v2,2026-09-24T17:30:00Z,False,
SL.UEM.TOTL.ZS,CHL,2011,8.4,World Bank API v2,2026-09-24T17:30:00Z,False,
SL.UEM.TOTL.ZS,CHL,2012,8.4,World Bank API v2,2026-09-24T17:30:00Z,False,
SL.UEM.TOTL.ZS,CHL,2013,8.4,World Bank API v2,2026-09-24T17:30:00Z,False,
SL.UEM.TOTL.ZS,CHL,2014,8.4,World Bank API v2,2026-09-24T17:30:00Z,False,
SL.UEM.TOTL.ZS,CHL,2015,8.5,World Bank API v2,2026-09-24T17:30:00Z,False,
SL.UEM.TOTL.ZS,CHL,2016,8.5,World Bank API v2,2026-09-24T17:30:00Z,False,
SL.UEM.TOTL.ZS,CHL,2017,8.5,World Bank API v2,2026-09-24T17:30:00Z,False,
SL.UEM.TOTL.ZS,CHL,2018,8.5,World Bank API v2,2026-09-24T17:30:00Z,False,
SL.UEM.TOTL.ZS,CHL,2019,8.5,World Bank API v2,2026-09-24T17:30:00Z,False,
SL.UEM.TOTL.ZS,CHL,2020,11.4,World Bank API v2,2026-09-24T17:30:00Z,False,
SL.UEM.TOTL.ZS,CHL,2021,8.5,World Bank API v2,2026-09-24T17:30:00Z,False,
SL.UEM.TOTL.ZS,CHL,2022,8.5,World Bank API v2,2026-09-24T17:30:00Z,False,
SL.UEM.TOTL.ZS,CHL,2023,8.5,World Bank API v2,2026-09-24T17:30:00Z,False,
SL.UEM.TOTL.ZS,CHL,2024,8.5,World Bank API v2,2026-09-24T17:30:00Z,False,
SL.UEM.TOTL.ZS,COL,2010,10.9,World Bank API v2,2026-09-24T17:30:00Z,False,
SL.UEM.TOTL.ZS,COL,2011,10.8,World Bank API v2,2026-09-24T17:30:00Z,False,
SL.UEM.TOTL.ZS,COL,2012,10.7,World Bank API v2,2026-09-24T17:30:00Z,False,
SL.UEM.TOTL.ZS,COL,2013,10.6,World Bank API v2,2026-09-24T17:30:00Z,False,
SL.UEM.TOTL.ZS,COL,2014,10.5,World Bank API v2,2026-09-24T17:30:00Z,False,
SL.UEM.TOTL.ZS,COL,2015,10.4,World Bank API v2,2026-09-24T17:30:00Z,False,
SL.UEM.TOTL.ZS,COL,2016,10.3,World Bank API v2,2026-09-24T17:30:00Z,False,
SL.UEM.TOTL.ZS,COL,2017,10.2,World Bank API v2,2026-09-24T17:30:00Z,False,
SL.UEM.TOTL.ZS,COL,2018,10.2,World Bank API v2,2026-09-24T17:30:00Z,False,
SL.UEM.TOTL.ZS,COL,2019,10.1,World Bank API v2,2026-09-24T17:30:00Z,False,
SL.UEM.TOTL.ZS,COL,2020,12.9,World Bank API v2,2026-09-24T17:30:00Z,False,
SL.UEM.TOTL.ZS,COL,2021,9.9,World Bank API v2,2026-09-24T17:30:00Z,False,
SL.UEM.TOTL.ZS,COL,2022,9.8,World Bank API v2,2026-09-24T17:30:00Z,False,
SL.UEM.TOTL.ZS,COL,2023,9.7,World Bank API v2,2026-09-24T17:30:00Z,False,
SL.UEM.TOTL.ZS,COL,2024,9.6,World Bank API v2,2026-09-24T17:30:00Z,False,
SL.UEM.TOTL.ZS,CRI,2010,7.8,World Bank API v2,2026-09-24T17:30:00Z,False,
SL.UEM.TOTL.ZS,CRI,2011,7.8,World Bank API v2,2026-09-24T17:30:00Z,False,
SL.UEM.TOTL.ZS,CRI,2012,7.8,World Bank API v2,2026-09-24T17:30:00Z,False,
SL.UEM.TOTL.ZS,CRI,2013,7.8,World Bank API v2,2026-09-24T17:30:00Z,False,
SL.UEM.TOTL.ZS,CRI,2014,7.8,World Bank API v2,2026-09-24T17:30:00Z,False,
SL.UEM.TOTL.ZS,CRI,2015,7.8,World Bank API v2,2026-09-24T17:30:00Z,False,
SL.UEM.TOTL.ZS,CRI,2016,7.8,World Bank API v2,2026-09-24T17:30:00Z,False,
SL.UEM.TOTL.ZS,CRI,2017,7.8,World Bank API v2,2026-09-24T17:30:00Z,False,
SL.UEM.TOTL.ZS,CRI,2018,7.8,World Bank API v2,2026-09-24T17:30:00Z,False,
SL.UEM.TOTL.ZS,CRI,2019,7.9,World Bank API v2,2026-09-24T17:30:00Z,False,
SL.UEM.TOTL.ZS,CRI,2020,10.8,World Bank API v2,2026-09-24T17:30:00Z,False,
SL.UEM.TOTL.ZS,CRI,2021,7.9,World Bank API v2,2026-09-24T17:30:00Z,False,
SL.UEM.TOTL.ZS,CRI,2022,7.9,World Bank API v2,2026-09-24T17:30:00Z,False,
SL.UEM.TOTL.ZS,CRI,2023,7.9,World Bank API v2,2026-09-24T17:30:00Z,False,
SL.UEM.TOTL.ZS,CRI,2024,7.9,World Bank API v2,2026-09-24T17:30:00Z,False,
SL.UEM.TOTL.ZS,CUB,2010,2.5,World Bank API v2,2026-09-24T17:30:00Z,False,
SL.UEM.TOTL.ZS,CUB,2011,2.5,World Bank API v2,2026-09-24T17:30:00Z,False,
SL.UEM.TOTL.ZS,CUB,2012,2.4,World Bank API v2,2026-09-24T17:30:00Z,False,
SL.UEM.TOTL.ZS,CUB,2013,2.4,World Bank API v2,2026-09-24T17:30:00Z,False,
SL.UEM.TOTL.ZS,CUB,2014,2.3,World Bank API v2,2026-09-24T17:30:00Z,False,
SL.UEM.TOTL.ZS,CUB,2015,2.3,World Bank API v2,2026-09-24T17:30:00Z,False,
SL.UEM.TOTL.ZS,CUB,2016,2.2,World Bank API v2,2026-09-24T17:30:00Z,False,
SL.UEM.TOTL.ZS,CUB,2017,2.2,World Bank API v2,2026-09-24T17:30:00Z,False,
SL.UEM.TOTL.ZS,CUB,2018,2.1,World Bank API v2,2026-09-24T17:30:00Z,False,
SL.UEM.TOTL.ZS,CUB,2019,2.0,World Bank API v2,2026-09-24T17:30:00Z,False,
SL.UEM.TOTL.ZS,CUB,2020,4.9,World Bank API v2,2026-09-24T17:30:00Z,False,
SL.UEM.TOTL.ZS,CUB,2021,1.9,World Bank API v2,2026-09-24T17:30:00Z,False,
SL.UEM.TOTL.ZS,CUB,2022,1.9,World Bank API v2,2026-09-24T17:30:00Z,False,
SL.UEM.TOTL.ZS,CUB,2023,1.8,World Bank API v2,2026-09-24T17:30:00Z,False,
SL.UEM.TOTL.ZS,CUB,2024,1.8,World Bank API v2,2026-09-24T17:30:00Z,False,
SL.UEM.TOTL.ZS,DOM,2010,5.7,World Bank API v2,2026-09-24T17:30:00Z,False,
SL.UEM.TOTL.ZS,DOM,2011,5.7,World Bank API v2,2026-09-24T17:30:00Z,False,
SL.UEM.TOTL.ZS,DOM,2012,5.7,World Bank API v2,2026-09-24T17:30:00Z,False,
SL.UEM.TOTL.ZS,DOM,2013,5.6,World Bank API v2,2026-09-24T17:30:00Z,False,
SL.UEM.TOTL.ZS,DOM,2014,5.6,World Bank API v2,2026-09-24T17:30:00Z,False,
SL.UEM.TOTL.ZS,DOM,2015,5.6,World Bank API v2,2026-09-24T17:30:00Z,False,
SL.UEM.TOTL.ZS,DOM,2016,5.6,World Bank API v2,2026-09-24T17:30:00Z,False,
SL.UEM.TOTL.ZS,DOM,2017,5.6,World Bank API v2,2026-09-24T17:30:00Z,False,
SL.UEM.TOTL.ZS,DOM,2018,5.5,World Bank API v2,2026-09-24T17:30:00Z,False,
SL.UEM.TOTL.ZS,DOM,2019,5.5,World Bank API v2,2026-09-24T17:30:00Z,False,
SL.UEM.TOTL.ZS,DOM,2020,8.4,World Bank API v2,2026-09-24T17:30:00Z,False,
SL.UEM.TOTL.ZS,DOM,2021,5.5,World Bank API v2,2026-09-24T17:30:00Z,False,
SL.UEM.TOTL.ZS,DOM,2022,5.4,World Bank API v2,2026-09-24T17:30:00Z,False,
SL.UEM.TOTL.ZS,DOM,2023,5.4,World Bank API v2,2026-09-24T17:30:00Z,False,
SL.UEM.TOTL.ZS,DOM,2024,5.4,World Bank API v2,2026-09-24T17:30:00Z,False,
SL.UEM.TOTL.ZS,ECU,2010,4.6,World Bank API v2,2026-09-24T17:30:00Z,False,
SL.UEM.TOTL.ZS,ECU,2011,4.5,World Bank API v2,2026-09-24T17:30:00Z,False,
SL.UEM.TOTL.ZS,ECU,2012,4.5,World Bank API v2,2026-09-24T17:30:00Z,False,
SL.UEM.TOTL.ZS,ECU,2013,4.4,World Bank API v2,2026-09-24T17:30:00Z,False,
SL.UEM.TOTL.ZS,ECU,2014,4.4,World Bank API v2,2026-09-24T17:30:00Z,False,
SL.UEM.TOTL.ZS,ECU,2015,4.3,World Bank API v2,2026-09-24T17:30:00Z,False,
SL.UEM.TOTL.ZS,ECU,2016,4.3,World Bank API v2,2026-09-24T17:30:00Z,False,
SL.UEM.TOTL.ZS,ECU,2017,4.2,World Bank API v2,2026-09-24T17:30:00Z,False,
SL.UEM.TOTL.ZS,ECU,2018,4.1,World Bank API v2,2026-09-24T17:30:00Z,False,
SL.UEM.TOTL.ZS,ECU,2019,4.1,World Bank API v2,2026-09-24T17:30:00Z,False,
SL.UEM.TOTL.ZS,ECU,2020,6.9,World Bank API v2,2026-09-24T17:30:00Z,False,
SL.UEM.TOTL.ZS,ECU,2021,4.0,World Bank API v2,2026-09-24T17:30:00Z,False,
SL.UEM.TOTL.ZS,ECU,2022,3.9,World Bank API v2,2026-09-24T17:30:00Z,False,
SL.UEM.TOTL.ZS,ECU,2023,3.9,World Bank API v2,2026-09-24T17:30:00Z,False,
SL.UEM.TOTL.ZS,ECU,2024,3.8,World Bank API v2,2026-09-24T17:30:00Z,False,
SL.UEM.TOTL.ZS,GTM,2010,3.5,World Bank API v2,2026-09-24T17:30:00Z,False,
SL.UEM.TOTL.ZS,GTM,2011,3.4,World Bank API v2,2026-09-24T17:30:00Z,False,
SL.UEM.TOTL.ZS,GTM,2012,3.4,World Bank API v2,2026-09-24T17:30:00Z,False,
SL.UEM.TOTL.ZS,GTM,2013,3.3,World Bank API v2,2026-09-24T17:30:00Z,False,
SL.UEM.TOTL.ZS,GTM,2014,3.3,World Bank API v2,2026-09-24T17:30:00Z,False,
SL.UEM.TOTL.ZS,GTM,2015,3.2,World Bank API v2,2026-09-24T17:30:00Z,False,
SL.UEM.TOTL.ZS,GTM,2016,3.2,World Bank API v2,2026-09-24T17:30:00Z,False,
SL.UEM.TOTL.ZS,GTM,2017,3.1,World Bank API v2,2026-09-24T17:30:00Z,False,
SL.UEM.TOTL.ZS,GTM,2018,3.0,World Bank API v2,2026-09-24T17:30:00Z,False,
SL.UEM.TOTL.ZS,GTM,2019,3.0,World Bank API v2,2026-09-24T17:30:00Z,False,
SL.UEM.TOTL.ZS,GTM,2020,5.8,World Bank API v2,2026-09-24T17:30:00Z,False,
SL.UEM.TOTL.ZS,GTM,2021,2.9,World Bank API v2,2026-09-24T17:30:00Z,False,
SL.UEM.TOTL.ZS,GTM,2022,2.8,World Bank API v2,2026-09-24T17:30:00Z,False,
SL.UEM.TOTL.ZS,GTM,2023,2.8,World Bank API v2,2026-09-24T17:30:00Z,False,
SL.UEM.TOTL.ZS,GTM,2024,2.7,World Bank API v2,2026-09-24T17:30:00Z,False,
SL.UEM.TOTL.ZS,HND,2010,4.8,World Bank API v2,2026-09-24T17:30:00Z,False,
SL.UEM.TOTL.ZS,HND,2011,4.9,World Bank API v2,2026-09-24T17:30:00Z,False,
SL.UEM.TOTL.ZS,HND,2012,5.0,World Bank API v2,2026-09-24T17:30:00Z,False,
SL.UEM.TOTL.ZS,HND,2013,5.1,World Bank API v2,2026-09-24T17:30:00Z,False,
SL.UEM.TOTL.ZS,HND,2014,5.2,World Bank API v2,2026-09-24T17:30:00Z,False,
SL.UEM.TOTL.ZS,HND,2015,5.3,World Bank API v2,2026-09-24T17:30:00Z,False,
SL.UEM.TOTL.ZS,HND,2016,5.4,World Bank API v2,2026-09-24T17:30:00Z,False,
SL.UEM.TOTL.ZS,HND,2017,5.5,World Bank API v2,2026-09-24T17:30:00Z,False,
SL.UEM.TOTL.ZS,HND,2018,5.6,World Bank API v2,2026-09-24T17:30:00Z,False,
SL.UEM.TOTL.ZS,HND,2019,5.7,World Bank API v2,2026-09-24T17:30:00Z,False,
SL.UEM.TOTL.ZS,HND,2020,8.7,World Bank API v2,2026-09-24T17:30:00Z,False,
SL.UEM.TOTL.ZS,HND,2021,5.9,World Bank API v2,2026-09-24T17:30:00Z,False,
SL.UEM.TOTL.ZS,HND,2022,6.0,World Bank API v2,2026-09-24T17:30:00Z,False,
SL.UEM.TOTL.ZS,HND,2023,6.1,World Bank API v2,2026-09-24T17:30:00Z,False,
SL.UEM.TOTL.ZS,HND,2024,6.2,World Bank API v2,2026-09-24T17:30:00Z,False,
SL.UEM.TOTL.ZS,HTI,2010,14.1,World Bank API v2,2026-09-24T17:30:00Z,False,
SL.UEM.TOTL.ZS,HTI,2011,14.2,World Bank API v2,2026-09-24T17:30:00Z,False,
SL.UEM.TOTL.ZS,HTI,2012,14.2,World Bank API v2,2026-09-24T17:30:00Z,False,
SL.UEM.TOTL.ZS,HTI,2013,14.3,World Bank API v2,2026-09-24T17:30:00Z,False,
SL.UEM.TOTL.ZS,HTI,2014,14.3,World Bank API v2,2026-09-24T17:30:00Z,False,
SL.UEM.TOTL.ZS,HTI,2015,14.3,World Bank API v2,2026-09-24T17:30:00Z,False,
SL.UEM.TOTL.ZS,HTI,2016,14.4,World Bank API v2,2026-09-24T17:30:00Z,False,
SL.UEM.TOTL.ZS,HTI,2017,14.4,World Bank API v2,2026-09-24T17:30:00Z,False,
SL.UEM.TOTL.ZS,HTI,2018,14.5,World Bank API v2,2026-09-24T17:30:00Z,False,
SL.UEM.TOTL.ZS,HTI,2019,14.5,World Bank API v2,2026-09-24T17:30:00Z,False,
SL.UEM.TOTL.ZS,HTI,2020,17.5,World Bank API v2,2026-09-24T17:30:00Z,False,
SL.UEM.TOTL.ZS,HTI,2021,14.6,World Bank API v2,2026-09-24T17:30:00Z,False,
SL.UEM.TOTL.ZS,HTI,2022,14.7,World Bank API v2,2026-09-24T17:30:00Z,False,
SL.UEM.TOTL.ZS,HTI,2023,14.8,World Bank API v2,2026-09-24T17:30:00Z,False,
SL.UEM.TOTL.ZS,HTI,2024,14.8,World Bank API v2,2026-09-24T17:30:00Z,False,
SL.UEM.TOTL.ZS,LATAM_AVG,2010,6.6,Promedio simple LATAM (n=20/20 países),2026-09-24T17:00:00Z,False,20
SL.UEM.TOTL.ZS,LATAM_AVG,2011,6.5,Promedio simple LATAM (n=20/20 países),2026-09-24T17:00:00Z,False,20
SL.UEM.TOTL.ZS,LATAM_AVG,2012,6.5,Promedio simple LATAM (n=20/20 países),2026-09-24T17:00:00Z,False,20
SL.UEM.TOTL.ZS,LATAM_AVG,2013,6.5,Promedio simple LATAM (n=20/20 países),2026-09-24T17:00:00Z,False,20
SL.UEM.TOTL.ZS,LATAM_AVG,2014,6.4,Promedio simple LATAM (n=20/20 países),2026-09-24T17:00:00Z,False,20
SL.UEM.TOTL.ZS,LATAM_AVG,2015,6.4,Promedio simple LATAM (n=20/20 países),2026-09-24T17:00:00Z,False,20
SL.UEM.TOTL.ZS,LATAM_AVG,2016,6.4,Promedio simple LATAM (n=20/20 países),2026-09-24T17:00:00Z,False,20
SL.UEM.TOTL.ZS,LATAM_AVG,2017,6.3,Promedio simple LATAM (n=20/20 países),2026-09-24T17:00:00Z,False,20
SL.UEM.TOTL.ZS,LATAM_AVG,2018,6.3,Promedio simple LATAM (n=20/20 países),2026-09-24T17:00:00Z,False,20
SL.UEM.TOTL.ZS,LATAM_AVG,2019,6.2,Promedio simple LATAM (n=20/20 países),2026-09-24T17:00:00Z,False,20
SL.UEM.TOTL.ZS,LATAM_AVG,2020,9.1,Promedio simple LATAM (n=20/20 países),2026-09-24T17:00:00Z,False,20
SL.UEM.TOTL.ZS,LATAM_AVG,2021,6.2,Promedio simple LATAM (n=20/20 países),2026-09-24T17:00:00Z,False,20
SL.UEM.TOTL.ZS,LATAM_AVG,2022,6.1,Promedio simple LATAM (n=20/20 países),2026-09-24T17:00:00Z,False,20
SL.UEM.TOTL.ZS,LATAM_AVG,2023,6.1,Promedio simple LATAM (n=20/20 países),2026-09-24T17:00:00Z,False,20
SL.UEM.TOTL.ZS,LATAM_AVG,2024,6.1,Promedio simple LATAM (n=20/20 países),2026-09-24T17:00:00Z,False,20
SL.UEM.TOTL.ZS,LCN,2010,7.3,World Bank API v2,2026-09-24T17:30:00Z,False,
SL.UEM.TOTL.ZS,LCN,2011,7.2,World Bank API v2,2026-09-24T17:30:00Z,False,
SL.UEM.TOTL.ZS,LCN,2012,7.1,World Bank API v2,2026-09-24T17:30:00Z,False,
SL.UEM.TOTL.ZS,LCN,2013,7.1,World Bank API v2,2026-09-24T17:30:00Z,False,
SL.UEM.TOTL.ZS,LCN,2014,7.0,World Bank API v2,2026-09-24T17:30:00Z,False,
SL.UEM.TOTL.ZS,LCN,2015,6.9,World Bank API v2,2026-09-24T17:30:00Z,False,
SL.UEM.TOTL.ZS,LCN,2016,6.8,World Bank API v2,2026-09-24T17:30:00Z,False,
SL.UEM.TOTL.ZS,LCN,2017,6.7,World Bank API v2,2026-09-24T17:30:00Z,False,
SL.UEM.TOTL.ZS,LCN,2018,6.7,World Bank API v2,2026-09-24T17:30:00Z,False,
SL.UEM.TOTL.ZS,LCN,2019,6.6,World Bank API v2,2026-09-24T17:30:00Z,False,
SL.UEM.TOTL.ZS,LCN,2020,9.4,World Bank API v2,2026-09-24T17:30:00Z,False,
SL.UEM.TOTL.ZS,LCN,2021,6.4,World Bank API v2,2026-09-24T17:30:00Z,False,
SL.UEM.TOTL.ZS,LCN,2022,6.4,World Bank API v2,2026-09-24T17:30:00Z,False,
SL.UEM.TOTL.ZS,LCN,2023,6.3,World Bank API v2,2026-09-24T17:30:00Z,False,
SL.UEM.TOTL.ZS,LCN,2024,6.2,World Bank API v2,2026-09-24T17:30:00Z,False,
SL.UEM.TOTL.ZS,MEX,2010,5.3,World Bank API v2,2026-09-24T17:30:00Z,False,
SL.UEM.TOTL.ZS,MEX,2011,5.1,World Bank API v2,2026-09-24T17:30:00Z,False,
SL.UEM.TOTL.ZS,MEX,2012,5.0,World Bank API v2,2026-09-24T17:30:00Z,False,
SL.UEM.TOTL.ZS,MEX,2013,4.8,World Bank API v2,2026-09-24T17:30:00Z,False,
SL.UEM.TOTL.ZS,MEX,2014,4.6,World Bank API v2,2026-09-24T17:30:00Z,False,
SL.UEM.TOTL.ZS,MEX,2015,4.4,World Bank API v2,2026-09-24T17:30:00Z,False,
SL.UEM.TOTL.ZS,MEX,2016,4.2,World Bank API v2,2026-09-24T17:30:00Z,False,
SL.UEM.TOTL.ZS,MEX,2017,4.0,World Bank API v2,2026-09-24T17:30:00Z,False,
SL.UEM.TOTL.ZS,MEX,2018,3.8,World Bank API v2,2026-09-24T17:30:00Z,False,
SL.UEM.TOTL.ZS,MEX,2019,3.7,World Bank API v2,2026-09-24T17:30:00Z,False,
SL.UEM.TOTL.ZS,MEX,2020,6.4,World Bank API v2,2026-09-24T17:30:00Z,False,
SL.UEM.TOTL.ZS,MEX,2021,3.3,World Bank API v2,2026-09-24T17:30:00Z,False,
SL.UEM.TOTL.ZS,MEX,2022,3.2,World Bank API v2,2026-09-24T17:30:00Z,False,
SL.UEM.TOTL.ZS,MEX,2023,3.0,World Bank API v2,2026-09-24T17:30:00Z,False,
SL.UEM.TOTL.ZS,MEX,2024,2.8,World Bank API v2,2026-09-24T17:30:00Z,False,
SL.UEM.TOTL.ZS,NIC,2010,7.8,World Bank API v2,2026-09-24T17:30:00Z,False,
SL.UEM.TOTL.ZS,NIC,2011,7.6,World Bank API v2,2026-09-24T17:30:00Z,False,
SL.UEM.TOTL.ZS,NIC,2012,7.4,World Bank API v2,2026-09-24T17:30:00Z,False,
SL.UEM.TOTL.ZS,NIC,2013,7.1,World Bank API v2,2026-09-24T17:30:00Z,False,
SL.UEM.TOTL.ZS,NIC,2014,6.9,World Bank API v2,2026-09-24T17:30:00Z,False,
SL.UEM.TOTL.ZS,NIC,2015,6.7,World Bank API v2,2026-09-24T17:30:00Z,False,
SL.UEM.TOTL.ZS,NIC,2016,6.5,World Bank API v2,2026-09-24T17:30:00Z,False,
SL.UEM.TOTL.ZS,NIC,2017,6.2,World Bank API v2,2026-09-24T17:30:00Z,False,
SL.UEM.TOTL.ZS,NIC,2018,6.0,World Bank API v2,2026-09-24T17:30:00Z,False,
SL.UEM.TOTL.ZS,NIC,2019,5.7,World Bank API v2,2026-09-24T17:30:00Z,False,
SL.UEM.TOTL.ZS,NIC,2020,8.4,World Bank API v2,2026-09-24T17:30:00Z,False,
SL.UEM.TOTL.ZS,NIC,2021,5.2,World Bank API v2,2026-09-24T17:30:00Z,False,
SL.UEM.TOTL.ZS,NIC,2022,5.0,World Bank API v2,2026-09-24T17:30:00Z,False,
SL.UEM.TOTL.ZS,NIC,2023,4.8,World Bank API v2,2026-09-24T17:30:00Z,False,
SL.UEM.TOTL.ZS,NIC,2024,4.6,World Bank API v2,2026-09-24T17:30:00Z,False,
SL.UEM.TOTL.ZS,OED,2010,8.3,World Bank API v2,2026-09-24T17:30:00Z,False,
SL.UEM.TOTL.ZS,OED,2011,8.1,World Bank API v2,2026-09-24T17:30:00Z,False,
SL.UEM.TOTL.ZS,OED,2012,7.9,World Bank API v2,2026-09-24T17:30:00Z,False,
SL.UEM.TOTL.ZS,OED,2013,7.6,World Bank API v2,2026-09-24T17:30:00Z,False,
SL.UEM.TOTL.ZS,OED,2014,7.3,World Bank API v2,2026-09-24T17:30:00Z,False,
SL.UEM.TOTL.ZS,OED,2015,7.1,World Bank API v2,2026-09-24T17:30:00Z,False,
SL.UEM.TOTL.ZS,OED,2016,6.8,World Bank API v2,2026-09-24T17:30:00Z,False,
SL.UEM.TOTL.ZS,OED,2017,6.6,World Bank API v2,2026-09-24T17:30:00Z,False,
SL.UEM.TOTL.ZS,OED,2018,6.3,World Bank API v2,2026-09-24T17:30:00Z,False,
SL.UEM.TOTL.ZS,OED,2019,6.1,World Bank API v2,2026-09-24T17:30:00Z,False,
SL.UEM.TOTL.ZS,OED,2020,8.7,World Bank API v2,2026-09-24T17:30:00Z,False,
SL.UEM.TOTL.ZS,OED,2021,5.6,World Bank API v2,2026-09-24T17:30:00Z,False,
SL.UEM.TOTL.ZS,OED,2022,5.4,World Bank API v2,2026-09-24T17:30:00Z,False,
SL.UEM.TOTL.ZS,OED,2023,5.2,World Bank API v2,2026-09-24T17:30:00Z,False,
SL.UEM.TOTL.ZS,OED,2024,4.9,World Bank API v2,2026-09-24T17:30:00Z,False,
SL.UEM.TOTL.ZS,PAN,2010,4.8,World Bank API v2,2026-09-24T17:30:00Z,False,
SL.UEM.TOTL.ZS,PAN,2011,4.9,World Bank API v2,2026-09-24T17:30:00Z,False,
SL.UEM.TOTL.ZS,PAN,2012,5.1,World Bank API v2,2026-09-24T17:30:00Z,False,
SL.UEM.TOTL.ZS,PAN,2013,5.2,World Bank API v2,2026-09-24T17:30:00Z,False,
SL.UEM.TOTL.ZS,PAN,2014,5.3,World Bank API v2,2026-09-24T17:30:00Z,False,
SL.UEM.TOTL.ZS,PAN,2015,5.4,World Bank API v2,2026-09-24T17:30:00Z,False,
SL.UEM.TOTL.ZS,PAN,2016,5.5,World Bank API v2,2026-09-24T17:30:00Z,False,
SL.UEM.TOTL.ZS,PAN,2017,5.6,World Bank API v2,2026-09-24T17:30:00Z,False,
SL.UEM.TOTL.ZS,PAN,2018,5.7,World Bank API v2,2026-09-24T17:30:00Z,False,
SL.UEM.TOTL.ZS,PAN,2019,5.8,World Bank API v2,2026-09-24T17:30:00Z,False,
SL.UEM.TOTL.ZS,PAN,2020,8.8,World Bank API v2,2026-09-24T17:30:00Z,False,
SL.UEM.TOTL.ZS,PAN,2021,6.0,World Bank API v2,2026-09-24T17:30:00Z,False,
SL.UEM.TOTL.ZS,PAN,2022,6.1,World Bank API v2,2026-09-24T17:30:00Z,False,
SL.UEM.TOTL.ZS,PAN,2023,6.3,World Bank API v2,2026-09-24T17:30:00Z,False,
SL.UEM.TOTL.ZS,PAN,2024,6.4,World Bank API v2,2026-09-24T17:30:00Z,False,
SL.UEM.TOTL.ZS,PER,2010,4.1,World Bank API v2,2026-09-24T17:30:00Z,False,
SL.UEM.TOTL.ZS,PER,2011,4.2,World Bank API v2,2026-09-24T17:30:00Z,False,
SL.UEM.TOTL.ZS,PER,2012,4.2,World Bank API v2,2026-09-24T17:30:00Z,False,
SL.UEM.TOTL.ZS,PER,2013,4.3,World Bank API v2,2026-09-24T17:30:00Z,False,
SL.UEM.TOTL.ZS,PER,2014,4.4,World Bank API v2,2026-09-24T17:30:00Z,False,
SL.UEM.TOTL.ZS,PER,2015,4.4,World Bank API v2,2026-09-24T17:30:00Z,False,
SL.UEM.TOTL.ZS,PER,2016,4.5,World Bank API v2,2026-09-24T17:30:00Z,False,
SL.UEM.TOTL.ZS,PER,2017,4.5,World Bank API v2,2026-09-24T17:30:00Z,False,
SL.UEM.TOTL.ZS,PER,2018,4.6,World Bank API v2,2026-09-24T17:30:00Z,False,
SL.UEM.TOTL.ZS,PER,2019,4.6,World Bank API v2,2026-09-24T17:30:00Z,False,
SL.UEM.TOTL.ZS,PER,2020,7.5,World Bank API v2,2026-09-24T17:30:00Z,False,
SL.UEM.TOTL.ZS,PER,2021,4.7,World Bank API v2,2026-09-24T17:30:00Z,False,
SL.UEM.TOTL.ZS,PER,2022,4.8,World Bank API v2,2026-09-24T17:30:00Z,False,
SL.UEM.TOTL.ZS,PER,2023,4.8,World Bank API v2,2026-09-24T17:30:00Z,False,
SL.UEM.TOTL.ZS,PER,2024,4.9,World Bank API v2,2026-09-24T17:30:00Z,False,
SL.UEM.TOTL.ZS,PRY,2010,5.4,World Bank API v2,2026-09-24T17:30:00Z,False,
SL.UEM.TOTL.ZS,PRY,2011,5.5,World Bank API v2,2026-09-24T17:30:00Z,False,
SL.UEM.TOTL.ZS,PRY,2012,5.5,World Bank API v2,2026-09-24T17:30:00Z,False,
SL.UEM.TOTL.ZS,PRY,2013,5.5,World Bank API v2,2026-09-24T17:30:00Z,False,
SL.UEM.TOTL.ZS,PRY,2014,5.5,World Bank API v2,2026-09-24T17:30:00Z,False,
SL.UEM.TOTL.ZS,PRY,2015,5.6,World Bank API v2,2026-09-24T17:30:00Z,False,
SL.UEM.TOTL.ZS,PRY,2016,5.6,World Bank API v2,2026-09-24T17:30:00Z,False,
SL.UEM.TOTL.ZS,PRY,2017,5.6,World Bank API v2,2026-09-24T17:30:00Z,False,
SL.UEM.TOTL.ZS,PRY,2018,5.7,World Bank API v2,2026-09-24T17:30:00Z,False,
SL.UEM.TOTL.ZS,PRY,2019,5.7,World Bank API v2,2026-09-24T17:30:00Z,False,
SL.UEM.TOTL.ZS,PRY,2020,8.7,World Bank API v2,2026-09-24T17:30:00Z,False,
SL.UEM.TOTL.ZS,PRY,2021,5.8,World Bank API v2,2026-09-24T17:30:00Z,False,
SL.UEM.TOTL.ZS,PRY,2022,5.9,World Bank API v2,2026-09-24T17:30:00Z,False,
SL.UEM.TOTL.ZS,PRY,2023,5.9,World Bank API v2,2026-09-24T17:30:00Z,False,
SL.UEM.TOTL.ZS,PRY,2024,5.9,World Bank API v2,2026-09-24T17:30:00Z,False,
SL.UEM.TOTL.ZS,SLV,2010,6.8,World Bank API v2,2026-09-24T17:30:00Z,False,
SL.UEM.TOTL.ZS,SLV,2011,6.6,World Bank API v2,2026-09-24T17:30:00Z,False,
SL.UEM.TOTL.ZS,SLV,2012,6.3,World Bank API v2,2026-09-24T17:30:00Z,False,
SL.UEM.TOTL.ZS,SLV,2013,6.1,World Bank API v2,2026-09-24T17:30:00Z,False,
SL.UEM.TOTL.ZS,SLV,2014,5.8,World Bank API v2,2026-09-24T17:30:00Z,False,
SL.UEM.TOTL.ZS,SLV,2015,5.6,World Bank API v2,2026-09-24T17:30:00Z,False,
SL.UEM.TOTL.ZS,SLV,2016,5.3,World Bank API v2,2026-09-24T17:30:00Z,False,
SL.UEM.TOTL.ZS,SLV,2017,5.0,World Bank API v2,2026-09-24T17:30:00Z,False,
SL.UEM.TOTL.ZS,SLV,2018,4.7,World Bank API v2,2026-09-24T17:30:00Z,False,
SL.UEM.TOTL.ZS,SLV,2019,4.4,World Bank API v2,2026-09-24T17:30:00Z,False,
SL.UEM.TOTL.ZS,SLV,2020,7.1,World Bank API v2,2026-09-24T17:30:00Z,False,
SL.UEM.TOTL.ZS,SLV,2021,3.9,World Bank API v2,2026-09-24T17:30:00Z,False,
SL.UEM.TOTL.ZS,SLV,2022,3.7,World Bank API v2,2026-09-24T17:30:00Z,False,
SL.UEM.TOTL.ZS,SLV,2023,3.4,World Bank API v2,2026-09-24T17:30:00Z,False,
SL.UEM.TOTL.ZS,SLV,2024,3.2,World Bank API v2,2026-09-24T17:30:00Z,False,
SL.UEM.TOTL.ZS,URY,2010,7.2,World Bank API v2,2026-09-24T17:30:00Z,False,
SL.UEM.TOTL.ZS,URY,2011,7.3,World Bank API v2,2026-09-24T17:30:00Z,False,
SL.UEM.TOTL.ZS,URY,2012,7.4,World Bank API v2,2026-09-24T17:30:00Z,False,
SL.UEM.TOTL.ZS,URY,2013,7.4,World Bank API v2,2026-09-24T17:30:00Z,False,
SL.UEM.TOTL.ZS,URY,2014,7.5,World Bank API v2,2026-09-24T17:30:00Z,False,
SL.UEM.TOTL.ZS,URY,2015,7.5,World Bank API v2,2026-09-24T17:30:00Z,False,
SL.UEM.TOTL.ZS,URY,2016,7.6,World Bank API v2,2026-09-24T17:30:00Z,False,
SL.UEM.TOTL.ZS,URY,2017,7.6,World Bank API v2,2026-09-24T17:30:00Z,False,
SL.UEM.TOTL.ZS,URY,2018,7.7,World Bank API v2,2026-09-24T17:30:00Z,False,
SL.UEM.TOTL.ZS,URY,2019,7.7,World Bank API v2,2026-09-24T17:30:00Z,False,
SL.UEM.TOTL.ZS,URY,2020,10.7,World Bank API v2,2026-09-24T17:30:00Z,False,
SL.UEM.TOTL.ZS,URY,2021,7.9,World Bank API v2,2026-09-24T17:30:00Z,False,
SL.UEM.TOTL.ZS,URY,2022,8.0,World Bank API v2,2026-09-24T17:30:00Z,False,
SL.UEM.TOTL.ZS,URY,2023,8.1,World Bank API v2,2026-09-24T17:30:00Z,False,
SL.UEM.TOTL.ZS,URY,2024,8.1,World Bank API v2,2026-09-24T17:30:00Z,False,
SL.UEM.TOTL.ZS,VEN,2010,8.5,World Bank API v2,2026-09-24T17:30:00Z,False,
SL.UEM.TOTL.ZS,VEN,2011,8.4,World Bank API v2,2026-09-24T17:30:00Z,False,
SL.UEM.TOTL.ZS,VEN,2012,8.2,World Bank API v2,2026-09-24T17:30:00Z,False,
SL.UEM.TOTL.ZS,VEN,2013,8.1,World Bank API v2,2026-09-24T17:30:00Z,False,
SL.UEM.TOTL.ZS,VEN,2014,8.0,World Bank API v2,2026-09-24T17:30:00Z,False,
SL.UEM.TOTL.ZS,VEN,2015,7.9,World Bank API v2,2026-09-24T17:30:00Z,False,
SL.UEM.TOTL.ZS,VEN,2016,7.8,World Bank API v2,2026-09-24T17:30:00Z,False,
SL.UEM.TOTL.ZS,VEN,2017,7.6,World Bank API v2,2026-09-24T17:30:00Z,False,
SL.UEM.TOTL.ZS,VEN,2018,7.5,World Bank API v2,2026-09-24T17:30:00Z,False,
SL.UEM.TOTL.ZS,VEN,2019,7.4,World Bank API v2,2026-09-24T17:30:00Z,False,
SL.UEM.TOTL.ZS,VEN,2020,10.2,World Bank API v2,2026-09-24T17:30:00Z,False,
SL.UEM.TOTL.ZS,VEN,2021,7.2,World Bank API v2,2026-09-24T17:30:00Z,False,
SL.UEM.TOTL.ZS,VEN,2022,7.1,World Bank API v2,2026-09-24T17:30:00Z,False,
SL.UEM.TOTL.ZS,VEN,2023,6.9,World Bank API v2,2026-09-24T17:30:00Z,False,
SL.UEM.TOTL.ZS,VEN,2024,6.8,World Bank API v2,2026-09-24T17:30:00Z,False,
SL.UEM.TOTL.ZS,WLD,2010,6.0,World Bank API v2,2026-09-24T17:30:00Z,False,
SL.UEM.TOTL.ZS,WLD,2011,5.9,World Bank API v2,2026-09-24T17:30:00Z,False,
SL.UEM.TOTL.ZS,WLD,2012,5.9,World Bank API v2,2026-09-24T17:30:00Z,False,
SL.UEM.TOTL.ZS,WLD,2013,5.8,World Bank API v2,2026-09-24T17:30:00Z,False,
SL.UEM.TOTL.ZS,WLD,2014,5.7,World Bank API v2,2026-09-24T17:30:00Z,False,
SL.UEM.TOTL.ZS,WLD,2015,5.6,World Bank API v2,2026-09-24T17:30:00Z,False,
SL.UEM.TOTL.ZS,WLD,2016,5.6,World Bank API v2,2026-09-24T17:30:00Z,False,
SL.UEM.TOTL.ZS,WLD,2017,5.5,World Bank API v2,2026-09-24T17:30:00Z,False,
SL.UEM.TOTL.ZS,WLD,2018,5.4,World Bank API v2,2026-09-24T17:30:00Z,False,
SL.UEM.TOTL.ZS,WLD,2019,5.4,World Bank API v2,2026-09-24T17:30:00Z,False,
SL.UEM.TOTL.ZS,WLD,2020,8.2,World Bank API v2,2026-09-24T17:30:00Z,False,
SL.UEM.TOTL.ZS,WLD,2021,5.2,World Bank API v2,2026-09-24T17:30:00Z,False,
SL.UEM.TOTL.ZS,WLD,2022,5.1,World Bank API v2,2026-09-24T17:30:00Z,False,
SL.UEM.TOTL.ZS,WLD,2023,5.1,World Bank API v2,2026-09-24T17:30:00Z,False,
SL.UEM.TOTL.ZS,WLD,2024,5.0,World Bank API v2,2026-09-24T17:30:00Z,False,
SP.DYN.LE00.IN,ARG,2010,75.7,World Bank API v2,2026-09-24T17:30:00Z,False,
SP.DYN.LE00.IN,ARG,2011,75.8,World Bank API v2,2026-09-24T17:30:00Z,False,
SP.DYN.LE00.IN,ARG,2012,76.0,World Bank API v2,2026-09-24T17:30:00Z,False,
SP.DYN.LE00.IN,ARG,2013,76.1,World Bank API v2,2026-09-24T17:30:00Z,False,
SP.DYN.LE00.IN,ARG,2014,76.2,World Bank API v2,2026-09-24T17:30:00Z,False,
SP.DYN.LE00.IN,ARG,2015,76.3,World Bank API v2,2026-09-24T17:30:00Z,False,
SP.DYN.LE00.IN,ARG,2016,76.4,World Bank API v2,2026-09-24T17:30:00Z,False,
SP.DYN.LE00.IN,ARG,2017,76.6,World Bank API v2,2026-09-24T17:30:00Z,False,
SP.DYN.LE00.IN,ARG,2018,76.7,World Bank API v2,2026-09-24T17:30:00Z,False,
SP.DYN.LE00.IN,ARG,2019,76.8,World Bank API v2,2026-09-24T17:30:00Z,False,
SP.DYN.LE00.IN,ARG,2020,76.9,World Bank API v2,2026-09-24T17:30:00Z,False,
SP.DYN.LE00.IN,ARG,2021,77.0,World Bank API v2,2026-09-24T17:30:00Z,False,
SP.DYN.LE00.IN,ARG,2022,77.1,World Bank API v2,2026-09-24T17:30:00Z,False,
SP.DYN.LE00.IN,ARG,2023,77.3,World Bank API v2,2026-09-24T17:30:00Z,False,
SP.DYN.LE00.IN,ARG,2024,77.4,World Bank API v2,2026-09-24T17:30:00Z,False,
SP.DYN.LE00.IN,BOL,2010,66.9,World Bank API v2,2026-09-24T17:30:00Z,False,
SP.DYN.LE00.IN,BOL,2011,67.0,World Bank API v2,2026-09-24T17:30:00Z,False,
SP.DYN.LE00.IN,BOL,2012,67.2,World Bank API v2,2026-09-24T17:30:00Z,False,
SP.DYN.LE00.IN,BOL,2013,67.4,World Bank API v2,2026-09-24T17:30:00Z,False,
SP.DYN.LE00.IN,BOL,2014,67.5,World Bank API v2,2026-09-24T17:30:00Z,False,
SP.DYN.LE00.IN,BOL,2015,67.7,World Bank API v2,2026-09-24T17:30:00Z,False,
SP.DYN.LE00.IN,BOL,2016,67.9,World Bank API v2,2026-09-24T17:30:00Z,False,
SP.DYN.LE00.IN,BOL,2017,68.1,World Bank API v2,2026-09-24T17:30:00Z,False,
SP.DYN.LE00.IN,BOL,2018,68.3,World Bank API v2,2026-09-24T17:30:00Z,False,
SP.DYN.LE00.IN,BOL,2019,68.5,World Bank API v2,2026-09-24T17:30:00Z,False,
SP.DYN.LE00.IN,BOL,2020,68.7,World Bank API v2,2026-09-24T17:30:00Z,False,
SP.DYN.LE00.IN,BOL,2021,69.0,World Bank API v2,2026-09-24T17:30:00Z,False,
SP.DYN.LE00.IN,BOL,2022,69.2,World Bank API v2,2026-09-24T17:30:00Z,False,
SP.DYN.LE00.IN,BOL,2023,69.4,World Bank API v2,2026-09-24T17:30:00Z,False,
SP.DYN.LE00.IN,BOL,2024,69.6,World Bank API v2,2026-09-24T17:30:00Z,False,
SP.DYN.LE00.IN,BRA,2010,73.8,World Bank API v2,2026-09-24T17:30:00Z,False,
SP.DYN.LE00.IN,BRA,2011,73.9,World Bank API v2,2026-09-24T17:30:00Z,False,
SP.DYN.LE00.IN,BRA,2012,74.1,World Bank API v2,2026-09-24T17:30:00Z,False,
SP.DYN.LE00.IN,BRA,2013,74.3,World Bank API v2,2026-09-24T17:30:00Z,False,
SP.DYN.LE00.IN,BRA,2014,74.5,World Bank API v2,2026-09-24T17:30:00Z,False,
SP.DYN.LE00.IN,BRA,2015,74.7,World Bank API v2,2026-09-24T17:30:00Z,False,
SP.DYN.LE00.IN,BRA,2016,74.9,World Bank API v2,2026-09-24T17:30:00Z,False,
SP.DYN.LE00.IN,BRA,2017,75.0,World Bank API v2,2026-09-24T17:30:00Z,False,
SP.DYN.LE00.IN,BRA,2018,75.2,World Bank API v2,2026-09-24T17:30:00Z,False,
SP.DYN.LE00.IN,BRA,2019,75.4,World Bank API v2,2026-09-24T17:30:00Z,False,
SP.DYN.LE00.IN,BRA,2020,75.6,World Bank API v2,2026-09-24T17:30:00Z,False,
SP.DYN.LE00.IN,BRA,2021,75.7,World Bank API v2,2026-09-24T17:30:00Z,False,
SP.DYN.LE00.IN,BRA,2022,75.9,World Bank API v2,2026-09-24T17:30:00Z,False,
SP.DYN.LE00.IN,BRA,2023,76.0,World Bank API v2,2026-09-24T17:30:00Z,False,
SP.DYN.LE00.IN,BRA,2024,76.2,World Bank API v2,2026-09-24T17:30:00Z,False,
SP.DYN.LE00.IN,CHL,2010,79.0,World Bank API v2,2026-09-24T17:30:00Z,False,
SP.DYN.LE00.IN,CHL,2011,79.1,World Bank API v2,2026-09-24T17:30:00Z,False,
SP.DYN.LE00.IN,CHL,2012,79.3,World Bank API v2,2026-09-24T17:30:00Z,False,
SP.DYN.LE00.IN,CHL,2013,79.4,World Bank API v2,2026-09-24T17:30:00Z,False,
SP.DYN.LE00.IN,CHL,2014,79.6,World Bank API v2,2026-09-24T17:30:00Z,False,
SP.DYN.LE00.IN,CHL,2015,79.8,World Bank API v2,2026-09-24T17:30:00Z,False,
SP.DYN.LE00.IN,CHL,2016,80.0,World Bank API v2,2026-09-24T17:30:00Z,False,
SP.DYN.LE00.IN,CHL,2017,80.2,World Bank API v2,2026-09-24T17:30:00Z,False,
SP.DYN.LE00.IN,CHL,2018,80.4,World Bank API v2,2026-09-24T17:30:00Z,False,
SP.DYN.LE00.IN,CHL,2019,80.5,World Bank API v2,2026-09-24T17:30:00Z,False,
SP.DYN.LE00.IN,CHL,2020,80.7,World Bank API v2,2026-09-24T17:30:00Z,False,
SP.DYN.LE00.IN,CHL,2021,80.8,World Bank API v2,2026-09-24T17:30:00Z,False,
SP.DYN.LE00.IN,CHL,2022,81.0,World Bank API v2,2026-09-24T17:30:00Z,False,
SP.DYN.LE00.IN,CHL,2023,81.1,World Bank API v2,2026-09-24T17:30:00Z,False,
SP.DYN.LE00.IN,CHL,2024,81.3,World Bank API v2,2026-09-24T17:30:00Z,False,
SP.DYN.LE00.IN,COL,2010,75.1,World Bank API v2,2026-09-24T17:30:00Z,False,
SP.DYN.LE00.IN,COL,2011,75.3,World Bank API v2,2026-09-24T17:30:00Z,False,
SP.DYN.LE00.IN,COL,2012,75.5,World Bank API v2,2026-09-24T17:30:00Z,False,
SP.DYN.LE00.IN,COL,2013,75.7,World Bank API v2,2026-09-24T17:30:00Z,False,
SP.DYN.LE00.IN,COL,2014,75.9,World Bank API v2,2026-09-24T17:30:00Z,False,
SP.DYN.LE00.IN,COL,2015,76.1,World Bank API v2,2026-09-24T17:30:00Z,False,
SP.DYN.LE00.IN,COL,2016,76.2,World Bank API v2,2026-09-24T17:30:00Z,False,
SP.DYN.LE00.IN,COL,2017,76.4,World Bank API v2,2026-09-24T17:30:00Z,False,
SP.DYN.LE00.IN,COL,2018,76.5,World Bank API v2,2026-09-24T17:30:00Z,False,
SP.DYN.LE00.IN,COL,2019,76.7,World Bank API v2,2026-09-24T17:30:00Z,False,
SP.DYN.LE00.IN,COL,2020,76.8,World Bank API v2,2026-09-24T17:30:00Z,False,
SP.DYN.LE00.IN,COL,2021,77.0,World Bank API v2,2026-09-24T17:30:00Z,False,
SP.DYN.LE00.IN,COL,2022,77.2,World Bank API v2,2026-09-24T17:30:00Z,False,
SP.DYN.LE00.IN,COL,2023,77.4,World Bank API v2,2026-09-24T17:30:00Z,False,
SP.DYN.LE00.IN,COL,2024,77.6,World Bank API v2,2026-09-24T17:30:00Z,False,
SP.DYN.LE00.IN,CRI,2010,79.2,World Bank API v2,2026-09-24T17:30:00Z,False,
SP.DYN.LE00.IN,CRI,2011,79.4,World Bank API v2,2026-09-24T17:30:00Z,False,
SP.DYN.LE00.IN,CRI,2012,79.5,World Bank API v2,2026-09-24T17:30:00Z,False,
SP.DYN.LE00.IN,CRI,2013,79.6,World Bank API v2,2026-09-24T17:30:00Z,False,
SP.DYN.LE00.IN,CRI,2014,79.7,World Bank API v2,2026-09-24T17:30:00Z,False,
SP.DYN.LE00.IN,CRI,2015,79.8,World Bank API v2,2026-09-24T17:30:00Z,False,
SP.DYN.LE00.IN,CRI,2016,79.9,World Bank API v2,2026-09-24T17:30:00Z,False,
SP.DYN.LE00.IN,CRI,2017,80.0,World Bank API v2,2026-09-24T17:30:00Z,False,
SP.DYN.LE00.IN,CRI,2018,80.1,World Bank API v2,2026-09-24T17:30:00Z,False,
SP.DYN.LE00.IN,CRI,2019,80.2,World Bank API v2,2026-09-24T17:30:00Z,False,
SP.DYN.LE00.IN,CRI,2020,80.4,World Bank API v2,2026-09-24T17:30:00Z,False,
SP.DYN.LE00.IN,CRI,2021,80.5,World Bank API v2,2026-09-24T17:30:00Z,False,
SP.DYN.LE00.IN,CRI,2022,80.7,World Bank API v2,2026-09-24T17:30:00Z,False,
SP.DYN.LE00.IN,CRI,2023,80.8,World Bank API v2,2026-09-24T17:30:00Z,False,
SP.DYN.LE00.IN,CRI,2024,80.9,World Bank API v2,2026-09-24T17:30:00Z,False,
SP.DYN.LE00.IN,CUB,2010,78.2,World Bank API v2,2026-09-24T17:30:00Z,False,
SP.DYN.LE00.IN,CUB,2011,78.2,World Bank API v2,2026-09-24T17:30:00Z,False,
SP.DYN.LE00.IN,CUB,2012,78.2,World Bank API v2,2026-09-24T17:30:00Z,False,
SP.DYN.LE00.IN,CUB,2013,78.3,World Bank API v2,2026-09-24T17:30:00Z,False,
SP.DYN.LE00.IN,CUB,2014,78.3,World Bank API v2,2026-09-24T17:30:00Z,False,
SP.DYN.LE00.IN,CUB,2015,78.3,World Bank API v2,2026-09-24T17:30:00Z,False,
SP.DYN.LE00.IN,CUB,2016,78.3,World Bank API v2,2026-09-24T17:30:00Z,False,
SP.DYN.LE00.IN,CUB,2017,78.3,World Bank API v2,2026-09-24T17:30:00Z,False,
SP.DYN.LE00.IN,CUB,2018,78.3,World Bank API v2,2026-09-24T17:30:00Z,False,
SP.DYN.LE00.IN,CUB,2019,78.3,World Bank API v2,2026-09-24T17:30:00Z,False,
SP.DYN.LE00.IN,CUB,2020,78.3,World Bank API v2,2026-09-24T17:30:00Z,False,
SP.DYN.LE00.IN,CUB,2021,78.3,World Bank API v2,2026-09-24T17:30:00Z,False,
SP.DYN.LE00.IN,CUB,2022,78.4,World Bank API v2,2026-09-24T17:30:00Z,False,
SP.DYN.LE00.IN,CUB,2023,78.4,World Bank API v2,2026-09-24T17:30:00Z,False,
SP.DYN.LE00.IN,CUB,2024,78.4,World Bank API v2,2026-09-24T17:30:00Z,False,
SP.DYN.LE00.IN,DOM,2010,72.4,World Bank API v2,2026-09-24T17:30:00Z,False,
SP.DYN.LE00.IN,DOM,2011,72.6,World Bank API v2,2026-09-24T17:30:00Z,False,
SP.DYN.LE00.IN,DOM,2012,72.7,World Bank API v2,2026-09-24T17:30:00Z,False,
SP.DYN.LE00.IN,DOM,2013,72.9,World Bank API v2,2026-09-24T17:30:00Z,False,
SP.DYN.LE00.IN,DOM,2014,73.1,World Bank API v2,2026-09-24T17:30:00Z,False,
SP.DYN.LE00.IN,DOM,2015,73.2,World Bank API v2,2026-09-24T17:30:00Z,False,
SP.DYN.LE00.IN,DOM,2016,73.4,World Bank API v2,2026-09-24T17:30:00Z,False,
SP.DYN.LE00.IN,DOM,2017,73.5,World Bank API v2,2026-09-24T17:30:00Z,False,
SP.DYN.LE00.IN,DOM,2018,73.6,World Bank API v2,2026-09-24T17:30:00Z,False,
SP.DYN.LE00.IN,DOM,2019,73.8,World Bank API v2,2026-09-24T17:30:00Z,False,
SP.DYN.LE00.IN,DOM,2020,73.9,World Bank API v2,2026-09-24T17:30:00Z,False,
SP.DYN.LE00.IN,DOM,2021,74.1,World Bank API v2,2026-09-24T17:30:00Z,False,
SP.DYN.LE00.IN,DOM,2022,74.2,World Bank API v2,2026-09-24T17:30:00Z,False,
SP.DYN.LE00.IN,DOM,2023,74.4,World Bank API v2,2026-09-24T17:30:00Z,False,
SP.DYN.LE00.IN,DOM,2024,74.6,World Bank API v2,2026-09-24T17:30:00Z,False,
SP.DYN.LE00.IN,ECU,2010,75.2,World Bank API v2,2026-09-24T17:30:00Z,False,
SP.DYN.LE00.IN,ECU,2011,75.4,World Bank API v2,2026-09-24T17:30:00Z,False,
SP.DYN.LE00.IN,ECU,2012,75.6,World Bank API v2,2026-09-24T17:30:00Z,False,
SP.DYN.LE00.IN,ECU,2013,75.7,World Bank API v2,2026-09-24T17:30:00Z,False,
SP.DYN.LE00.IN,ECU,2014,75.9,World Bank API v2,2026-09-24T17:30:00Z,False,
SP.DYN.LE00.IN,ECU,2015,76.0,World Bank API v2,2026-09-24T17:30:00Z,False,
SP.DYN.LE00.IN,ECU,2016,76.2,World Bank API v2,2026-09-24T17:30:00Z,False,
SP.DYN.LE00.IN,ECU,2017,76.3,World Bank API v2,2026-09-24T17:30:00Z,False,
SP.DYN.LE00.IN,ECU,2018,76.5,World Bank API v2,2026-09-24T17:30:00Z,False,
SP.DYN.LE00.IN,ECU,2019,76.6,World Bank API v2,2026-09-24T17:30:00Z,False,
SP.DYN.LE00.IN,ECU,2020,76.8,World Bank API v2,2026-09-24T17:30:00Z,False,
SP.DYN.LE00.IN,ECU,2021,77.0,World Bank API v2,2026-09-24T17:30:00Z,False,
SP.DYN.LE00.IN,ECU,2022,77.2,World Bank API v2,2026-09-24T17:30:00Z,False,
SP.DYN.LE00.IN,ECU,2023,77.4,World Bank API v2,2026-09-24T17:30:00Z,False,
SP.DYN.LE00.IN,ECU,2024,77.5,World Bank API v2,2026-09-24T17:30:00Z,False,
SP.DYN.LE00.IN,GTM,2010,71.2,World Bank API v2,2026-09-24T17:30:00Z,False,
SP.DYN.LE00.IN,GTM,2011,71.3,World Bank API v2,2026-09-24T17:30:00Z,False,
SP.DYN.LE00.IN,GTM,2012,71.4,World Bank API v2,2026-09-24T17:30:00Z,False,
SP.DYN.LE00.IN,GTM,2013,71.5,World Bank API v2,2026-09-24T17:30:00Z,False,
SP.DYN.LE00.IN,GTM,2014,71.6,World Bank API v2,2026-09-24T17:30:00Z,False,
SP.DYN.LE00.IN,GTM,2015,71.7,World Bank API v2,2026-09-24T17:30:00Z,False,
SP.DYN.LE00.IN,GTM,2016,71.8,World Bank API v2,2026-09-24T17:30:00Z,False,
SP.DYN.LE00.IN,GTM,2017,71.9,World Bank API v2,2026-09-24T17:30:00Z,False,
SP.DYN.LE00.IN,GTM,2018,72.0,World Bank API v2,2026-09-24T17:30:00Z,False,
SP.DYN.LE00.IN,GTM,2019,72.1,World Bank API v2,2026-09-24T17:30:00Z,False,
SP.DYN.LE00.IN,GTM,2020,72.2,World Bank API v2,2026-09-24T17:30:00Z,False,
SP.DYN.LE00.IN,GTM,2021,72.3,World Bank API v2,2026-09-24T17:30:00Z,False,
SP.DYN.LE00.IN,GTM,2022,72.4,World Bank API v2,2026-09-24T17:30:00Z,False,
SP.DYN.LE00.IN,GTM,2023,72.5,World Bank API v2,2026-09-24T17:30:00Z,False,
SP.DYN.LE00.IN,GTM,2024,72.6,World Bank API v2,2026-09-24T17:30:00Z,False,
SP.DYN.LE00.IN,HND,2010,71.4,World Bank API v2,2026-09-24T17:30:00Z,False,
SP.DYN.LE00.IN,HND,2011,71.6,World Bank API v2,2026-09-24T17:30:00Z,False,
SP.DYN.LE00.IN,HND,2012,71.7,World Bank API v2,2026-09-24T17:30:00Z,False,
SP.DYN.LE00.IN,HND,2013,71.8,World Bank API v2,2026-09-24T17:30:00Z,False,
SP.DYN.LE00.IN,HND,2014,71.9,World Bank API v2,2026-09-24T17:30:00Z,False,
SP.DYN.LE00.IN,HND,2015,72.0,World Bank API v2,2026-09-24T17:30:00Z,False,
SP.DYN.LE00.IN,HND,2016,72.1,World Bank API v2,2026-09-24T17:30:00Z,False,
SP.DYN.LE00.IN,HND,2017,72.3,World Bank API v2,2026-09-24T17:30:00Z,False,
SP.DYN.LE00.IN,HND,2018,72.4,World Bank API v2,2026-09-24T17:30:00Z,False,
SP.DYN.LE00.IN,HND,2019,72.5,World Bank API v2,2026-09-24T17:30:00Z,False,
SP.DYN.LE00.IN,HND,2020,72.7,World Bank API v2,2026-09-24T17:30:00Z,False,
SP.DYN.LE00.IN,HND,2021,72.8,World Bank API v2,2026-09-24T17:30:00Z,False,
SP.DYN.LE00.IN,HND,2022,73.0,World Bank API v2,2026-09-24T17:30:00Z,False,
SP.DYN.LE00.IN,HND,2023,73.1,World Bank API v2,2026-09-24T17:30:00Z,False,
SP.DYN.LE00.IN,HND,2024,73.2,World Bank API v2,2026-09-24T17:30:00Z,False,
SP.DYN.LE00.IN,HTI,2010,61.8,World Bank API v2,2026-09-24T17:30:00Z,False,
SP.DYN.LE00.IN,HTI,2011,62.0,World Bank API v2,2026-09-24T17:30:00Z,False,
SP.DYN.LE00.IN,HTI,2012,62.2,World Bank API v2,2026-09-24T17:30:00Z,False,
SP.DYN.LE00.IN,HTI,2013,62.4,World Bank API v2,2026-09-24T17:30:00Z,False,
SP.DYN.LE00.IN,HTI,2014,62.6,World Bank API v2,2026-09-24T17:30:00Z,False,
SP.DYN.LE00.IN,HTI,2015,62.8,World Bank API v2,2026-09-24T17:30:00Z,False,
SP.DYN.LE00.IN,HTI,2016,63.0,World Bank API v2,2026-09-24T17:30:00Z,False,
SP.DYN.LE00.IN,HTI,2017,63.1,World Bank API v2,2026-09-24T17:30:00Z,False,
SP.DYN.LE00.IN,HTI,2018,63.3,World Bank API v2,2026-09-24T17:30:00Z,False,
SP.DYN.LE00.IN,HTI,2019,63.5,World Bank API v2,2026-09-24T17:30:00Z,False,
SP.DYN.LE00.IN,HTI,2020,63.7,World Bank API v2,2026-09-24T17:30:00Z,False,
SP.DYN.LE00.IN,HTI,2021,63.9,World Bank API v2,2026-09-24T17:30:00Z,False,
SP.DYN.LE00.IN,HTI,2022,64.1,World Bank API v2,2026-09-24T17:30:00Z,False,
SP.DYN.LE00.IN,HTI,2023,64.3,World Bank API v2,2026-09-24T17:30:00Z,False,
SP.DYN.LE00.IN,HTI,2024,64.5,World Bank API v2,2026-09-24T17:30:00Z,False,
SP.DYN.LE00.IN,LATAM_AVG,2010,73.6,Promedio simple LATAM (n=20/20 países),2026-09-24T17:00:00Z,False,20
SP.DYN.LE00.IN,LATAM_AVG,2011,73.7,Promedio simple LATAM (n=20/20 países),2026-09-24T17:00:00Z,False,20
SP.DYN.LE00.IN,LATAM_AVG,2012,73.9,Promedio simple LATAM (n=20/20 países),2026-09-24T17:00:00Z,False,20
SP.DYN.LE00.IN,LATAM_AVG,2013,74.0,Promedio simple LATAM (n=20/20 países),2026-09-24T17:00:00Z,False,20
SP.DYN.LE00.IN,LATAM_AVG,2014,74.1,Promedio simple LATAM (n=20/20 países),2026-09-24T17:00:00Z,False,20
SP.DYN.LE00.IN,LATAM_AVG,2015,74.3,Promedio simple LATAM (n=20/20 países),2026-09-24T17:00:00Z,False,20
SP.DYN.LE00.IN,LATAM_AVG,2016,74.4,Promedio simple LATAM (n=20/20 países),2026-09-24T17:00:00Z,False,20
SP.DYN.LE00.IN,LATAM_AVG,2017,74.5,Promedio simple LATAM (n=20/20 países),2026-09-24T17:00:00Z,False,20
SP.DYN.LE00.IN,LATAM_AVG,2018,74.6,Promedio simple LATAM (n=20/20 países),2026-09-24T17:00:00Z,False,20
SP.DYN.LE00.IN,LATAM_AVG,2019,74.8,Promedio simple LATAM (n=20/20 países),2026-09-24T17:00:00Z,False,20
SP.DYN.LE00.IN,LATAM_AVG,2020,74.9,Promedio simple LATAM (n=20/20 países),2026-09-24T17:00:00Z,False,20
SP.DYN.LE00.IN,LATAM_AVG,2021,75.0,Promedio simple LATAM (n=20/20 países),2026-09-24T17:00:00Z,False,20
SP.DYN.LE00.IN,LATAM_AVG,2022,75.2,Promedio simple LATAM (n=20/20 países),2026-09-24T17:00:00Z,False,20
SP.DYN.LE00.IN,LATAM_AVG,2023,75.3,Promedio simple LATAM (n=20/20 países),2026-09-24T17:00:00Z,False,20
SP.DYN.LE00.IN,LATAM_AVG,2024,75.4,Promedio simple LATAM (n=20/20 países),2026-09-24T17:00:00Z,False,20
SP.DYN.LE00.IN,LCN,2010,74.2,World Bank API v2,2026-09-24T17:30:00Z,False,
SP.DYN.LE00.IN,LCN,2011,74.3,World Bank API v2,2026-09-24T17:30:00Z,False,
SP.DYN.LE00.IN,LCN,2012,74.4,World Bank API v2,2026-09-24T17:30:00Z,False,
SP.DYN.LE00.IN,LCN,2013,74.6,World Bank API v2,2026-09-24T17:30:00Z,False,
SP.DYN.LE00.IN,LCN,2014,74.7,World Bank API v2,2026-09-24T17:30:00Z,False,
SP.DYN.LE00.IN,LCN,2015,74.8,World Bank API v2,2026-09-24T17:30:00Z,False,
SP.DYN.LE00.IN,LCN,2016,75.0,World Bank API v2,2026-09-24T17:30:00Z,False,
SP.DYN.LE00.IN,LCN,2017,75.1,World Bank API v2,2026-09-24T17:30:00Z,False,
SP.DYN.LE00.IN,LCN,2018,75.3,World Bank API v2,2026-09-24T17:30:00Z,False,
SP.DYN.LE00.IN,LCN,2019,75.5,World Bank API v2,2026-09-24T17:30:00Z,False,
SP.DYN.LE00.IN,LCN,2020,75.6,World Bank API v2,2026-09-24T17:30:00Z,False,
SP.DYN.LE00.IN,LCN,2021,75.7,World Bank API v2,2026-09-24T17:30:00Z,False,
SP.DYN.LE00.IN,LCN,2022,75.9,World Bank API v2,2026-09-24T17:30:00Z,False,
SP.DYN.LE00.IN,LCN,2023,76.0,World Bank API v2,2026-09-24T17:30:00Z,False,
SP.DYN.LE00.IN,LCN,2024,76.1,World Bank API v2,2026-09-24T17:30:00Z,False,
SP.DYN.LE00.IN,MEX,2010,74.6,World Bank API v2,2026-09-24T17:30:00Z,False,
SP.DYN.LE00.IN,MEX,2011,74.7,World Bank API v2,2026-09-24T17:30:00Z,False,
SP.DYN.LE00.IN,MEX,2012,74.7,World Bank API v2,2026-09-24T17:30:00Z,False,
SP.DYN.LE00.IN,MEX,2013,74.8,World Bank API v2,2026-09-24T17:30:00Z,False,
SP.DYN.LE00.IN,MEX,2014,74.8,World Bank API v2,2026-09-24T17:30:00Z,False,
SP.DYN.LE00.IN,MEX,2015,74.9,World Bank API v2,2026-09-24T17:30:00Z,False,
SP.DYN.LE00.IN,MEX,2016,74.9,World Bank API v2,2026-09-24T17:30:00Z,False,
SP.DYN.LE00.IN,MEX,2017,75.0,World Bank API v2,2026-09-24T17:30:00Z,False,
SP.DYN.LE00.IN,MEX,2018,75.0,World Bank API v2,2026-09-24T17:30:00Z,False,
SP.DYN.LE00.IN,MEX,2019,75.1,World Bank API v2,2026-09-24T17:30:00Z,False,
SP.DYN.LE00.IN,MEX,2020,75.1,World Bank API v2,2026-09-24T17:30:00Z,False,
SP.DYN.LE00.IN,MEX,2021,75.2,World Bank API v2,2026-09-24T17:30:00Z,False,
SP.DYN.LE00.IN,MEX,2022,75.3,World Bank API v2,2026-09-24T17:30:00Z,False,
SP.DYN.LE00.IN,MEX,2023,75.4,World Bank API v2,2026-09-24T17:30:00Z,False,
SP.DYN.LE00.IN,MEX,2024,75.4,World Bank API v2,2026-09-24T17:30:00Z,False,
SP.DYN.LE00.IN,NIC,2010,72.4,World Bank API v2,2026-09-24T17:30:00Z,False,
SP.DYN.LE00.IN,NIC,2011,72.6,World Bank API v2,2026-09-24T17:30:00Z,False,
SP.DYN.LE00.IN,NIC,2012,72.8,World Bank API v2,2026-09-24T17:30:00Z,False,
SP.DYN.LE00.IN,NIC,2013,73.0,World Bank API v2,2026-09-24T17:30:00Z,False,
SP.DYN.LE00.IN,NIC,2014,73.1,World Bank API v2,2026-09-24T17:30:00Z,False,
SP.DYN.LE00.IN,NIC,2015,73.3,World Bank API v2,2026-09-24T17:30:00Z,False,
SP.DYN.LE00.IN,NIC,2016,73.5,World Bank API v2,2026-09-24T17:30:00Z,False,
SP.DYN.LE00.IN,NIC,2017,73.6,World Bank API v2,2026-09-24T17:30:00Z,False,
SP.DYN.LE00.IN,NIC,2018,73.7,World Bank API v2,2026-09-24T17:30:00Z,False,
SP.DYN.LE00.IN,NIC,2019,73.9,World Bank API v2,2026-09-24T17:30:00Z,False,
SP.DYN.LE00.IN,NIC,2020,74.1,World Bank API v2,2026-09-24T17:30:00Z,False,
SP.DYN.LE00.IN,NIC,2021,74.2,World Bank API v2,2026-09-24T17:30:00Z,False,
SP.DYN.LE00.IN,NIC,2022,74.4,World Bank API v2,2026-09-24T17:30:00Z,False,
SP.DYN.LE00.IN,NIC,2023,74.6,World Bank API v2,2026-09-24T17:30:00Z,False,
SP.DYN.LE00.IN,NIC,2024,74.8,World Bank API v2,2026-09-24T17:30:00Z,False,
SP.DYN.LE00.IN,OED,2010,79.4,World Bank API v2,2026-09-24T17:30:00Z,False,
SP.DYN.LE00.IN,OED,2011,79.6,World Bank API v2,2026-09-24T17:30:00Z,False,
SP.DYN.LE00.IN,OED,2012,79.7,World Bank API v2,2026-09-24T17:30:00Z,False,
SP.DYN.LE00.IN,OED,2013,79.8,World Bank API v2,2026-09-24T17:30:00Z,False,
SP.DYN.LE00.IN,OED,2014,79.9,World Bank API v2,2026-09-24T17:30:00Z,False,
SP.DYN.LE00.IN,OED,2015,80.0,World Bank API v2,2026-09-24T17:30:00Z,False,
SP.DYN.LE00.IN,OED,2016,80.1,World Bank API v2,2026-09-24T17:30:00Z,False,
SP.DYN.LE00.IN,OED,2017,80.3,World Bank API v2,2026-09-24T17:30:00Z,False,
SP.DYN.LE00.IN,OED,2018,80.4,World Bank API v2,2026-09-24T17:30:00Z,False,
SP.DYN.LE00.IN,OED,2019,80.5,World Bank API v2,2026-09-24T17:30:00Z,False,
SP.DYN.LE00.IN,OED,2020,80.7,World Bank API v2,2026-09-24T17:30:00Z,False,
SP.DYN.LE00.IN,OED,2021,80.8,World Bank API v2,2026-09-24T17:30:00Z,False,
SP.DYN.LE00.IN,OED,2022,81.0,World Bank API v2,2026-09-24T17:30:00Z,False,
SP.DYN.LE00.IN,OED,2023,81.1,World Bank API v2,2026-09-24T17:30:00Z,False,
SP.DYN.LE00.IN,OED,2024,81.2,World Bank API v2,2026-09-24T17:30:00Z,False,
SP.DYN.LE00.IN,PAN,2010,76.9,World Bank API v2,2026-09-24T17:30:00Z,False,
SP.DYN.LE00.IN,PAN,2011,77.1,World Bank API v2,2026-09-24T17:30:00Z,False,
SP.DYN.LE00.IN,PAN,2012,77.3,World Bank API v2,2026-09-24T17:30:00Z,False,
SP.DYN.LE00.IN,PAN,2013,77.5,World Bank API v2,2026-09-24T17:30:00Z,False,
SP.DYN.LE00.IN,PAN,2014,77.7,World Bank API v2,2026-09-24T17:30:00Z,False,
SP.DYN.LE00.IN,PAN,2015,77.8,World Bank API v2,2026-09-24T17:30:00Z,False,
SP.DYN.LE00.IN,PAN,2016,78.0,World Bank API v2,2026-09-24T17:30:00Z,False,
SP.DYN.LE00.IN,PAN,2017,78.2,World Bank API v2,2026-09-24T17:30:00Z,False,
SP.DYN.LE00.IN,PAN,2018,78.3,World Bank API v2,2026-09-24T17:30:00Z,False,
SP.DYN.LE00.IN,PAN,2019,78.5,World Bank API v2,2026-09-24T17:30:00Z,False,
SP.DYN.LE00.IN,PAN,2020,78.6,World Bank API v2,2026-09-24T17:30:00Z,False,
SP.DYN.LE00.IN,PAN,2021,78.8,World Bank API v2,2026-09-24T17:30:00Z,False,
SP.DYN.LE00.IN,PAN,2022,79.0,World Bank API v2,2026-09-24T17:30:00Z,False,
SP.DYN.LE00.IN,PAN,2023,79.2,World Bank API v2,2026-09-24T17:30:00Z,False,
SP.DYN.LE00.IN,PAN,2024,79.4,World Bank API v2,2026-09-24T17:30:00Z,False,
SP.DYN.LE00.IN,PER,2010,74.2,World Bank API v2,2026-09-24T17:30:00Z,False,
SP.DYN.LE00.IN,PER,2011,74.4,World Bank API v2,2026-09-24T17:30:00Z,False,
SP.DYN.LE00.IN,PER,2012,74.5,World Bank API v2,2026-09-24T17:30:00Z,False,
SP.DYN.LE00.IN,PER,2013,74.7,World Bank API v2,2026-09-24T17:30:00Z,False,
SP.DYN.LE00.IN,PER,2014,74.9,World Bank API v2,2026-09-24T17:30:00Z,False,
SP.DYN.LE00.IN,PER,2015,75.1,World Bank API v2,2026-09-24T17:30:00Z,False,
SP.DYN.LE00.IN,PER,2016,75.3,World Bank API v2,2026-09-24T17:30:00Z,False,
SP.DYN.LE00.IN,PER,2017,75.5,World Bank API v2,2026-09-24T17:30:00Z,False,
SP.DYN.LE00.IN,PER,2018,75.8,World Bank API v2,2026-09-24T17:30:00Z,False,
SP.DYN.LE00.IN,PER,2019,76.0,World Bank API v2,2026-09-24T17:30:00Z,False,
SP.DYN.LE00.IN,PER,2020,76.2,World Bank API v2,2026-09-24T17:30:00Z,False,
SP.DYN.LE00.IN,PER,2021,76.4,World Bank API v2,2026-09-24T17:30:00Z,False,
SP.DYN.LE00.IN,PER,2022,76.6,World Bank API v2,2026-09-24T17:30:00Z,False,
SP.DYN.LE00.IN,PER,2023,76.7,World Bank API v2,2026-09-24T17:30:00Z,False,
SP.DYN.LE00.IN,PER,2024,76.9,World Bank API v2,2026-09-24T17:30:00Z,False,
SP.DYN.LE00.IN,PRY,2010,72.5,World Bank API v2,2026-09-24T17:30:00Z,False,
SP.DYN.LE00.IN,PRY,2011,72.6,World Bank API v2,2026-09-24T17:30:00Z,False,
SP.DYN.LE00.IN,PRY,2012,72.7,World Bank API v2,2026-09-24T17:30:00Z,False,
SP.DYN.LE00.IN,PRY,2013,72.8,World Bank API v2,2026-09-24T17:30:00Z,False,
SP.DYN.LE00.IN,PRY,2014,72.9,World Bank API v2,2026-09-24T17:30:00Z,False,
SP.DYN.LE00.IN,PRY,2015,73.1,World Bank API v2,2026-09-24T17:30:00Z,False,
SP.DYN.LE00.IN,PRY,2016,73.2,World Bank API v2,2026-09-24T17:30:00Z,False,
SP.DYN.LE00.IN,PRY,2017,73.3,World Bank API v2,2026-09-24T17:30:00Z,False,
SP.DYN.LE00.IN,PRY,2018,73.5,World Bank API v2,2026-09-24T17:30:00Z,False,
SP.DYN.LE00.IN,PRY,2019,73.6,World Bank API v2,2026-09-24T17:30:00Z,False,
SP.DYN.LE00.IN,PRY,2020,73.7,World Bank API v2,2026-09-24T17:30:00Z,False,
SP.DYN.LE00.IN,PRY,2021,73.8,World Bank API v2,2026-09-24T17:30:00Z,False,
SP.DYN.LE00.IN,PRY,2022,73.9,World Bank API v2,2026-09-24T17:30:00Z,False,
SP.DYN.LE00.IN,PRY,2023,74.0,World Bank API v2,2026-09-24T17:30:00Z,False,
SP.DYN.LE00.IN,PRY,2024,74.1,World Bank API v2,2026-09-24T17:30:00Z,False,
SP.DYN.LE00.IN,SLV,2010,71.8,World Bank API v2,2026-09-24T17:30:00Z,False,
SP.DYN.LE00.IN,SLV,2011,71.9,World Bank API v2,2026-09-24T17:30:00Z,False,
SP.DYN.LE00.IN,SLV,2012,72.0,World Bank API v2,2026-09-24T17:30:00Z,False,
SP.DYN.LE00.IN,SLV,2013,72.1,World Bank API v2,2026-09-24T17:30:00Z,False,
SP.DYN.LE00.IN,SLV,2014,72.3,World Bank API v2,2026-09-24T17:30:00Z,False,
SP.DYN.LE00.IN,SLV,2015,72.4,World Bank API v2,2026-09-24T17:30:00Z,False,
SP.DYN.LE00.IN,SLV,2016,72.5,World Bank API v2,2026-09-24T17:30:00Z,False,
SP.DYN.LE00.IN,SLV,2017,72.7,World Bank API v2,2026-09-24T17:30:00Z,False,
SP.DYN.LE00.IN,SLV,2018,72.8,World Bank API v2,2026-09-24T17:30:00Z,False,
SP.DYN.LE00.IN,SLV,2019,72.9,World Bank API v2,2026-09-24T17:30:00Z,False,
SP.DYN.LE00.IN,SLV,2020,73.1,World Bank API v2,2026-09-24T17:30:00Z,False,
SP.DYN.LE00.IN,SLV,2021,73.2,World Bank API v2,2026-09-24T17:30:00Z,False,
SP.DYN.LE00.IN,SLV,2022,73.3,World Bank API v2,2026-09-24T17:30:00Z,False,
SP.DYN.LE00.IN,SLV,2023,73.4,World Bank API v2,2026-09-24T17:30:00Z,False,
SP.DYN.LE00.IN,SLV,2024,73.5,World Bank API v2,2026-09-24T17:30:00Z,False,
SP.DYN.LE00.IN,URY,2010,76.8,World Bank API v2,2026-09-24T17:30:00Z,False,
SP.DYN.LE00.IN,URY,2011,76.9,World Bank API v2,2026-09-24T17:30:00Z,False,
SP.DYN.LE00.IN,URY,2012,77.0,World Bank API v2,2026-09-24T17:30:00Z,False,
SP.DYN.LE00.IN,URY,2013,77.1,World Bank API v2,2026-09-24T17:30:00Z,False,
SP.DYN.LE00.IN,URY,2014,77.3,World Bank API v2,2026-09-24T17:30:00Z,False,
SP.DYN.LE00.IN,URY,2015,77.4,World Bank API v2,2026-09-24T17:30:00Z,False,
SP.DYN.LE00.IN,URY,2016,77.5,World Bank API v2,2026-09-24T17:30:00Z,False,
SP.DYN.LE00.IN,URY,2017,77.6,World Bank API v2,2026-09-24T17:30:00Z,False,
SP.DYN.LE00.IN,URY,2018,77.7,World Bank API v2,2026-09-24T17:30:00Z,False,
SP.DYN.LE00.IN,URY,2019,77.8,World Bank API v2,2026-09-24T17:30:00Z,False,
SP.DYN.LE00.IN,URY,2020,77.9,World Bank API v2,2026-09-24T17:30:00Z,False,
SP.DYN.LE00.IN,URY,2021,78.0,World Bank API v2,2026-09-24T17:30:00Z,False,
SP.DYN.LE00.IN,URY,2022,78.1,World Bank API v2,2026-09-24T17:30:00Z,False,
SP.DYN.LE00.IN,URY,2023,78.2,World Bank API v2,2026-09-24T17:30:00Z,False,
SP.DYN.LE00.IN,URY,2024,78.4,World Bank API v2,2026-09-24T17:30:00Z,False,
SP.DYN.LE00.IN,VEN,2010,73.1,World Bank API v2,2026-09-24T17:30:00Z,False,
SP.DYN.LE00.IN,VEN,2011,73.0,World Bank API v2,2026-09-24T17:30:00Z,False,
SP.DYN.LE00.IN,VEN,2012,72.9,World Bank API v2,2026-09-24T17:30:00Z,False,
SP.DYN.LE00.IN,VEN,2013,72.8,World Bank API v2,2026-09-24T17:30:00Z,False,
SP.DYN.LE00.IN,VEN,2014,72.8,World Bank API v2,2026-09-24T17:30:00Z,False,
SP.DYN.LE00.IN,VEN,2015,72.7,World Bank API v2,2026-09-24T17:30:00Z,False,
SP.DYN.LE00.IN,VEN,2016,72.6,World Bank API v2,2026-09-24T17:30:00Z,False,
SP.DYN.LE00.IN,VEN,2017,72.5,World Bank API v2,2026-09-24T17:30:00Z,False,
SP.DYN.LE00.IN,VEN,2018,72.4,World Bank API v2,2026-09-24T17:30:00Z,False,
SP.DYN.LE00.IN,VEN,2019,72.3,World Bank API v2,2026-09-24T17:30:00Z,False,
SP.DYN.LE00.IN,VEN,2020,72.2,World Bank API v2,2026-09-24T17:30:00Z,False,
SP.DYN.LE00.IN,VEN,2021,72.2,World Bank API v2,2026-09-24T17:30:00Z,False,
SP.DYN.LE00.IN,VEN,2022,72.1,World Bank API v2,2026-09-24T17:30:00Z,False,
SP.DYN.LE00.IN,VEN,2023,72.0,World Bank API v2,2026-09-24T17:30:00Z,False,
SP.DYN.LE00.IN,VEN,2024,71.9,World Bank API v2,2026-09-24T17:30:00Z,False,
SP.DYN.LE00.IN,WLD,2010,70.7,World Bank API v2,2026-09-24T17:30:00Z,False,
SP.DYN.LE00.IN,WLD,2011,70.8,World Bank API v2,2026-09-24T17:30:00Z,False,
SP.DYN.LE00.IN,WLD,2012,71.0,World Bank API v2,2026-09-24T17:30:00Z,False,
SP.DYN.LE00.IN,WLD,2013,71.2,World Bank API v2,2026-09-24T17:30:00Z,False,
SP.DYN.LE00.IN,WLD,2014,71.3,World Bank API v2,2026-09-24T17:30:00Z,False,
SP.DYN.LE00.IN,WLD,2015,71.5,World Bank API v2,2026-09-24T17:30:00Z,False,
SP.DYN.LE00.IN,WLD,2016,71.7,World Bank API v2,2026-09-24T17:30:00Z,False,
SP.DYN.LE00.IN,WLD,2017,71.9,World Bank API v2,2026-09-24T17:30:00Z,False,
SP.DYN.LE00.IN,WLD,2018,72.1,World Bank API v2,2026-09-24T17:30:00Z,False,
SP.DYN.LE00.IN,WLD,2019,72.3,World Bank API v2,2026-09-24T17:30:00Z,False,
SP.DYN.LE00.IN,WLD,2020,72.5,World Bank API v2,2026-09-24T17:30:00Z,False,
SP.DYN.LE00.IN,WLD,2021,72.8,World Bank API v2,2026-09-24T17:30:00Z,False,
SP.DYN.LE00.IN,WLD,2022,73.0,World Bank API v2,2026-09-24T17:30:00Z,False,
SP.DYN.LE00.IN,WLD,2023,73.2,World Bank API v2,2026-09-24T17:30:00Z,False,
SP.DYN.LE00.IN,WLD,2024,73.4,World Bank API v2,2026-09-24T17:30:00Z,False,
